"GeoFIPS","GeoName","Region","ComponentId","ComponentName","IndustryId","IndustryClassification","Description","2001","2002","2003","2004","2005","2006","2007","2008","2009","2010","2011","2012","2013","2014"
"15940","Canton-Massillon, OH (Metropolitan Statistical Area)"," ","200","Gross domestic product (GDP) by metropolitan area","1","...","All industry total",11505,11776,12002,12566,13183,13180,13335,13560,12817,13308,14197,14959,16354,17126
"15940","Canton-Massillon, OH (Metropolitan Statistical Area)"," ","200","Gross domestic product (GDP) by metropolitan area","2","..."," Private industries",10406,10630,10813,11306,11903,11875,11982,12158,11399,11808,12703,13452,14859,15618
"15940","Canton-Massillon, OH (Metropolitan Statistical Area)"," ","200","Gross domestic product (GDP) by metropolitan area","3","11","  Agriculture, forestry, fishing, and hunting","(D)","(D)","(D)",59,65,"(D)","(D)","(D)","(D)",64,"(D)",55,"(D)",63
"15940","Canton-Massillon, OH (Metropolitan Statistical Area)"," ","200","Gross domestic product (GDP) by metropolitan area","4","111-112","   Farms",48,66,57,54,59,58,66,69,61,59,65,48,70,"(NA)"
"15940","Canton-Massillon, OH (Metropolitan Statistical Area)"," ","200","Gross domestic product (GDP) by metropolitan area","5","113-115","   Forestry, fishing, and related activities","(D)","(D)","(D)",6,6,"(D)","(D)","(D)","(D)",6,"(D)",7,"(D)","(NA)"
"15940","Canton-Massillon, OH (Metropolitan Statistical Area)"," ","200","Gross domestic product (GDP) by metropolitan area","6","21","  Mining","(D)","(D)","(D)",105,140,"(D)","(D)","(D)","(D)",268,"(D)",280,399,697
"15940","Canton-Massillon, OH (Metropolitan Statistical Area)"," ","200","Gross domestic product (GDP) by metropolitan area","7","211","   Oil and gas extraction","(D)","(D)","(D)","(D)","(D)","(D)","(D)",205,116,134,124,"(D)",196,"(NA)"
"15940","Canton-Massillon, OH (Metropolitan Statistical Area)"," ","200","Gross domestic product (GDP) by metropolitan area","8","212","   Mining, except oil and gas","(D)","(D)","(D)","(D)",25,"(D)","(D)","(D)","(D)","(D)","(D)",126,123,"(NA)"
"15940","Canton-Massillon, OH (Metropolitan Statistical Area)"," ","200","Gross domestic product (GDP) by metropolitan area","9","213","   Support activities for mining","(D)","(D)","(D)","(D)","(D)","(D)",49,56,"(D)","(D)","(D)","(D)",80,"(NA)"
"15940","Canton-Massillon, OH (Metropolitan Statistical Area)"," ","200","Gross domestic product (GDP) by metropolitan area","10","22","  Utilities","(D)","(D)","(D)","(D)","(D)","(D)","(D)",199,211,231,260,408,481,435
"15940","Canton-Massillon, OH (Metropolitan Statistical Area)"," ","200","Gross domestic product (GDP) by metropolitan area","11","23","  Construction",696,582,601,657,653,617,613,549,489,474,530,610,706,713
"15940","Canton-Massillon, OH (Metropolitan Statistical Area)"," ","200","Gross domestic product (GDP) by metropolitan area","12","31-33","  Manufacturing",3160,3018,2956,2874,3087,3106,3166,3225,2608,2830,3300,3454,4084,4233
"15940","Canton-Massillon, OH (Metropolitan Statistical Area)"," ","200","Gross domestic product (GDP) by metropolitan area","13","...","   Durable goods manufacturing",2286,2154,2134,2062,2280,2277,2338,2411,1554,1783,2120,2194,2138,2257
"15940","Canton-Massillon, OH (Metropolitan Statistical Area)"," ","200","Gross domestic product (GDP) by metropolitan area","14","321","    Wood products manufacturing","(D)","(D)","(D)","(D)","(D)","(D)","(D)","(D)","(D)","(D)","(D)","(D)","(D)","(NA)"
"15940","Canton-Massillon, OH (Metropolitan Statistical Area)"," ","200","Gross domestic product (GDP) by metropolitan area","15","327","    Nonmetallic mineral products manufacturing","(D)",122,133,99,96,86,86,56,41,44,51,47,48,"(NA)"
"15940","Canton-Massillon, OH (Metropolitan Statistical Area)"," ","200","Gross domestic product (GDP) by metropolitan area","16","331","    Primary metals manufacturing","(D)","(D)","(D)","(D)","(D)",389,422,"(D)","(D)","(D)","(D)","(D)","(D)","(NA)"
"15940","Canton-Massillon, OH (Metropolitan Statistical Area)"," ","200","Gross domestic product (GDP) by metropolitan area","17","332","    Fabricated metal products",914,904,976,963,1099,1142,1178,1292,950,1020,1189,1159,1063,"(NA)"
"15940","Canton-Massillon, OH (Metropolitan Statistical Area)"," ","200","Gross domestic product (GDP) by metropolitan area","18","333","    Machinery manufacturing",145,140,129,132,141,148,165,171,"(D)",147,"(D)",162,186,"(NA)"
"15940","Canton-Massillon, OH (Metropolitan Statistical Area)"," ","200","Gross domestic product (GDP) by metropolitan area","19","334","    Computer and electronic products manufacturing",167,70,24,27,24,21,26,14,8,"(D)","(D)",14,15,"(NA)"
"15940","Canton-Massillon, OH (Metropolitan Statistical Area)"," ","200","Gross domestic product (GDP) by metropolitan area","20","335","    Electrical equipment, appliance, and components manufacturing",346,323,399,275,235,201,179,178,90,85,75,87,88,"(NA)"
"15940","Canton-Massillon, OH (Metropolitan Statistical Area)"," ","200","Gross domestic product (GDP) by metropolitan area","21","3361-3363","    Motor vehicles, bodies and trailers, and parts manufacturing","(D)","(D)","(D)","(D)","(D)","(D)","(D)","(D)","(D)","(D)","(D)","(D)",226,"(NA)"
"15940","Canton-Massillon, OH (Metropolitan Statistical Area)"," ","200","Gross domestic product (GDP) by metropolitan area","22","3364-3366, 3369","    Other transportation equipment manufacturing",2,1,2,"(D)",2,2,2,2,3,"(D)","(D)","(D)","(D)","(NA)"
"15940","Canton-Massillon, OH (Metropolitan Statistical Area)"," ","200","Gross domestic product (GDP) by metropolitan area","23","337","    Furniture and related products manufacturing","(D)","(D)","(D)","(D)","(D)","(D)","(D)","(D)","(D)","(D)",25,27,27,"(NA)"
"15940","Canton-Massillon, OH (Metropolitan Statistical Area)"," ","200","Gross domestic product (GDP) by metropolitan area","24","339","    Miscellaneous manufacturing","(D)","(D)",28,"(D)","(D)","(D)","(D)","(D)","(D)",35,34,34,33,"(NA)"
"15940","Canton-Massillon, OH (Metropolitan Statistical Area)"," ","200","Gross domestic product (GDP) by metropolitan area","25","...","   Nondurable goods manufacturing",874,864,822,813,807,829,827,814,1054,1047,1179,1260,1945,1976
"15940","Canton-Massillon, OH (Metropolitan Statistical Area)"," ","200","Gross domestic product (GDP) by metropolitan area","26","311-312","    Food and beverage and tobacco products manufacturing","(D)","(D)","(D)","(D)","(D)","(D)","(D)","(D)","(D)","(D)","(D)","(D)",695,"(NA)"
"15940","Canton-Massillon, OH (Metropolitan Statistical Area)"," ","200","Gross domestic product (GDP) by metropolitan area","27","313-314","    Textile mills and textile product mills",26,24,19,"(D)","(D)","(D)",27,25,26,32,30,28,31,"(NA)"
"15940","Canton-Massillon, OH (Metropolitan Statistical Area)"," ","200","Gross domestic product (GDP) by metropolitan area","28","315-316","    Apparel and leather and allied products manufacturing","(D)","(D)","(D)","(D)","(D)","(L)","(L)","(D)","(D)","(D)","(D)","(D)","(L)","(NA)"
"15940","Canton-Massillon, OH (Metropolitan Statistical Area)"," ","200","Gross domestic product (GDP) by metropolitan area","29","322","    Paper products manufacturing","(D)","(D)","(D)","(D)","(D)","(D)","(D)","(D)","(D)","(D)","(D)","(D)","(D)","(NA)"
"15940","Canton-Massillon, OH (Metropolitan Statistical Area)"," ","200","Gross domestic product (GDP) by metropolitan area","30","323","    Printing and related support activities","(D)","(D)","(D)","(D)","(D)","(D)","(D)","(D)","(D)","(D)","(D)","(D)","(D)","(NA)"
"15940","Canton-Massillon, OH (Metropolitan Statistical Area)"," ","200","Gross domestic product (GDP) by metropolitan area","31","324","    Petroleum and coal products manufacturing","(D)","(D)","(D)","(D)","(D)","(D)","(D)","(D)","(D)","(D)","(D)","(D)","(D)","(NA)"
"15940","Canton-Massillon, OH (Metropolitan Statistical Area)"," ","200","Gross domestic product (GDP) by metropolitan area","32","325","    Chemical products manufacturing","(D)","(D)","(D)","(D)","(D)","(D)","(D)","(D)","(D)","(D)","(D)","(D)",125,"(NA)"
"15940","Canton-Massillon, OH (Metropolitan Statistical Area)"," ","200","Gross domestic product (GDP) by metropolitan area","33","326","    Plastics and rubber products manufacturing",150,152,142,113,134,122,122,99,104,100,120,141,142,"(NA)"
"15940","Canton-Massillon, OH (Metropolitan Statistical Area)"," ","200","Gross domestic product (GDP) by metropolitan area","34","42","  Wholesale trade",712,762,"(D)","(D)","(D)","(D)","(D)",777,721,721,800,902,854,905
"15940","Canton-Massillon, OH (Metropolitan Statistical Area)"," ","200","Gross domestic product (GDP) by metropolitan area","35","44-45","  Retail trade",1043,1076,1166,1188,1229,1219,1179,1096,1047,1079,1101,1116,1128,1161
"15940","Canton-Massillon, OH (Metropolitan Statistical Area)"," ","200","Gross domestic product (GDP) by metropolitan area","36","48-49","  Transportation and warehousing","(D)","(D)",204,235,262,268,282,352,330,378,414,416,463,497
"15940","Canton-Massillon, OH (Metropolitan Statistical Area)"," ","200","Gross domestic product (GDP) by metropolitan area","37","481","   Air transportation","(D)","(D)","(D)","(D)","(D)","(D)","(D)","(D)","(D)","(D)","(D)","(D)","(D)","(NA)"
"15940","Canton-Massillon, OH (Metropolitan Statistical Area)"," ","200","Gross domestic product (GDP) by metropolitan area","38","482","   Rail transportation",46,41,44,48,53,61,57,67,59,62,64,74,78,"(NA)"
"15940","Canton-Massillon, OH (Metropolitan Statistical Area)"," ","200","Gross domestic product (GDP) by metropolitan area","39","483","   Water transportation",1,"(L)","(L)","(L)","(L)","(L)","(L)",1,1,2,"(L)","(L)","(L)","(NA)"
"15940","Canton-Massillon, OH (Metropolitan Statistical Area)"," ","200","Gross domestic product (GDP) by metropolitan area","40","484","   Truck transportation",58,68,75,85,96,87,98,97,93,106,116,129,138,"(NA)"
"15940","Canton-Massillon, OH (Metropolitan Statistical Area)"," ","200","Gross domestic product (GDP) by metropolitan area","41","485","   Transit and ground passenger transportation",8,4,4,3,3,"(D)","(D)","(D)","(D)",6,7,8,8,"(NA)"
"15940","Canton-Massillon, OH (Metropolitan Statistical Area)"," ","200","Gross domestic product (GDP) by metropolitan area","42","486","   Pipeline transportation","(D)","(D)","(D)","(D)","(D)","(D)","(D)","(D)","(D)","(D)","(D)","(D)","(D)","(NA)"
"15940","Canton-Massillon, OH (Metropolitan Statistical Area)"," ","200","Gross domestic product (GDP) by metropolitan area","43","487-488, 492","   Other transportation and support activities","(D)","(D)","(D)",60,69,78,75,91,"(D)","(D)","(D)","(D)","(D)","(NA)"
"15940","Canton-Massillon, OH (Metropolitan Statistical Area)"," ","200","Gross domestic product (GDP) by metropolitan area","44","493","   Warehousing and storage","(D)","(D)","(D)","(D)","(D)",27,29,27,24,12,14,17,"(D)","(NA)"
"15940","Canton-Massillon, OH (Metropolitan Statistical Area)"," ","200","Gross domestic product (GDP) by metropolitan area","45","51","  Information",184,214,238,256,263,258,288,284,289,284,271,263,"(D)",261
"15940","Canton-Massillon, OH (Metropolitan Statistical Area)"," ","200","Gross domestic product (GDP) by metropolitan area","46","511","   Publishing industries, except Internet (includes software)","(D)","(D)","(D)","(D)","(D)","(D)","(D)","(D)","(D)","(D)","(D)","(D)","(D)","(NA)"
"15940","Canton-Massillon, OH (Metropolitan Statistical Area)"," ","200","Gross domestic product (GDP) by metropolitan area","47","512","   Motion picture and sound recording industries",15,18,19,14,14,19,19,14,27,24,22,28,31,"(NA)"
"15940","Canton-Massillon, OH (Metropolitan Statistical Area)"," ","200","Gross domestic product (GDP) by metropolitan area","48","515, 517","   Broadcasting and telecommunications","(D)","(D)","(D)","(D)","(D)","(D)","(D)","(D)","(D)","(D)","(D)","(D)","(D)","(NA)"
"15940","Canton-Massillon, OH (Metropolitan Statistical Area)"," ","200","Gross domestic product (GDP) by metropolitan area","49","518, 519","   Data processing, internet publishing, and other information services","(D)","(D)","(D)","(D)","(D)","(D)",5,6,6,5,5,6,6,"(NA)"
"15940","Canton-Massillon, OH (Metropolitan Statistical Area)"," ","200","Gross domestic product (GDP) by metropolitan area","50","52, 53","  Finance, insurance, real estate, rental, and leasing",1568,"(D)",1831,2068,2166,2053,1978,1936,2053,2071,2108,2333,2513,2553
"15940","Canton-Massillon, OH (Metropolitan Statistical Area)"," ","200","Gross domestic product (GDP) by metropolitan area","51","52","   Finance and insurance",608,"(D)",816,1027,1128,1058,1024,1001,1045,997,960,1061,1141,1125
"15940","Canton-Massillon, OH (Metropolitan Statistical Area)"," ","200","Gross domestic product (GDP) by metropolitan area","52","521-522","    Federal Reserve banks, credit intermediation, and related services",301,448,476,660,736,694,634,668,685,628,569,634,704,"(NA)"
"15940","Canton-Massillon, OH (Metropolitan Statistical Area)"," ","200","Gross domestic product (GDP) by metropolitan area","53","523","    Securities, commodity contracts, and investments","(D)","(D)","(D)","(D)","(D)","(D)","(D)","(D)","(D)","(D)","(D)","(D)","(D)","(NA)"
"15940","Canton-Massillon, OH (Metropolitan Statistical Area)"," ","200","Gross domestic product (GDP) by metropolitan area","54","524","    Insurance carriers and related activities","(D)","(D)","(D)","(D)","(D)","(D)","(D)","(D)","(D)","(D)","(D)","(D)","(D)","(NA)"
"15940","Canton-Massillon, OH (Metropolitan Statistical Area)"," ","200","Gross domestic product (GDP) by metropolitan area","55","525","    Funds, trusts, and other financial vehicles",33,35,13,13,"(D)","(D)","(D)","(D)","(D)","(D)","(D)",6,"(D)","(NA)"
"15940","Canton-Massillon, OH (Metropolitan Statistical Area)"," ","200","Gross domestic product (GDP) by metropolitan area","56","53","   Real estate and rental and leasing",960,1019,1016,1041,1039,994,954,935,1009,1074,1148,1272,1372,1428
"15940","Canton-Massillon, OH (Metropolitan Statistical Area)"," ","200","Gross domestic product (GDP) by metropolitan area","57","531","    Real estate",884,930,931,950,951,895,864,832,915,969,1042,1166,1255,"(NA)"
"15940","Canton-Massillon, OH (Metropolitan Statistical Area)"," ","200","Gross domestic product (GDP) by metropolitan area","58","532-533","    Rental and leasing services and lessors of intangible assets",76,89,84,91,88,99,90,103,94,105,106,106,117,"(NA)"
"15940","Canton-Massillon, OH (Metropolitan Statistical Area)"," ","200","Gross domestic product (GDP) by metropolitan area","59","54, 55, 56","  Professional and business services",689,711,723,742,814,801,864,909,873,899,947,952,1092,1223
"15940","Canton-Massillon, OH (Metropolitan Statistical Area)"," ","200","Gross domestic product (GDP) by metropolitan area","60","54","   Professional, scientific, and technical services","(D)","(D)","(D)","(D)","(D)","(D)","(D)","(D)","(D)","(D)",413,417,468,587
"15940","Canton-Massillon, OH (Metropolitan Statistical Area)"," ","200","Gross domestic product (GDP) by metropolitan area","64","55","   Management of companies and enterprises","(D)","(D)","(D)","(D)","(D)","(D)","(D)","(D)","(D)","(D)",123,119,183,169
"15940","Canton-Massillon, OH (Metropolitan Statistical Area)"," ","200","Gross domestic product (GDP) by metropolitan area","65","56","   Administrative and waste management services",290,278,283,320,380,352,384,386,357,379,410,416,441,467
"15940","Canton-Massillon, OH (Metropolitan Statistical Area)"," ","200","Gross domestic product (GDP) by metropolitan area","66","561","    Administrative and support services",235,229,249,287,328,304,323,323,307,"(D)","(D)","(D)","(D)","(NA)"
"15940","Canton-Massillon, OH (Metropolitan Statistical Area)"," ","200","Gross domestic product (GDP) by metropolitan area","67","562","    Waste management and remediation services",55,50,35,32,51,48,61,62,51,"(D)","(D)","(D)","(D)","(NA)"
"15940","Canton-Massillon, OH (Metropolitan Statistical Area)"," ","200","Gross domestic product (GDP) by metropolitan area","68","61, 62","  Educational services, health care, and social assistance",1140,1195,1246,1382,1441,1539,1568,1658,1710,1712,1757,1786,1886,1922
"15940","Canton-Massillon, OH (Metropolitan Statistical Area)"," ","200","Gross domestic product (GDP) by metropolitan area","69","61","   Educational services","(D)","(D)","(D)","(D)","(D)",113,"(D)","(D)","(D)","(D)","(D)",145,146,148
"15940","Canton-Massillon, OH (Metropolitan Statistical Area)"," ","200","Gross domestic product (GDP) by metropolitan area","70","62","   Health care and social assistance","(D)","(D)","(D)","(D)","(D)",1426,"(D)","(D)","(D)","(D)","(D)",1642,1739,1775
"15940","Canton-Massillon, OH (Metropolitan Statistical Area)"," ","200","Gross domestic product (GDP) by metropolitan area","71","621","    Ambulatory health care services",501,543,560,618,651,685,710,764,776,774,808,841,885,"(NA)"
"15940","Canton-Massillon, OH (Metropolitan Statistical Area)"," ","200","Gross domestic product (GDP) by metropolitan area","72","622-623","    Hospitals and nursing and residential care facilities",501,515,541,606,615,668,659,682,705,703,718,711,764,"(NA)"
"15940","Canton-Massillon, OH (Metropolitan Statistical Area)"," ","200","Gross domestic product (GDP) by metropolitan area","73","624","    Social assistance","(D)","(D)","(D)","(D)","(D)",73,"(D)","(D)","(D)","(D)","(D)",89,90,"(NA)"
"15940","Canton-Massillon, OH (Metropolitan Statistical Area)"," ","200","Gross domestic product (GDP) by metropolitan area","74","71, 72","  Arts, entertainment, recreation, accommodation, and food services",322,341,354,377,385,381,403,397,397,414,439,467,489,521
"15940","Canton-Massillon, OH (Metropolitan Statistical Area)"," ","200","Gross domestic product (GDP) by metropolitan area","75","71","   Arts, entertainment, and recreation",62,63,58,63,59,59,61,64,65,69,73,78,81,87
"15940","Canton-Massillon, OH (Metropolitan Statistical Area)"," ","200","Gross domestic product (GDP) by metropolitan area","76","711-712","    Performing arts, spectator sports, museums, and related activities","(D)","(D)","(D)","(D)","(D)","(D)","(D)","(D)","(D)","(D)","(D)","(D)","(D)","(NA)"
"15940","Canton-Massillon, OH (Metropolitan Statistical Area)"," ","200","Gross domestic product (GDP) by metropolitan area","77","713","    Amusements, gambling, and recreation industries","(D)","(D)","(D)","(D)","(D)","(D)","(D)","(D)","(D)","(D)","(D)","(D)","(D)","(NA)"
"15940","Canton-Massillon, OH (Metropolitan Statistical Area)"," ","200","Gross domestic product (GDP) by metropolitan area","78","72","   Accommodation and food services",260,278,296,314,327,322,342,334,333,345,365,389,408,434
"15940","Canton-Massillon, OH (Metropolitan Statistical Area)"," ","200","Gross domestic product (GDP) by metropolitan area","79","721","    Accommodation",29,28,30,34,33,34,40,38,32,34,42,45,50,"(NA)"
"15940","Canton-Massillon, OH (Metropolitan Statistical Area)"," ","200","Gross domestic product (GDP) by metropolitan area","80","722","    Food services and drinking places",231,250,266,280,293,289,302,296,300,311,324,344,358,"(NA)"
"15940","Canton-Massillon, OH (Metropolitan Statistical Area)"," ","200","Gross domestic product (GDP) by metropolitan area","81","81","  Other services, except government",362,394,400,421,423,433,420,391,375,384,394,411,423,436
"15940","Canton-Massillon, OH (Metropolitan Statistical Area)"," ","200","Gross domestic product (GDP) by metropolitan area","82","92"," Government",1099,1146,1189,1260,1279,1305,1353,1402,1418,1501,1494,1507,1495,1507
"15940","Canton-Massillon, OH (Metropolitan Statistical Area)"," ","200","Gross domestic product (GDP) by metropolitan area","83","...","  Federal civilian",103,104,104,108,111,115,118,118,116,130,125,124,112,"(NA)"
"15940","Canton-Massillon, OH (Metropolitan Statistical Area)"," ","200","Gross domestic product (GDP) by metropolitan area","84","...","  Federal military",43,53,68,70,74,71,73,85,93,93,92,94,93,"(NA)"
"15940","Canton-Massillon, OH (Metropolitan Statistical Area)"," ","200","Gross domestic product (GDP) by metropolitan area","85","...","  State and local",953,988,1017,1082,1094,1118,1163,1200,1208,1278,1277,1288,1290,"(NA)"
"15940","Canton-Massillon, OH (Metropolitan Statistical Area)"," ","200","Gross domestic product (GDP) by metropolitan area","86","11, 21","Natural resources and mining",106,"(D)",134,164,205,232,258,384,294,332,384,334,"(D)",760
"15940","Canton-Massillon, OH (Metropolitan Statistical Area)"," ","200","Gross domestic product (GDP) by metropolitan area","87","42, 44-45","Trade",1755,1837,"(D)","(D)","(D)","(D)","(D)",1873,1769,1799,1901,2017,1983,2066
"15940","Canton-Massillon, OH (Metropolitan Statistical Area)"," ","200","Gross domestic product (GDP) by metropolitan area","88","...","Transportation and utilities",424,413,"(D)","(D)","(D)","(D)","(D)",551,541,609,673,824,945,932
"15940","Canton-Massillon, OH (Metropolitan Statistical Area)"," ","200","Gross domestic product (GDP) by metropolitan area","89","...","Private goods-producing industries",3962,3727,3691,3695,3945,3955,4036,4159,3391,3636,4214,4398,"(D)",5705
"15940","Canton-Massillon, OH (Metropolitan Statistical Area)"," ","200","Gross domestic product (GDP) by metropolitan area","90","...","Private services-providing industries",6444,6903,7122,7611,7958,7920,7947,7999,8008,8172,8489,9054,"(D)",9913
"15940","Canton-Massillon, OH (Metropolitan Statistical Area)"," ","800","Quantity indexes for real GDP by metropolitan area","1","...","All industry total",109.106,109.905,110.412,112.249,113.695,110.051,108.131,107.283,100.000,102.406,106.896,109.834,118.492,123.053
"15940","Canton-Massillon, OH (Metropolitan Statistical Area)"," ","800","Quantity indexes for real GDP by metropolitan area","2","..."," Private industries",109.597,110.403,111.003,112.941,114.871,111.056,108.971,107.999,100.000,102.332,107.685,111.090,121.132,126.383
"15940","Canton-Massillon, OH (Metropolitan Statistical Area)"," ","800","Quantity indexes for real GDP by metropolitan area","3","11","  Agriculture, forestry, fishing, and hunting","(D)","(D)","(D)","(D)","(D)","(D)","(D)","(D)","(D)","(D)","(D)","(D)","(D)","(D)"
"15940","Canton-Massillon, OH (Metropolitan Statistical Area)"," ","800","Quantity indexes for real GDP by metropolitan area","4","111-112","   Farms",78.801,118.686,90.278,71.044,94.202,97.574,82.857,84.999,100.000,82.754,67.976,48.292,68.401,"(NA)"
"15940","Canton-Massillon, OH (Metropolitan Statistical Area)"," ","800","Quantity indexes for real GDP by metropolitan area","5","113-115","   Forestry, fishing, and related activities","(D)","(D)","(D)","(D)","(D)","(D)","(D)","(D)","(D)","(D)","(D)","(D)","(D)","(NA)"
"15940","Canton-Massillon, OH (Metropolitan Statistical Area)"," ","800","Quantity indexes for real GDP by metropolitan area","6","21","  Mining","(D)","(D)","(D)","(D)","(D)","(D)","(D)","(D)","(D)","(D)","(D)","(D)","(D)","(D)"
"15940","Canton-Massillon, OH (Metropolitan Statistical Area)"," ","800","Quantity indexes for real GDP by metropolitan area","7","211","   Oil and gas extraction","(D)","(D)","(D)","(D)","(D)","(D)","(D)",88.167,100.000,87.151,69.535,"(D)",118.025,"(NA)"
"15940","Canton-Massillon, OH (Metropolitan Statistical Area)"," ","800","Quantity indexes for real GDP by metropolitan area","8","212","   Mining, except oil and gas","(D)","(D)","(D)","(D)","(D)","(D)","(D)","(D)","(D)","(D)","(D)","(D)","(D)","(NA)"
"15940","Canton-Massillon, OH (Metropolitan Statistical Area)"," ","800","Quantity indexes for real GDP by metropolitan area","9","213","   Support activities for mining","(D)","(D)","(D)","(D)","(D)","(D)","(D)","(D)","(D)","(D)","(D)","(D)","(D)","(NA)"
"15940","Canton-Massillon, OH (Metropolitan Statistical Area)"," ","800","Quantity indexes for real GDP by metropolitan area","10","22","  Utilities","(D)","(D)","(D)","(D)","(D)","(D)","(D)",107.088,100.000,112.866,125.949,204.525,232.909,199.452
"15940","Canton-Massillon, OH (Metropolitan Statistical Area)"," ","800","Quantity indexes for real GDP by metropolitan area","11","23","  Construction",220.071,175.796,173.338,175.898,157.647,136.115,126.916,113.744,100.000,98.610,108.748,121.194,135.338,128.933
"15940","Canton-Massillon, OH (Metropolitan Statistical Area)"," ","800","Quantity indexes for real GDP by metropolitan area","12","31-33","  Manufacturing",140.652,134.162,133.513,128.058,132.647,130.112,130.602,129.221,100.000,109.067,123.157,124.291,148.848,158.797
"15940","Canton-Massillon, OH (Metropolitan Statistical Area)"," ","800","Quantity indexes for real GDP by metropolitan area","13","...","   Durable goods manufacturing",169.193,160.407,161.927,152.251,162.196,157.571,158.338,160.108,100.000,117.104,137.556,139.880,136.045,141.204
"15940","Canton-Massillon, OH (Metropolitan Statistical Area)"," ","800","Quantity indexes for real GDP by metropolitan area","14","321","    Wood products manufacturing","(D)","(D)","(D)","(D)","(D)","(D)","(D)","(D)","(D)","(D)","(D)","(D)","(D)","(NA)"
"15940","Canton-Massillon, OH (Metropolitan Statistical Area)"," ","800","Quantity indexes for real GDP by metropolitan area","15","327","    Nonmetallic mineral products manufacturing","(D)",349.786,390.590,288.967,263.182,213.300,212.917,145.268,100.000,110.324,133.671,118.440,114.413,"(NA)"
"15940","Canton-Massillon, OH (Metropolitan Statistical Area)"," ","800","Quantity indexes for real GDP by metropolitan area","16","331","    Primary metals manufacturing","(D)","(D)","(D)","(D)","(D)","(D)","(D)","(D)","(D)","(D)","(D)","(D)","(D)","(NA)"
"15940","Canton-Massillon, OH (Metropolitan Statistical Area)"," ","800","Quantity indexes for real GDP by metropolitan area","17","332","    Fabricated metal products",124.729,123.256,135.169,131.157,143.037,149.249,150.519,158.063,100.000,115.365,134.996,125.235,111.599,"(NA)"
"15940","Canton-Massillon, OH (Metropolitan Statistical Area)"," ","800","Quantity indexes for real GDP by metropolitan area","18","333","    Machinery manufacturing","(D)","(D)","(D)","(D)","(D)","(D)","(D)","(D)","(D)","(D)","(D)","(D)","(D)","(NA)"
"15940","Canton-Massillon, OH (Metropolitan Statistical Area)"," ","800","Quantity indexes for real GDP by metropolitan area","19","334","    Computer and electronic products manufacturing",1108.579,507.410,191.840,237.109,227.402,216.707,299.495,179.276,100.000,"(D)","(D)",194.431,204.251,"(NA)"
"15940","Canton-Massillon, OH (Metropolitan Statistical Area)"," ","800","Quantity indexes for real GDP by metropolitan area","20","335","    Electrical equipment, appliance, and components manufacturing",439.849,414.613,527.356,371.074,312.493,261.210,222.100,214.984,100.000,96.817,86.539,94.497,93.903,"(NA)"
"15940","Canton-Massillon, OH (Metropolitan Statistical Area)"," ","800","Quantity indexes for real GDP by metropolitan area","21","3361-3363","    Motor vehicles, bodies and trailers, and parts manufacturing","(D)","(D)","(D)","(D)","(D)","(D)","(D)","(D)","(D)","(D)","(D)","(D)","(D)","(NA)"
"15940","Canton-Massillon, OH (Metropolitan Statistical Area)"," ","800","Quantity indexes for real GDP by metropolitan area","22","3364-3366, 3369","    Other transportation equipment manufacturing",72.033,54.414,75.464,"(D)",64.474,73.670,83.300,82.003,100.000,"(D)","(D)","(D)","(D)","(NA)"
"15940","Canton-Massillon, OH (Metropolitan Statistical Area)"," ","800","Quantity indexes for real GDP by metropolitan area","23","337","    Furniture and related products manufacturing","(D)","(D)","(D)","(D)","(D)","(D)","(D)","(D)","(D)","(D)","(D)","(D)","(D)","(NA)"
"15940","Canton-Massillon, OH (Metropolitan Statistical Area)"," ","800","Quantity indexes for real GDP by metropolitan area","24","339","    Miscellaneous manufacturing","(D)","(D)","(D)","(D)","(D)","(D)","(D)","(D)","(D)","(D)","(D)","(D)","(D)","(NA)"
"15940","Canton-Massillon, OH (Metropolitan Statistical Area)"," ","800","Quantity indexes for real GDP by metropolitan area","25","...","   Nondurable goods manufacturing",98.238,95.172,91.333,92.184,88.582,89.259,89.319,82.995,100.000,97.449,102.676,102.235,162.679,178.935
"15940","Canton-Massillon, OH (Metropolitan Statistical Area)"," ","800","Quantity indexes for real GDP by metropolitan area","26","311-312","    Food and beverage and tobacco products manufacturing","(D)","(D)","(D)","(D)","(D)","(D)","(D)","(D)","(D)","(D)","(D)","(D)","(D)","(NA)"
"15940","Canton-Massillon, OH (Metropolitan Statistical Area)"," ","800","Quantity indexes for real GDP by metropolitan area","27","313-314","    Textile mills and textile product mills",101.447,92.353,79.642,"(D)","(D)","(D)",108.929,103.851,100.000,122.223,101.261,98.058,111.633,"(NA)"
"15940","Canton-Massillon, OH (Metropolitan Statistical Area)"," ","800","Quantity indexes for real GDP by metropolitan area","28","315-316","    Apparel and leather and allied products manufacturing","(D)","(D)","(D)","(D)","(D)","(D)","(D)","(D)","(D)","(D)","(D)","(D)","(D)","(NA)"
"15940","Canton-Massillon, OH (Metropolitan Statistical Area)"," ","800","Quantity indexes for real GDP by metropolitan area","29","322","    Paper products manufacturing","(D)","(D)","(D)","(D)","(D)","(D)","(D)","(D)","(D)","(D)","(D)","(D)","(D)","(NA)"
"15940","Canton-Massillon, OH (Metropolitan Statistical Area)"," ","800","Quantity indexes for real GDP by metropolitan area","30","323","    Printing and related support activities","(D)","(D)","(D)","(D)","(D)","(D)","(D)","(D)","(D)","(D)","(D)","(D)","(D)","(NA)"
"15940","Canton-Massillon, OH (Metropolitan Statistical Area)"," ","800","Quantity indexes for real GDP by metropolitan area","31","324","    Petroleum and coal products manufacturing","(D)","(D)","(D)","(D)","(D)","(D)","(D)","(D)","(D)","(D)","(D)","(D)","(D)","(NA)"
"15940","Canton-Massillon, OH (Metropolitan Statistical Area)"," ","800","Quantity indexes for real GDP by metropolitan area","32","325","    Chemical products manufacturing","(D)","(D)","(D)","(D)","(D)","(D)","(D)","(D)","(D)","(D)","(D)","(D)","(D)","(NA)"
"15940","Canton-Massillon, OH (Metropolitan Statistical Area)"," ","800","Quantity indexes for real GDP by metropolitan area","33","326","    Plastics and rubber products manufacturing",166.852,167.862,160.397,132.144,153.887,127.368,131.549,104.797,100.000,99.257,115.483,128.309,126.357,"(NA)"
"15940","Canton-Massillon, OH (Metropolitan Statistical Area)"," ","800","Quantity indexes for real GDP by metropolitan area","34","42","  Wholesale trade",120.496,129.525,"(D)","(D)","(D)","(D)","(D)",115.775,100.000,97.592,105.843,115.684,107.652,112.450
"15940","Canton-Massillon, OH (Metropolitan Statistical Area)"," ","800","Quantity indexes for real GDP by metropolitan area","35","44-45","  Retail trade",112.288,116.163,126.733,126.548,127.914,123.214,115.970,105.896,100.000,102.209,102.257,100.735,100.144,101.729
"15940","Canton-Massillon, OH (Metropolitan Statistical Area)"," ","800","Quantity indexes for real GDP by metropolitan area","36","48-49","  Transportation and warehousing","(D)","(D)",75.321,85.878,92.691,91.211,93.264,112.377,100.000,112.551,120.140,115.644,123.790,128.906
"15940","Canton-Massillon, OH (Metropolitan Statistical Area)"," ","800","Quantity indexes for real GDP by metropolitan area","37","481","   Air transportation","(D)","(D)","(D)","(D)","(D)","(D)","(D)","(D)","(D)","(D)","(D)","(D)","(D)","(NA)"
"15940","Canton-Massillon, OH (Metropolitan Statistical Area)"," ","800","Quantity indexes for real GDP by metropolitan area","38","482","   Rail transportation",112.740,98.504,104.583,112.052,115.545,119.963,108.761,115.263,100.000,102.927,100.477,107.765,108.127,"(NA)"
"15940","Canton-Massillon, OH (Metropolitan Statistical Area)"," ","800","Quantity indexes for real GDP by metropolitan area","39","483","   Water transportation",39.539,0.715,2.275,2.537,2.221,5.774,12.369,98.149,100.000,180.306,10.330,0.000,0.000,"(NA)"
"15940","Canton-Massillon, OH (Metropolitan Statistical Area)"," ","800","Quantity indexes for real GDP by metropolitan area","40","484","   Truck transportation",72.945,83.571,91.638,103.021,111.696,99.810,111.099,107.658,100.000,121.060,133.250,143.852,149.255,"(NA)"
"15940","Canton-Massillon, OH (Metropolitan Statistical Area)"," ","800","Quantity indexes for real GDP by metropolitan area","41","485","   Transit and ground passenger transportation","(D)","(D)","(D)","(D)","(D)","(D)","(D)","(D)","(D)","(D)","(D)","(D)","(D)","(NA)"
"15940","Canton-Massillon, OH (Metropolitan Statistical Area)"," ","800","Quantity indexes for real GDP by metropolitan area","42","486","   Pipeline transportation","(D)","(D)","(D)","(D)","(D)","(D)","(D)","(D)","(D)","(D)","(D)","(D)","(D)","(NA)"
"15940","Canton-Massillon, OH (Metropolitan Statistical Area)"," ","800","Quantity indexes for real GDP by metropolitan area","43","487-488, 492","   Other transportation and support activities","(D)","(D)","(D)","(D)","(D)","(D)","(D)","(D)","(D)","(D)","(D)","(D)","(D)","(NA)"
"15940","Canton-Massillon, OH (Metropolitan Statistical Area)"," ","800","Quantity indexes for real GDP by metropolitan area","44","493","   Warehousing and storage","(D)","(D)","(D)","(D)","(D)",128.404,127.437,114.645,100.000,54.402,64.838,80.372,"(D)","(NA)"
"15940","Canton-Massillon, OH (Metropolitan Statistical Area)"," ","800","Quantity indexes for real GDP by metropolitan area","45","51","  Information",60.340,69.875,77.398,84.439,88.290,87.686,99.110,98.462,100.000,98.907,94.574,91.655,"(D)",89.865
"15940","Canton-Massillon, OH (Metropolitan Statistical Area)"," ","800","Quantity indexes for real GDP by metropolitan area","46","511","   Publishing industries, except Internet (includes software)","(D)","(D)","(D)","(D)","(D)","(D)","(D)","(D)","(D)","(D)","(D)","(D)","(D)","(NA)"
"15940","Canton-Massillon, OH (Metropolitan Statistical Area)"," ","800","Quantity indexes for real GDP by metropolitan area","47","512","   Motion picture and sound recording industries",58.082,69.678,73.551,54.327,54.195,72.758,72.330,52.032,100.000,88.063,81.075,101.080,111.418,"(NA)"
"15940","Canton-Massillon, OH (Metropolitan Statistical Area)"," ","800","Quantity indexes for real GDP by metropolitan area","48","515, 517","   Broadcasting and telecommunications","(D)","(D)","(D)","(D)","(D)","(D)","(D)","(D)","(D)","(D)","(D)","(D)","(D)","(NA)"
"15940","Canton-Massillon, OH (Metropolitan Statistical Area)"," ","800","Quantity indexes for real GDP by metropolitan area","49","518, 519","   Data processing, internet publishing, and other information services","(D)","(D)","(D)","(D)","(D)","(D)",81.693,95.386,100.000,87.281,87.407,96.904,106.738,"(NA)"
"15940","Canton-Massillon, OH (Metropolitan Statistical Area)"," ","800","Quantity indexes for real GDP by metropolitan area","50","52, 53","  Finance, insurance, real estate, rental, and leasing",83.986,"(D)",92.649,102.301,105.086,97.434,92.578,90.217,100.000,99.113,99.716,107.022,112.229,110.946
"15940","Canton-Massillon, OH (Metropolitan Statistical Area)"," ","800","Quantity indexes for real GDP by metropolitan area","51","52","   Finance and insurance",58.943,"(D)",74.886,92.009,99.236,91.581,87.869,86.480,100.000,91.570,86.830,91.780,95.692,91.557
"15940","Canton-Massillon, OH (Metropolitan Statistical Area)"," ","800","Quantity indexes for real GDP by metropolitan area","52","521-522","    Federal Reserve banks, credit intermediation, and related services",41.815,61.093,63.225,86.028,94.598,86.841,78.431,82.902,100.000,86.897,78.150,81.995,87.457,"(NA)"
"15940","Canton-Massillon, OH (Metropolitan Statistical Area)"," ","800","Quantity indexes for real GDP by metropolitan area","53","523","    Securities, commodity contracts, and investments","(D)","(D)","(D)","(D)","(D)","(D)","(D)","(D)","(D)","(D)","(D)","(D)","(D)","(NA)"
"15940","Canton-Massillon, OH (Metropolitan Statistical Area)"," ","800","Quantity indexes for real GDP by metropolitan area","54","524","    Insurance carriers and related activities","(D)","(D)","(D)","(D)","(D)","(D)","(D)","(D)","(D)","(D)","(D)","(D)","(D)","(NA)"
"15940","Canton-Massillon, OH (Metropolitan Statistical Area)"," ","800","Quantity indexes for real GDP by metropolitan area","55","525","    Funds, trusts, and other financial vehicles","(D)","(D)","(D)","(D)","(D)","(D)","(D)","(D)","(D)","(D)","(D)","(D)","(D)","(NA)"
"15940","Canton-Massillon, OH (Metropolitan Statistical Area)"," ","800","Quantity indexes for real GDP by metropolitan area","56","53","   Real estate and rental and leasing",114.118,116.863,113.879,114.332,111.665,104.055,97.845,94.343,100.000,107.117,113.539,123.424,130.051,132.010
"15940","Canton-Massillon, OH (Metropolitan Statistical Area)"," ","800","Quantity indexes for real GDP by metropolitan area","57","531","    Real estate",115.525,116.872,114.564,114.535,112.222,102.811,97.286,92.327,100.000,106.609,113.694,124.627,130.980,"(NA)"
"15940","Canton-Massillon, OH (Metropolitan Statistical Area)"," ","800","Quantity indexes for real GDP by metropolitan area","58","532-533","    Rental and leasing services and lessors of intangible assets",99.277,116.265,106.322,111.705,105.459,116.185,103.044,114.211,100.000,112.061,112.043,111.681,121.028,"(NA)"
"15940","Canton-Massillon, OH (Metropolitan Statistical Area)"," ","800","Quantity indexes for real GDP by metropolitan area","59","54, 55, 56","  Professional and business services",97.566,99.087,99.139,97.399,103.909,98.628,101.783,105.685,100.000,102.291,106.790,105.866,119.543,132.378
"15940","Canton-Massillon, OH (Metropolitan Statistical Area)"," ","800","Quantity indexes for real GDP by metropolitan area","60","54","   Professional, scientific, and technical services","(D)","(D)","(D)","(D)","(D)","(D)","(D)","(D)","(D)","(D)","(D)","(D)","(D)","(D)"
"15940","Canton-Massillon, OH (Metropolitan Statistical Area)"," ","800","Quantity indexes for real GDP by metropolitan area","64","55","   Management of companies and enterprises","(D)","(D)","(D)","(D)","(D)","(D)","(D)","(D)","(D)","(D)","(D)","(D)","(D)","(D)"
"15940","Canton-Massillon, OH (Metropolitan Statistical Area)"," ","800","Quantity indexes for real GDP by metropolitan area","65","56","   Administrative and waste management services",92.426,87.186,88.947,97.453,114.983,103.910,110.040,109.052,100.000,106.677,115.079,115.461,120.604,125.270
"15940","Canton-Massillon, OH (Metropolitan Statistical Area)"," ","800","Quantity indexes for real GDP by metropolitan area","66","561","    Administrative and support services",86.238,82.811,90.847,101.810,115.415,103.963,107.157,106.356,100.000,"(D)","(D)","(D)","(D)","(NA)"
"15940","Canton-Massillon, OH (Metropolitan Statistical Area)"," ","800","Quantity indexes for real GDP by metropolitan area","67","562","    Waste management and remediation services",130.245,113.537,76.606,70.087,111.744,103.094,127.638,125.494,100.000,"(D)","(D)","(D)","(D)","(NA)"
"15940","Canton-Massillon, OH (Metropolitan Statistical Area)"," ","800","Quantity indexes for real GDP by metropolitan area","68","61, 62","  Educational services, health care, and social assistance",85.617,86.646,87.482,94.091,95.155,99.142,97.010,100.524,100.000,97.905,99.072,98.717,102.751,103.303
"15940","Canton-Massillon, OH (Metropolitan Statistical Area)"," ","800","Quantity indexes for real GDP by metropolitan area","69","61","   Educational services","(D)","(D)","(D)","(D)","(D)","(D)","(D)","(D)","(D)","(D)","(D)","(D)","(D)","(D)"
"15940","Canton-Massillon, OH (Metropolitan Statistical Area)"," ","800","Quantity indexes for real GDP by metropolitan area","70","62","   Health care and social assistance","(D)","(D)","(D)","(D)","(D)","(D)","(D)","(D)","(D)","(D)","(D)","(D)","(D)","(D)"
"15940","Canton-Massillon, OH (Metropolitan Statistical Area)"," ","800","Quantity indexes for real GDP by metropolitan area","71","621","    Ambulatory health care services",77.629,83.037,83.749,90.257,92.912,96.762,95.916,101.830,100.000,97.333,100.652,103.266,108.018,"(NA)"
"15940","Canton-Massillon, OH (Metropolitan Statistical Area)"," ","800","Quantity indexes for real GDP by metropolitan area","72","622-623","    Hospitals and nursing and residential care facilities",96.154,93.909,94.540,101.962,99.929,104.828,99.692,100.613,100.000,97.789,98.667,95.325,100.542,"(NA)"
"15940","Canton-Massillon, OH (Metropolitan Statistical Area)"," ","800","Quantity indexes for real GDP by metropolitan area","73","624","    Social assistance","(D)","(D)","(D)","(D)","(D)","(D)","(D)","(D)","(D)","(D)","(D)","(D)","(D)","(NA)"
"15940","Canton-Massillon, OH (Metropolitan Statistical Area)"," ","800","Quantity indexes for real GDP by metropolitan area","74","71, 72","  Arts, entertainment, recreation, accommodation, and food services",106.860,108.443,110.950,115.943,114.643,109.655,111.503,106.260,100.000,104.145,110.909,113.599,115.742,120.042
"15940","Canton-Massillon, OH (Metropolitan Statistical Area)"," ","800","Quantity indexes for real GDP by metropolitan area","75","71","   Arts, entertainment, and recreation",116.447,114.849,103.541,111.288,101.000,98.400,98.782,100.981,100.000,107.757,114.464,118.641,120.893,126.984
"15940","Canton-Massillon, OH (Metropolitan Statistical Area)"," ","800","Quantity indexes for real GDP by metropolitan area","76","711-712","    Performing arts, spectator sports, museums, and related activities","(D)","(D)","(D)","(D)","(D)","(D)","(D)","(D)","(D)","(D)","(D)","(D)","(D)","(NA)"
"15940","Canton-Massillon, OH (Metropolitan Statistical Area)"," ","800","Quantity indexes for real GDP by metropolitan area","77","713","    Amusements, gambling, and recreation industries","(D)","(D)","(D)","(D)","(D)","(D)","(D)","(D)","(D)","(D)","(D)","(D)","(D)","(NA)"
"15940","Canton-Massillon, OH (Metropolitan Statistical Area)"," ","800","Quantity indexes for real GDP by metropolitan area","78","72","   Accommodation and food services",104.724,106.981,112.410,116.813,117.404,111.921,114.073,107.308,100.000,103.447,110.222,112.626,114.748,118.711
"15940","Canton-Massillon, OH (Metropolitan Statistical Area)"," ","800","Quantity indexes for real GDP by metropolitan area","79","721","    Accommodation",108.792,103.838,110.913,121.875,113.926,110.630,123.802,115.444,100.000,106.263,128.501,133.935,147.192,"(NA)"
"15940","Canton-Massillon, OH (Metropolitan Statistical Area)"," ","800","Quantity indexes for real GDP by metropolitan area","80","722","    Food services and drinking places",104.284,107.397,112.638,116.290,117.873,112.130,112.970,106.392,100.000,103.147,108.267,110.345,111.276,"(NA)"
"15940","Canton-Massillon, OH (Metropolitan Statistical Area)"," ","800","Quantity indexes for real GDP by metropolitan area","81","81","  Other services, except government",131.509,136.956,135.299,138.138,133.299,131.238,122.153,109.367,100.000,99.659,99.942,101.209,101.209,101.609
"15940","Canton-Massillon, OH (Metropolitan Statistical Area)"," ","800","Quantity indexes for real GDP by metropolitan area","82","92"," Government",105.317,106.058,105.746,106.727,104.083,101.866,101.311,101.478,100.000,102.992,100.638,99.844,97.409,96.470
"15940","Canton-Massillon, OH (Metropolitan Statistical Area)"," ","800","Quantity indexes for real GDP by metropolitan area","83","...","  Federal civilian",120.111,115.375,109.092,108.318,106.696,107.626,105.590,103.495,100.000,107.838,101.101,100.560,88.788,"(NA)"
"15940","Canton-Massillon, OH (Metropolitan Statistical Area)"," ","800","Quantity indexes for real GDP by metropolitan area","84","...","  Federal military",66.486,76.178,89.583,88.673,87.985,80.699,79.307,89.553,100.000,96.403,94.056,95.440,94.097,"(NA)"
"15940","Canton-Massillon, OH (Metropolitan Statistical Area)"," ","800","Quantity indexes for real GDP by metropolitan area","85","...","  State and local",106.884,107.491,106.709,108.014,105.112,102.994,102.652,102.225,100.000,103.034,101.105,100.120,98.498,"(NA)"
"15940","Canton-Massillon, OH (Metropolitan Statistical Area)"," ","800","Quantity indexes for real GDP by metropolitan area","86","11, 21","Natural resources and mining",55.528,"(D)",61.012,62.524,67.629,73.071,71.313,89.792,100.000,95.856,96.051,86.431,"(D)",194.835
"15940","Canton-Massillon, OH (Metropolitan Statistical Area)"," ","800","Quantity indexes for real GDP by metropolitan area","87","42, 44-45","Trade",115.550,121.431,"(D)","(D)","(D)","(D)","(D)",109.854,100.000,100.317,103.746,106.915,103.249,106.158
"15940","Canton-Massillon, OH (Metropolitan Statistical Area)"," ","800","Quantity indexes for real GDP by metropolitan area","88","...","Transportation and utilities",102.838,101.579,"(D)","(D)","(D)","(D)","(D)",110.365,100.000,112.672,122.332,148.226,163.677,154.846
"15940","Canton-Massillon, OH (Metropolitan Statistical Area)"," ","800","Quantity indexes for real GDP by metropolitan area","89","...","Private goods-producing industries",142.152,132.857,131.326,127.514,129.107,124.736,123.577,122.829,100.000,106.336,118.404,119.918,"(D)",158.567
"15940","Canton-Massillon, OH (Metropolitan Statistical Area)"," ","800","Quantity indexes for real GDP by metropolitan area","90","...","Private services-providing industries",96.000,100.975,102.442,106.704,108.768,105.191,102.718,101.651,100.000,100.640,103.126,107.355,"(D)",112.690
"15940","Canton-Massillon, OH (Metropolitan Statistical Area)"," ","900","Real GDP by metropolitan area","1","...","All industry total",13984,14087,14152,14387,14572,14105,13859,13751,12817,13125,13701,14077,15187,15772
"15940","Canton-Massillon, OH (Metropolitan Statistical Area)"," ","900","Real GDP by metropolitan area","2","..."," Private industries",12493,12585,12654,12874,13094,12660,12422,12311,11399,11665,12275,12663,13808,14407
"15940","Canton-Massillon, OH (Metropolitan Statistical Area)"," ","900","Real GDP by metropolitan area","3","11","  Agriculture, forestry, fishing, and hunting","(D)","(D)","(D)",49,64,"(D)","(D)","(D)","(D)",56,"(D)",35,"(D)",39
"15940","Canton-Massillon, OH (Metropolitan Statistical Area)"," ","900","Real GDP by metropolitan area","4","111-112","   Farms",48,72,55,43,57,59,50,52,61,50,41,29,42,"(NA)"
"15940","Canton-Massillon, OH (Metropolitan Statistical Area)"," ","900","Real GDP by metropolitan area","5","113-115","   Forestry, fishing, and related activities","(D)","(D)","(D)",6,7,"(D)","(D)","(D)","(D)",5,"(D)",6,"(D)","(NA)"
"15940","Canton-Massillon, OH (Metropolitan Statistical Area)"," ","900","Real GDP by metropolitan area","6","21","  Mining","(D)","(D)","(D)",138,136,"(D)","(D)","(D)","(D)",226,"(D)",221,309,548
"15940","Canton-Massillon, OH (Metropolitan Statistical Area)"," ","900","Real GDP by metropolitan area","7","211","   Oil and gas extraction","(D)","(D)","(D)","(D)","(D)","(D)","(D)",103,116,101,81,"(D)",137,"(NA)"
"15940","Canton-Massillon, OH (Metropolitan Statistical Area)"," ","900","Real GDP by metropolitan area","8","212","   Mining, except oil and gas","(D)","(D)","(D)","(D)",40,"(D)","(D)","(D)","(D)","(D)","(D)",105,106,"(NA)"
"15940","Canton-Massillon, OH (Metropolitan Statistical Area)"," ","900","Real GDP by metropolitan area","9","213","   Support activities for mining","(D)","(D)","(D)","(D)","(D)","(D)",46,51,"(D)","(D)","(D)","(D)",71,"(NA)"
"15940","Canton-Massillon, OH (Metropolitan Statistical Area)"," ","900","Real GDP by metropolitan area","10","22","  Utilities","(D)","(D)","(D)","(D)","(D)","(D)","(D)",226,211,238,265,431,491,420
"15940","Canton-Massillon, OH (Metropolitan Statistical Area)"," ","900","Real GDP by metropolitan area","11","23","  Construction",1077,860,848,861,772,666,621,557,489,483,532,593,662,631
"15940","Canton-Massillon, OH (Metropolitan Statistical Area)"," ","900","Real GDP by metropolitan area","12","31-33","  Manufacturing",3669,3499,3482,3340,3460,3394,3406,3370,2608,2845,3212,3242,3882,4142
"15940","Canton-Massillon, OH (Metropolitan Statistical Area)"," ","900","Real GDP by metropolitan area","13","...","   Durable goods manufacturing",2629,2493,2516,2366,2521,2449,2461,2488,1554,1820,2138,2174,2114,2194
"15940","Canton-Massillon, OH (Metropolitan Statistical Area)"," ","900","Real GDP by metropolitan area","14","321","    Wood products manufacturing","(D)","(D)","(D)","(D)","(D)","(D)","(D)","(D)","(D)","(D)","(D)","(D)","(D)","(NA)"
"15940","Canton-Massillon, OH (Metropolitan Statistical Area)"," ","900","Real GDP by metropolitan area","15","327","    Nonmetallic mineral products manufacturing","(D)",144,160,119,108,88,87,60,41,45,55,49,47,"(NA)"
"15940","Canton-Massillon, OH (Metropolitan Statistical Area)"," ","900","Real GDP by metropolitan area","16","331","    Primary metals manufacturing","(D)","(D)","(D)","(D)","(D)",250,257,"(D)","(D)","(D)","(D)","(D)","(D)","(NA)"
"15940","Canton-Massillon, OH (Metropolitan Statistical Area)"," ","900","Real GDP by metropolitan area","17","332","    Fabricated metal products",1184,1170,1284,1246,1358,1417,1429,1501,950,1096,1282,1189,1060,"(NA)"
"15940","Canton-Massillon, OH (Metropolitan Statistical Area)"," ","900","Real GDP by metropolitan area","18","333","    Machinery manufacturing",162,155,144,152,159,167,184,191,"(D)",154,"(D)",164,180,"(NA)"
"15940","Canton-Massillon, OH (Metropolitan Statistical Area)"," ","900","Real GDP by metropolitan area","19","334","    Computer and electronic products manufacturing",85,39,15,18,17,17,23,14,8,"(D)","(D)",15,16,"(NA)"
"15940","Canton-Massillon, OH (Metropolitan Statistical Area)"," ","900","Real GDP by metropolitan area","20","335","    Electrical equipment, appliance, and components manufacturing",398,375,477,335,282,236,201,194,90,87,78,85,85,"(NA)"
"15940","Canton-Massillon, OH (Metropolitan Statistical Area)"," ","900","Real GDP by metropolitan area","21","3361-3363","    Motor vehicles, bodies and trailers, and parts manufacturing","(D)","(D)","(D)","(D)","(D)","(D)","(D)","(D)","(D)","(D)","(D)","(D)",246,"(NA)"
"15940","Canton-Massillon, OH (Metropolitan Statistical Area)"," ","900","Real GDP by metropolitan area","22","3364-3366, 3369","    Other transportation equipment manufacturing",2,2,2,"(D)",2,2,3,3,3,"(D)","(D)","(D)","(D)","(NA)"
"15940","Canton-Massillon, OH (Metropolitan Statistical Area)"," ","900","Real GDP by metropolitan area","23","337","    Furniture and related products manufacturing","(D)","(D)","(D)","(D)","(D)","(D)","(D)","(D)","(D)","(D)",26,28,27,"(NA)"
"15940","Canton-Massillon, OH (Metropolitan Statistical Area)"," ","900","Real GDP by metropolitan area","24","339","    Miscellaneous manufacturing","(D)","(D)",28,"(D)","(D)","(D)","(D)","(D)","(D)",35,34,34,32,"(NA)"
"15940","Canton-Massillon, OH (Metropolitan Statistical Area)"," ","900","Real GDP by metropolitan area","25","...","   Nondurable goods manufacturing",1036,1003,963,972,934,941,942,875,1054,1027,1082,1078,1715,1886
"15940","Canton-Massillon, OH (Metropolitan Statistical Area)"," ","900","Real GDP by metropolitan area","26","311-312","    Food and beverage and tobacco products manufacturing","(D)","(D)","(D)","(D)","(D)","(D)","(D)","(D)","(D)","(D)","(D)","(D)",650,"(NA)"
"15940","Canton-Massillon, OH (Metropolitan Statistical Area)"," ","900","Real GDP by metropolitan area","27","313-314","    Textile mills and textile product mills",27,24,21,"(D)","(D)","(D)",29,27,26,32,27,26,29,"(NA)"
"15940","Canton-Massillon, OH (Metropolitan Statistical Area)"," ","900","Real GDP by metropolitan area","28","315-316","    Apparel and leather and allied products manufacturing","(D)","(D)","(D)","(D)","(D)","(L)","(L)","(D)","(D)","(D)","(D)","(D)","(L)","(NA)"
"15940","Canton-Massillon, OH (Metropolitan Statistical Area)"," ","900","Real GDP by metropolitan area","29","322","    Paper products manufacturing","(D)","(D)","(D)","(D)","(D)","(D)","(D)","(D)","(D)","(D)","(D)","(D)","(D)","(NA)"
"15940","Canton-Massillon, OH (Metropolitan Statistical Area)"," ","900","Real GDP by metropolitan area","30","323","    Printing and related support activities","(D)","(D)","(D)","(D)","(D)","(D)","(D)","(D)","(D)","(D)","(D)","(D)","(D)","(NA)"
"15940","Canton-Massillon, OH (Metropolitan Statistical Area)"," ","900","Real GDP by metropolitan area","31","324","    Petroleum and coal products manufacturing","(D)","(D)","(D)","(D)","(D)","(D)","(D)","(D)","(D)","(D)","(D)","(D)","(D)","(NA)"
"15940","Canton-Massillon, OH (Metropolitan Statistical Area)"," ","900","Real GDP by metropolitan area","32","325","    Chemical products manufacturing","(D)","(D)","(D)","(D)","(D)","(D)","(D)","(D)","(D)","(D)","(D)","(D)",108,"(NA)"
"15940","Canton-Massillon, OH (Metropolitan Statistical Area)"," ","900","Real GDP by metropolitan area","33","326","    Plastics and rubber products manufacturing",174,175,167,137,160,133,137,109,104,103,120,133,131,"(NA)"
"15940","Canton-Massillon, OH (Metropolitan Statistical Area)"," ","900","Real GDP by metropolitan area","34","42","  Wholesale trade",869,934,"(D)","(D)","(D)","(D)","(D)",835,721,704,763,834,777,811
"15940","Canton-Massillon, OH (Metropolitan Statistical Area)"," ","900","Real GDP by metropolitan area","35","44-45","  Retail trade",1176,1216,1327,1325,1340,1290,1214,1109,1047,1070,1071,1055,1049,1065
"15940","Canton-Massillon, OH (Metropolitan Statistical Area)"," ","900","Real GDP by metropolitan area","36","48-49","  Transportation and warehousing","(D)","(D)",249,284,306,301,308,371,330,372,397,382,409,426
"15940","Canton-Massillon, OH (Metropolitan Statistical Area)"," ","900","Real GDP by metropolitan area","37","481","   Air transportation","(D)","(D)","(D)","(D)","(D)","(D)","(D)","(D)","(D)","(D)","(D)","(D)","(D)","(NA)"
"15940","Canton-Massillon, OH (Metropolitan Statistical Area)"," ","900","Real GDP by metropolitan area","38","482","   Rail transportation",67,59,62,67,69,71,65,68,59,61,60,64,64,"(NA)"
"15940","Canton-Massillon, OH (Metropolitan Statistical Area)"," ","900","Real GDP by metropolitan area","39","483","   Water transportation","(L)","(L)","(L)","(L)","(L)","(L)","(L)",1,1,2,"(L)","(L)","(L)","(NA)"
"15940","Canton-Massillon, OH (Metropolitan Statistical Area)"," ","900","Real GDP by metropolitan area","40","484","   Truck transportation",68,77,85,95,103,92,103,100,93,112,123,133,138,"(NA)"
"15940","Canton-Massillon, OH (Metropolitan Statistical Area)"," ","900","Real GDP by metropolitan area","41","485","   Transit and ground passenger transportation",12,5,5,4,4,"(D)","(D)","(D)","(D)",6,7,7,7,"(NA)"
"15940","Canton-Massillon, OH (Metropolitan Statistical Area)"," ","900","Real GDP by metropolitan area","42","486","   Pipeline transportation","(D)","(D)","(D)","(D)","(D)","(D)","(D)","(D)","(D)","(D)","(D)","(D)","(D)","(NA)"
"15940","Canton-Massillon, OH (Metropolitan Statistical Area)"," ","900","Real GDP by metropolitan area","43","487-488, 492","   Other transportation and support activities","(D)","(D)","(D)",70,78,85,78,92,"(D)","(D)","(D)","(D)","(D)","(NA)"
"15940","Canton-Massillon, OH (Metropolitan Statistical Area)"," ","900","Real GDP by metropolitan area","44","493","   Warehousing and storage","(D)","(D)","(D)","(D)","(D)",30,30,27,24,13,15,19,"(D)","(NA)"
"15940","Canton-Massillon, OH (Metropolitan Statistical Area)"," ","900","Real GDP by metropolitan area","45","51","  Information",174,202,224,244,255,253,286,284,289,286,273,265,"(D)",260
"15940","Canton-Massillon, OH (Metropolitan Statistical Area)"," ","900","Real GDP by metropolitan area","46","511","   Publishing industries, except Internet (includes software)","(D)","(D)","(D)","(D)","(D)","(D)","(D)","(D)","(D)","(D)","(D)","(D)","(D)","(NA)"
"15940","Canton-Massillon, OH (Metropolitan Statistical Area)"," ","900","Real GDP by metropolitan area","47","512","   Motion picture and sound recording industries",16,19,20,15,15,20,20,14,27,24,22,27,30,"(NA)"
"15940","Canton-Massillon, OH (Metropolitan Statistical Area)"," ","900","Real GDP by metropolitan area","48","515, 517","   Broadcasting and telecommunications","(D)","(D)","(D)","(D)","(D)","(D)","(D)","(D)","(D)","(D)","(D)","(D)","(D)","(NA)"
"15940","Canton-Massillon, OH (Metropolitan Statistical Area)"," ","900","Real GDP by metropolitan area","49","518, 519","   Data processing, internet publishing, and other information services","(D)","(D)","(D)","(D)","(D)","(D)",5,6,6,5,5,6,7,"(NA)"
"15940","Canton-Massillon, OH (Metropolitan Statistical Area)"," ","900","Real GDP by metropolitan area","50","52, 53","  Finance, insurance, real estate, rental, and leasing",1724,"(D)",1902,2100,2158,2000,1901,1852,2053,2035,2047,2197,2304,2278
"15940","Canton-Massillon, OH (Metropolitan Statistical Area)"," ","900","Real GDP by metropolitan area","51","52","   Finance and insurance",616,"(D)",782,961,1037,957,918,903,1045,956,907,959,1000,956
"15940","Canton-Massillon, OH (Metropolitan Statistical Area)"," ","900","Real GDP by metropolitan area","52","521-522","    Federal Reserve banks, credit intermediation, and related services",286,418,433,589,648,594,537,568,685,595,535,561,599,"(NA)"
"15940","Canton-Massillon, OH (Metropolitan Statistical Area)"," ","900","Real GDP by metropolitan area","53","523","    Securities, commodity contracts, and investments","(D)","(D)","(D)","(D)","(D)","(D)","(D)","(D)","(D)","(D)","(D)","(D)","(D)","(NA)"
"15940","Canton-Massillon, OH (Metropolitan Statistical Area)"," ","900","Real GDP by metropolitan area","54","524","    Insurance carriers and related activities","(D)","(D)","(D)","(D)","(D)","(D)","(D)","(D)","(D)","(D)","(D)","(D)","(D)","(NA)"
"15940","Canton-Massillon, OH (Metropolitan Statistical Area)"," ","900","Real GDP by metropolitan area","55","525","    Funds, trusts, and other financial vehicles",26,25,9,9,"(D)","(D)","(D)","(D)","(D)","(D)","(D)",5,"(D)","(NA)"
"15940","Canton-Massillon, OH (Metropolitan Statistical Area)"," ","900","Real GDP by metropolitan area","56","53","   Real estate and rental and leasing",1151,1179,1149,1153,1126,1049,987,952,1009,1080,1145,1245,1312,1331
"15940","Canton-Massillon, OH (Metropolitan Statistical Area)"," ","900","Real GDP by metropolitan area","57","531","    Real estate",1057,1069,1048,1048,1026,940,890,844,915,975,1040,1140,1198,"(NA)"
"15940","Canton-Massillon, OH (Metropolitan Statistical Area)"," ","900","Real GDP by metropolitan area","58","532-533","    Rental and leasing services and lessors of intangible assets",93,109,100,105,99,109,97,107,94,105,105,105,114,"(NA)"
"15940","Canton-Massillon, OH (Metropolitan Statistical Area)"," ","900","Real GDP by metropolitan area","59","54, 55, 56","  Professional and business services",852,865,866,850,907,861,889,923,873,893,932,924,1044,1156
"15940","Canton-Massillon, OH (Metropolitan Statistical Area)"," ","900","Real GDP by metropolitan area","60","54","   Professional, scientific, and technical services","(D)","(D)","(D)","(D)","(D)","(D)","(D)","(D)","(D)","(D)",400,396,436,537
"15940","Canton-Massillon, OH (Metropolitan Statistical Area)"," ","900","Real GDP by metropolitan area","64","55","   Management of companies and enterprises","(D)","(D)","(D)","(D)","(D)","(D)","(D)","(D)","(D)","(D)",122,116,178,169
"15940","Canton-Massillon, OH (Metropolitan Statistical Area)"," ","900","Real GDP by metropolitan area","65","56","   Administrative and waste management services",330,311,318,348,411,371,393,390,357,381,411,413,431,448
"15940","Canton-Massillon, OH (Metropolitan Statistical Area)"," ","900","Real GDP by metropolitan area","66","561","    Administrative and support services",264,254,279,312,354,319,329,326,307,"(D)","(D)","(D)","(D)","(NA)"
"15940","Canton-Massillon, OH (Metropolitan Statistical Area)"," ","900","Real GDP by metropolitan area","67","562","    Waste management and remediation services",66,57,39,35,57,52,65,64,51,"(D)","(D)","(D)","(D)","(NA)"
"15940","Canton-Massillon, OH (Metropolitan Statistical Area)"," ","900","Real GDP by metropolitan area","68","61, 62","  Educational services, health care, and social assistance",1464,1482,1496,1609,1628,1696,1659,1719,1710,1675,1695,1688,1757,1767
"15940","Canton-Massillon, OH (Metropolitan Statistical Area)"," ","900","Real GDP by metropolitan area","69","61","   Educational services","(D)","(D)","(D)","(D)","(D)",127,"(D)","(D)","(D)","(D)","(D)",132,129,127
"15940","Canton-Massillon, OH (Metropolitan Statistical Area)"," ","900","Real GDP by metropolitan area","70","62","   Health care and social assistance","(D)","(D)","(D)","(D)","(D)",1568,"(D)","(D)","(D)","(D)","(D)",1556,1629,1641
"15940","Canton-Massillon, OH (Metropolitan Statistical Area)"," ","900","Real GDP by metropolitan area","71","621","    Ambulatory health care services",602,644,650,700,721,751,744,790,776,755,781,801,838,"(NA)"
"15940","Canton-Massillon, OH (Metropolitan Statistical Area)"," ","900","Real GDP by metropolitan area","72","622-623","    Hospitals and nursing and residential care facilities",678,662,667,719,705,739,703,709,705,690,696,672,709,"(NA)"
"15940","Canton-Massillon, OH (Metropolitan Statistical Area)"," ","900","Real GDP by metropolitan area","73","624","    Social assistance","(D)","(D)","(D)","(D)","(D)",79,"(D)","(D)","(D)","(D)","(D)",83,82,"(NA)"
"15940","Canton-Massillon, OH (Metropolitan Statistical Area)"," ","900","Real GDP by metropolitan area","74","71, 72","  Arts, entertainment, recreation, accommodation, and food services",425,431,441,461,455,436,443,422,397,414,441,451,460,477
"15940","Canton-Massillon, OH (Metropolitan Statistical Area)"," ","900","Real GDP by metropolitan area","75","71","   Arts, entertainment, and recreation",75,74,67,72,65,64,64,65,65,70,74,77,78,82
"15940","Canton-Massillon, OH (Metropolitan Statistical Area)"," ","900","Real GDP by metropolitan area","76","711-712","    Performing arts, spectator sports, museums, and related activities","(D)","(D)","(D)","(D)","(D)","(D)","(D)","(D)","(D)","(D)","(D)","(D)","(D)","(NA)"
"15940","Canton-Massillon, OH (Metropolitan Statistical Area)"," ","900","Real GDP by metropolitan area","77","713","    Amusements, gambling, and recreation industries","(D)","(D)","(D)","(D)","(D)","(D)","(D)","(D)","(D)","(D)","(D)","(D)","(D)","(NA)"
"15940","Canton-Massillon, OH (Metropolitan Statistical Area)"," ","900","Real GDP by metropolitan area","78","72","   Accommodation and food services",348,356,374,389,391,372,379,357,333,344,367,375,382,395
"15940","Canton-Massillon, OH (Metropolitan Statistical Area)"," ","900","Real GDP by metropolitan area","79","721","    Accommodation",35,33,36,39,37,36,40,37,32,34,41,43,47,"(NA)"
"15940","Canton-Massillon, OH (Metropolitan Statistical Area)"," ","900","Real GDP by metropolitan area","80","722","    Food services and drinking places",313,323,338,349,354,337,339,320,300,310,325,332,334,"(NA)"
"15940","Canton-Massillon, OH (Metropolitan Statistical Area)"," ","900","Real GDP by metropolitan area","81","81","  Other services, except government",494,514,508,518,500,493,458,410,375,374,375,380,380,381
"15940","Canton-Massillon, OH (Metropolitan Statistical Area)"," ","900","Real GDP by metropolitan area","82","92"," Government",1493,1504,1499,1513,1476,1444,1436,1439,1418,1460,1427,1416,1381,1368
"15940","Canton-Massillon, OH (Metropolitan Statistical Area)"," ","900","Real GDP by metropolitan area","83","...","  Federal civilian",139,134,127,126,124,125,122,120,116,125,117,117,103,"(NA)"
"15940","Canton-Massillon, OH (Metropolitan Statistical Area)"," ","900","Real GDP by metropolitan area","84","...","  Federal military",62,71,84,83,82,75,74,84,93,90,88,89,88,"(NA)"
"15940","Canton-Massillon, OH (Metropolitan Statistical Area)"," ","900","Real GDP by metropolitan area","85","...","  State and local",1292,1299,1289,1305,1270,1245,1240,1235,1208,1245,1222,1210,1190,"(NA)"
"15940","Canton-Massillon, OH (Metropolitan Statistical Area)"," ","900","Real GDP by metropolitan area","86","11, 21","Natural resources and mining",163,"(D)",179,184,199,215,209,264,294,282,282,254,"(D)",572
"15940","Canton-Massillon, OH (Metropolitan Statistical Area)"," ","900","Real GDP by metropolitan area","87","42, 44-45","Trade",2044,2148,"(D)","(D)","(D)","(D)","(D)",1943,1769,1774,1835,1891,1826,1877
"15940","Canton-Massillon, OH (Metropolitan Statistical Area)"," ","900","Real GDP by metropolitan area","88","...","Transportation and utilities",556,550,"(D)","(D)","(D)","(D)","(D)",597,541,610,662,802,886,838
"15940","Canton-Massillon, OH (Metropolitan Statistical Area)"," ","900","Real GDP by metropolitan area","89","...","Private goods-producing industries",4821,4506,4454,4325,4379,4230,4191,4166,3391,3606,4016,4067,"(D)",5378
"15940","Canton-Massillon, OH (Metropolitan Statistical Area)"," ","900","Real GDP by metropolitan area","90","...","Private services-providing industries",7688,8086,8203,8545,8710,8424,8226,8140,8008,8059,8258,8597,"(D)",9024
"15940","Canton-Massillon, OH (Metropolitan Statistical Area)"," ","1000","Per capita real GDP by metropolitan area","1","...","All industry total",34422,34693,34852,35440,35966,34799,34141,33857,31637,32466,33965,34873,37620,39047
"Note: See the included footnote file."
NAICS Industry detail is based on the 2007 North American Industry Classification System (NAICS).
"Source: U.S. Department of Commerce / Bureau of Economic Analysis / Regional Product Division"
