"GeoFIPS","GeoName","Region","ComponentId","ComponentName","IndustryId","IndustryClassification","Description","2001","2002","2003","2004","2005","2006","2007","2008","2009","2010","2011","2012","2013","2014"
"19780","Des Moines-West Des Moines, IA (Metropolitan Statistical Area)"," ","200","Gross domestic product (GDP) by metropolitan area","1","...","All industry total",24090,25346,27817,31142,34101,34423,38679,35807,35543,36462,38422,41760,43222,45226
"19780","Des Moines-West Des Moines, IA (Metropolitan Statistical Area)"," ","200","Gross domestic product (GDP) by metropolitan area","2","..."," Private industries",21899,23069,25417,28630,31456,31644,35749,32697,32208,33013,34915,38163,39632,41554
"19780","Des Moines-West Des Moines, IA (Metropolitan Statistical Area)"," ","200","Gross domestic product (GDP) by metropolitan area","3","11","  Agriculture, forestry, fishing, and hunting","(D)","(D)","(D)","(D)","(D)","(D)","(D)","(D)","(D)","(D)","(D)","(D)",504,383
"19780","Des Moines-West Des Moines, IA (Metropolitan Statistical Area)"," ","200","Gross domestic product (GDP) by metropolitan area","4","111-112","   Farms",54,94,114,236,159,170,262,361,339,252,445,385,472,"(NA)"
"19780","Des Moines-West Des Moines, IA (Metropolitan Statistical Area)"," ","200","Gross domestic product (GDP) by metropolitan area","5","113-115","   Forestry, fishing, and related activities","(D)","(D)","(D)","(D)","(D)","(D)","(D)","(D)","(D)","(D)","(D)","(D)",32,"(NA)"
"19780","Des Moines-West Des Moines, IA (Metropolitan Statistical Area)"," ","200","Gross domestic product (GDP) by metropolitan area","6","21","  Mining","(D)","(D)","(D)","(D)","(D)","(D)","(D)","(D)","(D)","(D)","(D)","(D)",42,51
"19780","Des Moines-West Des Moines, IA (Metropolitan Statistical Area)"," ","200","Gross domestic product (GDP) by metropolitan area","7","211","   Oil and gas extraction","(L)","(L)","(L)","(L)","(L)","(L)","(L)","(L)","(L)","(L)","(L)","(L)","(L)","(NA)"
"19780","Des Moines-West Des Moines, IA (Metropolitan Statistical Area)"," ","200","Gross domestic product (GDP) by metropolitan area","8","212","   Mining, except oil and gas","(D)","(D)","(D)","(D)","(D)","(D)","(D)","(D)","(D)","(D)","(D)","(D)",42,"(NA)"
"19780","Des Moines-West Des Moines, IA (Metropolitan Statistical Area)"," ","200","Gross domestic product (GDP) by metropolitan area","9","213","   Support activities for mining","(L)","(L)","(L)","(L)","(D)","(D)","(D)","(D)","(D)","(D)","(D)","(D)",1,"(NA)"
"19780","Des Moines-West Des Moines, IA (Metropolitan Statistical Area)"," ","200","Gross domestic product (GDP) by metropolitan area","10","22","  Utilities","(D)","(D)","(D)","(D)","(D)","(D)","(D)","(D)","(D)","(D)","(D)","(D)",207,218
"19780","Des Moines-West Des Moines, IA (Metropolitan Statistical Area)"," ","200","Gross domestic product (GDP) by metropolitan area","11","23","  Construction",939,1126,1336,1619,1704,"(D)",1659,1499,1512,1558,1719,1759,1907,2193
"19780","Des Moines-West Des Moines, IA (Metropolitan Statistical Area)"," ","200","Gross domestic product (GDP) by metropolitan area","12","31-33","  Manufacturing",1828,1859,1894,2103,2087,"(D)",2156,2186,2210,2242,2144,2489,2515,2552
"19780","Des Moines-West Des Moines, IA (Metropolitan Statistical Area)"," ","200","Gross domestic product (GDP) by metropolitan area","13","...","   Durable goods manufacturing","(D)","(D)",813,1032,1096,"(D)","(D)","(D)","(D)","(D)","(D)","(D)",1142,1138
"19780","Des Moines-West Des Moines, IA (Metropolitan Statistical Area)"," ","200","Gross domestic product (GDP) by metropolitan area","14","321","    Wood products manufacturing","(D)","(D)","(D)","(D)","(D)","(D)",37,"(D)","(D)","(D)","(D)","(D)",33,"(NA)"
"19780","Des Moines-West Des Moines, IA (Metropolitan Statistical Area)"," ","200","Gross domestic product (GDP) by metropolitan area","15","327","    Nonmetallic mineral products manufacturing","(D)","(D)","(D)","(D)","(D)","(D)","(D)","(D)","(D)","(D)","(D)","(D)",99,"(NA)"
"19780","Des Moines-West Des Moines, IA (Metropolitan Statistical Area)"," ","200","Gross domestic product (GDP) by metropolitan area","16","331","    Primary metals manufacturing","(D)","(D)","(D)","(D)","(D)","(D)","(D)","(D)","(D)","(D)","(D)","(D)","(D)","(NA)"
"19780","Des Moines-West Des Moines, IA (Metropolitan Statistical Area)"," ","200","Gross domestic product (GDP) by metropolitan area","17","332","    Fabricated metal products","(D)","(D)","(D)","(D)","(D)","(D)","(D)","(D)","(D)","(D)","(D)","(D)","(D)","(NA)"
"19780","Des Moines-West Des Moines, IA (Metropolitan Statistical Area)"," ","200","Gross domestic product (GDP) by metropolitan area","18","333","    Machinery manufacturing","(D)","(D)","(D)","(D)","(D)","(D)","(D)",485,"(D)","(D)","(D)","(D)",609,"(NA)"
"19780","Des Moines-West Des Moines, IA (Metropolitan Statistical Area)"," ","200","Gross domestic product (GDP) by metropolitan area","19","334","    Computer and electronic products manufacturing","(D)","(D)","(D)","(D)","(D)","(D)","(D)","(D)","(D)","(D)","(D)","(D)","(D)","(NA)"
"19780","Des Moines-West Des Moines, IA (Metropolitan Statistical Area)"," ","200","Gross domestic product (GDP) by metropolitan area","20","335","    Electrical equipment, appliance, and components manufacturing","(D)","(D)","(D)","(D)","(D)","(D)","(D)","(D)","(D)","(D)","(D)","(D)","(D)","(NA)"
"19780","Des Moines-West Des Moines, IA (Metropolitan Statistical Area)"," ","200","Gross domestic product (GDP) by metropolitan area","21","3361-3363","    Motor vehicles, bodies and trailers, and parts manufacturing","(D)","(D)","(D)","(D)","(D)","(D)","(D)","(D)","(D)","(D)","(D)","(D)","(D)","(NA)"
"19780","Des Moines-West Des Moines, IA (Metropolitan Statistical Area)"," ","200","Gross domestic product (GDP) by metropolitan area","22","3364-3366, 3369","    Other transportation equipment manufacturing","(D)","(D)","(D)","(D)","(D)","(D)","(D)",44,"(D)","(D)","(D)","(D)","(D)","(NA)"
"19780","Des Moines-West Des Moines, IA (Metropolitan Statistical Area)"," ","200","Gross domestic product (GDP) by metropolitan area","23","337","    Furniture and related products manufacturing","(D)","(D)","(D)","(D)","(D)","(D)","(D)","(D)","(D)","(D)","(D)","(D)",18,"(NA)"
"19780","Des Moines-West Des Moines, IA (Metropolitan Statistical Area)"," ","200","Gross domestic product (GDP) by metropolitan area","24","339","    Miscellaneous manufacturing","(D)","(D)","(D)","(D)","(D)","(D)","(D)","(D)",50,49,"(D)","(D)","(D)","(NA)"
"19780","Des Moines-West Des Moines, IA (Metropolitan Statistical Area)"," ","200","Gross domestic product (GDP) by metropolitan area","25","...","   Nondurable goods manufacturing","(D)","(D)",1081,1072,991,"(D)","(D)","(D)","(D)","(D)","(D)","(D)",1374,1414
"19780","Des Moines-West Des Moines, IA (Metropolitan Statistical Area)"," ","200","Gross domestic product (GDP) by metropolitan area","26","311-312","    Food and beverage and tobacco products manufacturing","(D)","(D)","(D)","(D)","(D)","(D)","(D)","(D)","(D)","(D)","(D)","(D)",636,"(NA)"
"19780","Des Moines-West Des Moines, IA (Metropolitan Statistical Area)"," ","200","Gross domestic product (GDP) by metropolitan area","27","313-314","    Textile mills and textile product mills","(D)","(D)","(D)","(D)","(D)","(D)","(D)","(D)","(D)","(D)","(D)","(D)",11,"(NA)"
"19780","Des Moines-West Des Moines, IA (Metropolitan Statistical Area)"," ","200","Gross domestic product (GDP) by metropolitan area","28","315-316","    Apparel and leather and allied products manufacturing","(D)","(D)","(D)","(D)","(D)","(D)","(D)","(D)","(D)","(D)","(L)","(L)","(L)","(NA)"
"19780","Des Moines-West Des Moines, IA (Metropolitan Statistical Area)"," ","200","Gross domestic product (GDP) by metropolitan area","29","322","    Paper products manufacturing",64,30,33,35,39,47,42,39,49,54,"(D)","(D)","(D)","(NA)"
"19780","Des Moines-West Des Moines, IA (Metropolitan Statistical Area)"," ","200","Gross domestic product (GDP) by metropolitan area","30","323","    Printing and related support activities","(D)","(D)","(D)","(D)","(D)","(D)","(D)","(D)","(D)","(D)","(D)","(D)",125,"(NA)"
"19780","Des Moines-West Des Moines, IA (Metropolitan Statistical Area)"," ","200","Gross domestic product (GDP) by metropolitan area","31","324","    Petroleum and coal products manufacturing","(D)","(D)","(D)","(D)","(D)","(D)","(D)","(D)","(D)","(D)","(D)","(D)","(D)","(NA)"
"19780","Des Moines-West Des Moines, IA (Metropolitan Statistical Area)"," ","200","Gross domestic product (GDP) by metropolitan area","32","325","    Chemical products manufacturing","(D)","(D)","(D)","(D)","(D)","(D)","(D)","(D)","(D)","(D)","(D)","(D)","(D)","(NA)"
"19780","Des Moines-West Des Moines, IA (Metropolitan Statistical Area)"," ","200","Gross domestic product (GDP) by metropolitan area","33","326","    Plastics and rubber products manufacturing","(D)","(D)","(D)","(D)","(D)","(D)","(D)","(D)","(D)","(D)","(D)","(D)",381,"(NA)"
"19780","Des Moines-West Des Moines, IA (Metropolitan Statistical Area)"," ","200","Gross domestic product (GDP) by metropolitan area","34","42","  Wholesale trade",1758,1704,1740,1908,2114,2193,2304,2523,2441,"(D)",2721,2892,2964,3016
"19780","Des Moines-West Des Moines, IA (Metropolitan Statistical Area)"," ","200","Gross domestic product (GDP) by metropolitan area","35","44-45","  Retail trade",1521,1583,1618,1700,1744,1765,1760,1755,1752,1782,1831,1916,1994,2075
"19780","Des Moines-West Des Moines, IA (Metropolitan Statistical Area)"," ","200","Gross domestic product (GDP) by metropolitan area","36","48-49","  Transportation and warehousing","(D)","(D)","(D)","(D)","(D)","(D)","(D)","(D)","(D)","(D)","(D)","(D)",871,956
"19780","Des Moines-West Des Moines, IA (Metropolitan Statistical Area)"," ","200","Gross domestic product (GDP) by metropolitan area","37","481","   Air transportation",11,17,21,23,31,28,24,27,"(D)","(D)","(D)","(D)","(D)","(NA)"
"19780","Des Moines-West Des Moines, IA (Metropolitan Statistical Area)"," ","200","Gross domestic product (GDP) by metropolitan area","38","482","   Rail transportation",49,46,50,66,77,91,95,110,97,104,107,111,111,"(NA)"
"19780","Des Moines-West Des Moines, IA (Metropolitan Statistical Area)"," ","200","Gross domestic product (GDP) by metropolitan area","39","483","   Water transportation","(L)","(L)","(L)","(L)","(L)","(L)","(L)","(L)","(L)","(L)","(L)","(L)","(L)","(NA)"
"19780","Des Moines-West Des Moines, IA (Metropolitan Statistical Area)"," ","200","Gross domestic product (GDP) by metropolitan area","40","484","   Truck transportation",309,"(D)",331,362,379,420,424,411,380,391,395,423,445,"(NA)"
"19780","Des Moines-West Des Moines, IA (Metropolitan Statistical Area)"," ","200","Gross domestic product (GDP) by metropolitan area","41","485","   Transit and ground passenger transportation","(D)","(D)","(D)","(D)","(D)","(D)","(D)","(D)","(D)","(D)","(D)","(D)",15,"(NA)"
"19780","Des Moines-West Des Moines, IA (Metropolitan Statistical Area)"," ","200","Gross domestic product (GDP) by metropolitan area","42","486","   Pipeline transportation","(D)","(D)","(D)","(D)","(D)","(D)","(D)","(D)","(D)","(D)","(D)","(D)",24,"(NA)"
"19780","Des Moines-West Des Moines, IA (Metropolitan Statistical Area)"," ","200","Gross domestic product (GDP) by metropolitan area","43","487-488, 492","   Other transportation and support activities","(D)","(D)","(D)","(D)","(D)","(D)","(D)","(D)","(D)","(D)","(D)","(D)","(D)","(NA)"
"19780","Des Moines-West Des Moines, IA (Metropolitan Statistical Area)"," ","200","Gross domestic product (GDP) by metropolitan area","44","493","   Warehousing and storage","(D)","(D)",34,"(D)","(D)","(D)","(D)","(D)","(D)","(D)","(D)","(D)",61,"(NA)"
"19780","Des Moines-West Des Moines, IA (Metropolitan Statistical Area)"," ","200","Gross domestic product (GDP) by metropolitan area","45","51","  Information",923,"(D)",1206,1348,1404,1558,1615,1675,1568,"(D)","(D)","(D)",1395,1383
"19780","Des Moines-West Des Moines, IA (Metropolitan Statistical Area)"," ","200","Gross domestic product (GDP) by metropolitan area","46","511","   Publishing industries, except Internet (includes software)","(D)","(D)","(D)","(D)","(D)","(D)","(D)","(D)","(D)","(D)","(D)","(D)",493,"(NA)"
"19780","Des Moines-West Des Moines, IA (Metropolitan Statistical Area)"," ","200","Gross domestic product (GDP) by metropolitan area","47","512","   Motion picture and sound recording industries","(D)","(D)","(D)","(D)","(D)","(D)","(D)","(D)","(D)","(D)","(D)","(D)",89,"(NA)"
"19780","Des Moines-West Des Moines, IA (Metropolitan Statistical Area)"," ","200","Gross domestic product (GDP) by metropolitan area","48","515, 517","   Broadcasting and telecommunications","(D)","(D)","(D)","(D)","(D)","(D)","(D)","(D)","(D)","(D)","(D)","(D)","(D)","(NA)"
"19780","Des Moines-West Des Moines, IA (Metropolitan Statistical Area)"," ","200","Gross domestic product (GDP) by metropolitan area","49","518, 519","   Data processing, internet publishing, and other information services","(D)","(D)","(D)","(D)","(D)","(D)","(D)","(D)","(D)","(D)","(D)","(D)","(D)","(NA)"
"19780","Des Moines-West Des Moines, IA (Metropolitan Statistical Area)"," ","200","Gross domestic product (GDP) by metropolitan area","50","52, 53","  Finance, insurance, real estate, rental, and leasing",9374,9873,11522,13302,15473,14936,18284,14503,14020,14558,15771,17691,18444,19408
"19780","Des Moines-West Des Moines, IA (Metropolitan Statistical Area)"," ","200","Gross domestic product (GDP) by metropolitan area","51","52","   Finance and insurance",5338,5838,7531,9183,11049,10174,12864,"(D)",8614,"(D)",9509,"(D)",11204,"(D)"
"19780","Des Moines-West Des Moines, IA (Metropolitan Statistical Area)"," ","200","Gross domestic product (GDP) by metropolitan area","52","521-522","    Federal Reserve banks, credit intermediation, and related services","(D)","(D)","(D)","(D)","(D)","(D)","(D)","(D)","(D)","(D)","(D)","(D)",2854,"(NA)"
"19780","Des Moines-West Des Moines, IA (Metropolitan Statistical Area)"," ","200","Gross domestic product (GDP) by metropolitan area","53","523","    Securities, commodity contracts, and investments","(D)","(D)","(D)","(D)","(D)","(D)","(D)","(D)",214,"(D)","(D)","(D)","(D)","(NA)"
"19780","Des Moines-West Des Moines, IA (Metropolitan Statistical Area)"," ","200","Gross domestic product (GDP) by metropolitan area","54","524","    Insurance carriers and related activities","(D)","(D)","(D)","(D)","(D)",7811,10327,6007,6100,6643,6899,7636,7969,"(NA)"
"19780","Des Moines-West Des Moines, IA (Metropolitan Statistical Area)"," ","200","Gross domestic product (GDP) by metropolitan area","55","525","    Funds, trusts, and other financial vehicles","(D)","(D)","(D)","(D)","(D)","(D)","(D)","(D)","(D)","(D)","(D)","(D)","(D)","(NA)"
"19780","Des Moines-West Des Moines, IA (Metropolitan Statistical Area)"," ","200","Gross domestic product (GDP) by metropolitan area","56","53","   Real estate and rental and leasing",4036,4035,3991,4119,4424,4762,5420,"(D)",5406,"(D)",6262,"(D)",7240,"(D)"
"19780","Des Moines-West Des Moines, IA (Metropolitan Statistical Area)"," ","200","Gross domestic product (GDP) by metropolitan area","57","531","    Real estate","(D)","(D)","(D)","(D)","(D)","(D)","(D)","(D)","(D)","(D)","(D)","(D)","(D)","(NA)"
"19780","Des Moines-West Des Moines, IA (Metropolitan Statistical Area)"," ","200","Gross domestic product (GDP) by metropolitan area","58","532-533","    Rental and leasing services and lessors of intangible assets","(D)","(D)","(D)","(D)","(D)","(D)","(D)","(D)","(D)","(D)","(D)","(D)","(D)","(NA)"
"19780","Des Moines-West Des Moines, IA (Metropolitan Statistical Area)"," ","200","Gross domestic product (GDP) by metropolitan area","59","54, 55, 56","  Professional and business services",1716,1796,1934,2045,2228,2404,2643,2875,2911,2964,3165,3572,3784,4105
"19780","Des Moines-West Des Moines, IA (Metropolitan Statistical Area)"," ","200","Gross domestic product (GDP) by metropolitan area","60","54","   Professional, scientific, and technical services",971,1026,1052,1096,1156,1224,1295,1405,1423,1453,1577,1818,1928,2098
"19780","Des Moines-West Des Moines, IA (Metropolitan Statistical Area)"," ","200","Gross domestic product (GDP) by metropolitan area","64","55","   Management of companies and enterprises","(D)","(D)","(D)","(D)","(D)","(D)","(D)","(D)","(D)","(D)","(D)","(D)",795,970
"19780","Des Moines-West Des Moines, IA (Metropolitan Statistical Area)"," ","200","Gross domestic product (GDP) by metropolitan area","65","56","   Administrative and waste management services","(D)","(D)","(D)","(D)","(D)","(D)","(D)","(D)","(D)","(D)","(D)","(D)",1061,1037
"19780","Des Moines-West Des Moines, IA (Metropolitan Statistical Area)"," ","200","Gross domestic product (GDP) by metropolitan area","66","561","    Administrative and support services","(D)","(D)","(D)","(D)","(D)","(D)","(D)","(D)","(D)","(D)","(D)",968,993,"(NA)"
"19780","Des Moines-West Des Moines, IA (Metropolitan Statistical Area)"," ","200","Gross domestic product (GDP) by metropolitan area","67","562","    Waste management and remediation services","(D)","(D)","(D)","(D)","(D)","(D)","(D)","(D)","(D)","(D)","(D)","(D)",69,"(NA)"
"19780","Des Moines-West Des Moines, IA (Metropolitan Statistical Area)"," ","200","Gross domestic product (GDP) by metropolitan area","68","61, 62","  Educational services, health care, and social assistance",1594,1692,1779,1908,2028,2162,2244,2456,2569,2666,2755,2901,2980,3129
"19780","Des Moines-West Des Moines, IA (Metropolitan Statistical Area)"," ","200","Gross domestic product (GDP) by metropolitan area","69","61","   Educational services","(D)","(D)",189,205,217,"(D)","(D)",267,"(D)",310,311,315,318,323
"19780","Des Moines-West Des Moines, IA (Metropolitan Statistical Area)"," ","200","Gross domestic product (GDP) by metropolitan area","70","62","   Health care and social assistance","(D)","(D)",1589,1703,1811,"(D)","(D)",2189,"(D)",2356,2444,2586,2662,2806
"19780","Des Moines-West Des Moines, IA (Metropolitan Statistical Area)"," ","200","Gross domestic product (GDP) by metropolitan area","71","621","    Ambulatory health care services","(D)","(D)","(D)","(D)","(D)","(D)","(D)","(D)","(D)",1220,1239,"(D)","(D)","(NA)"
"19780","Des Moines-West Des Moines, IA (Metropolitan Statistical Area)"," ","200","Gross domestic product (GDP) by metropolitan area","72","622-623","    Hospitals and nursing and residential care facilities","(D)","(D)","(D)","(D)","(D)","(D)","(D)","(D)","(D)","(D)","(D)","(D)",1003,"(NA)"
"19780","Des Moines-West Des Moines, IA (Metropolitan Statistical Area)"," ","200","Gross domestic product (GDP) by metropolitan area","73","624","    Social assistance","(D)","(D)","(D)","(D)","(D)","(D)","(D)","(D)","(D)","(D)","(D)","(D)","(D)","(NA)"
"19780","Des Moines-West Des Moines, IA (Metropolitan Statistical Area)"," ","200","Gross domestic product (GDP) by metropolitan area","74","71, 72","  Arts, entertainment, recreation, accommodation, and food services",699,740,762,829,875,933,1006,1023,1033,1020,1062,1153,1202,1239
"19780","Des Moines-West Des Moines, IA (Metropolitan Statistical Area)"," ","200","Gross domestic product (GDP) by metropolitan area","75","71","   Arts, entertainment, and recreation",213,226,235,258,295,315,373,379,388,377,386,323,315,322
"19780","Des Moines-West Des Moines, IA (Metropolitan Statistical Area)"," ","200","Gross domestic product (GDP) by metropolitan area","76","711-712","    Performing arts, spectator sports, museums, and related activities","(D)","(D)","(D)","(D)","(D)",83,98,"(D)",126,"(D)",105,123,"(D)","(NA)"
"19780","Des Moines-West Des Moines, IA (Metropolitan Statistical Area)"," ","200","Gross domestic product (GDP) by metropolitan area","77","713","    Amusements, gambling, and recreation industries","(D)","(D)","(D)","(D)","(D)",232,275,"(D)",262,"(D)",282,201,"(D)","(NA)"
"19780","Des Moines-West Des Moines, IA (Metropolitan Statistical Area)"," ","200","Gross domestic product (GDP) by metropolitan area","78","72","   Accommodation and food services",486,513,528,571,580,617,633,644,645,642,676,830,886,917
"19780","Des Moines-West Des Moines, IA (Metropolitan Statistical Area)"," ","200","Gross domestic product (GDP) by metropolitan area","79","721","    Accommodation","(D)","(D)","(D)","(D)","(D)","(D)","(D)","(D)","(D)","(D)","(D)","(D)","(D)","(NA)"
"19780","Des Moines-West Des Moines, IA (Metropolitan Statistical Area)"," ","200","Gross domestic product (GDP) by metropolitan area","80","722","    Food services and drinking places","(D)","(D)","(D)","(D)","(D)","(D)","(D)","(D)","(D)","(D)","(D)","(D)","(D)","(NA)"
"19780","Des Moines-West Des Moines, IA (Metropolitan Statistical Area)"," ","200","Gross domestic product (GDP) by metropolitan area","81","81","  Other services, except government",516,"(D)",562,601,613,640,678,712,759,"(D)","(D)","(D)",822,845
"19780","Des Moines-West Des Moines, IA (Metropolitan Statistical Area)"," ","200","Gross domestic product (GDP) by metropolitan area","82","92"," Government",2191,2277,2400,2512,2645,2779,2930,3110,3335,3449,3507,3597,3591,3673
"19780","Des Moines-West Des Moines, IA (Metropolitan Statistical Area)"," ","200","Gross domestic product (GDP) by metropolitan area","83","...","  Federal civilian",437,465,481,475,481,512,517,501,552,663,690,684,595,"(NA)"
"19780","Des Moines-West Des Moines, IA (Metropolitan Statistical Area)"," ","200","Gross domestic product (GDP) by metropolitan area","84","...","  Federal military",91,99,117,130,141,134,140,142,158,172,180,190,201,"(NA)"
"19780","Des Moines-West Des Moines, IA (Metropolitan Statistical Area)"," ","200","Gross domestic product (GDP) by metropolitan area","85","...","  State and local",1662,1713,1802,1908,2023,2133,2273,2467,2626,2614,2638,2723,2794,"(NA)"
"19780","Des Moines-West Des Moines, IA (Metropolitan Statistical Area)"," ","200","Gross domestic product (GDP) by metropolitan area","86","11, 21","Natural resources and mining",94,137,154,280,217,236,339,424,390,309,507,460,546,434
"19780","Des Moines-West Des Moines, IA (Metropolitan Statistical Area)"," ","200","Gross domestic product (GDP) by metropolitan area","87","42, 44-45","Trade",3278,3287,3358,3609,3859,3958,4063,4278,4193,"(D)",4552,4808,4958,5091
"19780","Des Moines-West Des Moines, IA (Metropolitan Statistical Area)"," ","200","Gross domestic product (GDP) by metropolitan area","88","...","Transportation and utilities",937,932,912,986,968,1023,1062,1066,1043,1076,1072,1137,1078,1174
"19780","Des Moines-West Des Moines, IA (Metropolitan Statistical Area)"," ","200","Gross domestic product (GDP) by metropolitan area","89","...","Private goods-producing industries",2861,3122,3383,4003,4008,4030,4153,4109,4112,4109,4370,4709,4968,5179
"19780","Des Moines-West Des Moines, IA (Metropolitan Statistical Area)"," ","200","Gross domestic product (GDP) by metropolitan area","90","...","Private services-providing industries",19038,19947,22034,24627,27447,27614,31596,28587,28096,28904,30545,33454,34663,36374
"19780","Des Moines-West Des Moines, IA (Metropolitan Statistical Area)"," ","800","Quantity indexes for real GDP by metropolitan area","1","...","All industry total",80.448,82.854,88.835,96.627,102.954,101.509,111.605,102.292,100.000,101.468,105.137,111.380,112.815,115.720
"19780","Des Moines-West Des Moines, IA (Metropolitan Statistical Area)"," ","800","Quantity indexes for real GDP by metropolitan area","2","..."," Private industries",79.707,82.322,88.766,97.323,104.163,102.495,113.485,102.972,100.000,101.566,105.649,112.437,114.221,117.369
"19780","Des Moines-West Des Moines, IA (Metropolitan Statistical Area)"," ","800","Quantity indexes for real GDP by metropolitan area","3","11","  Agriculture, forestry, fishing, and hunting","(D)","(D)","(D)","(D)","(D)","(D)","(D)","(D)","(D)","(D)","(D)","(D)","(D)","(D)"
"19780","Des Moines-West Des Moines, IA (Metropolitan Statistical Area)"," ","800","Quantity indexes for real GDP by metropolitan area","4","111-112","   Farms",15.782,30.466,32.365,56.179,45.530,51.790,58.699,79.898,100.000,63.792,83.421,70.098,82.614,"(NA)"
"19780","Des Moines-West Des Moines, IA (Metropolitan Statistical Area)"," ","800","Quantity indexes for real GDP by metropolitan area","5","113-115","   Forestry, fishing, and related activities","(D)","(D)","(D)","(D)","(D)","(D)","(D)","(D)","(D)","(D)","(D)","(D)","(D)","(NA)"
"19780","Des Moines-West Des Moines, IA (Metropolitan Statistical Area)"," ","800","Quantity indexes for real GDP by metropolitan area","6","21","  Mining","(D)","(D)","(D)","(D)","(D)","(D)","(D)","(D)","(D)","(D)","(D)","(D)","(D)","(D)"
"19780","Des Moines-West Des Moines, IA (Metropolitan Statistical Area)"," ","800","Quantity indexes for real GDP by metropolitan area","7","211","   Oil and gas extraction",0.000,0.000,0.000,0.000,0.000,0.000,0.000,0.000,0.000,0.000,0.000,0.000,0.000,"(NA)"
"19780","Des Moines-West Des Moines, IA (Metropolitan Statistical Area)"," ","800","Quantity indexes for real GDP by metropolitan area","8","212","   Mining, except oil and gas","(D)","(D)","(D)","(D)","(D)","(D)","(D)","(D)","(D)","(D)","(D)","(D)","(D)","(NA)"
"19780","Des Moines-West Des Moines, IA (Metropolitan Statistical Area)"," ","800","Quantity indexes for real GDP by metropolitan area","9","213","   Support activities for mining","(D)","(D)","(D)","(D)","(D)","(D)","(D)","(D)","(D)","(D)","(D)","(D)","(D)","(NA)"
"19780","Des Moines-West Des Moines, IA (Metropolitan Statistical Area)"," ","800","Quantity indexes for real GDP by metropolitan area","10","22","  Utilities","(D)","(D)","(D)","(D)","(D)","(D)","(D)","(D)","(D)","(D)","(D)","(D)","(D)","(D)"
"19780","Des Moines-West Des Moines, IA (Metropolitan Statistical Area)"," ","800","Quantity indexes for real GDP by metropolitan area","11","23","  Construction",96.152,110.083,124.757,140.410,133.163,"(D)",111.241,100.515,100.000,104.924,114.127,113.220,118.308,128.383
"19780","Des Moines-West Des Moines, IA (Metropolitan Statistical Area)"," ","800","Quantity indexes for real GDP by metropolitan area","12","31-33","  Manufacturing",94.280,94.838,97.490,110.351,107.142,"(D)",109.570,108.308,100.000,103.966,99.799,110.102,108.534,108.317
"19780","Des Moines-West Des Moines, IA (Metropolitan Statistical Area)"," ","800","Quantity indexes for real GDP by metropolitan area","13","...","   Durable goods manufacturing","(D)","(D)","(D)","(D)","(D)","(D)","(D)","(D)","(D)","(D)","(D)","(D)","(D)","(D)"
"19780","Des Moines-West Des Moines, IA (Metropolitan Statistical Area)"," ","800","Quantity indexes for real GDP by metropolitan area","14","321","    Wood products manufacturing","(D)","(D)","(D)","(D)","(D)","(D)","(D)","(D)","(D)","(D)","(D)","(D)","(D)","(NA)"
"19780","Des Moines-West Des Moines, IA (Metropolitan Statistical Area)"," ","800","Quantity indexes for real GDP by metropolitan area","15","327","    Nonmetallic mineral products manufacturing","(D)","(D)","(D)","(D)","(D)","(D)","(D)","(D)","(D)","(D)","(D)","(D)","(D)","(NA)"
"19780","Des Moines-West Des Moines, IA (Metropolitan Statistical Area)"," ","800","Quantity indexes for real GDP by metropolitan area","16","331","    Primary metals manufacturing","(D)","(D)","(D)","(D)","(D)","(D)","(D)","(D)","(D)","(D)","(D)","(D)","(D)","(NA)"
"19780","Des Moines-West Des Moines, IA (Metropolitan Statistical Area)"," ","800","Quantity indexes for real GDP by metropolitan area","17","332","    Fabricated metal products","(D)","(D)","(D)","(D)","(D)","(D)","(D)","(D)","(D)","(D)","(D)","(D)","(D)","(NA)"
"19780","Des Moines-West Des Moines, IA (Metropolitan Statistical Area)"," ","800","Quantity indexes for real GDP by metropolitan area","18","333","    Machinery manufacturing","(D)","(D)","(D)","(D)","(D)","(D)","(D)","(D)","(D)","(D)","(D)","(D)","(D)","(NA)"
"19780","Des Moines-West Des Moines, IA (Metropolitan Statistical Area)"," ","800","Quantity indexes for real GDP by metropolitan area","19","334","    Computer and electronic products manufacturing","(D)","(D)","(D)","(D)","(D)","(D)","(D)","(D)","(D)","(D)","(D)","(D)","(D)","(NA)"
"19780","Des Moines-West Des Moines, IA (Metropolitan Statistical Area)"," ","800","Quantity indexes for real GDP by metropolitan area","20","335","    Electrical equipment, appliance, and components manufacturing","(D)","(D)","(D)","(D)","(D)","(D)","(D)","(D)","(D)","(D)","(D)","(D)","(D)","(NA)"
"19780","Des Moines-West Des Moines, IA (Metropolitan Statistical Area)"," ","800","Quantity indexes for real GDP by metropolitan area","21","3361-3363","    Motor vehicles, bodies and trailers, and parts manufacturing","(D)","(D)","(D)","(D)","(D)","(D)","(D)","(D)","(D)","(D)","(D)","(D)","(D)","(NA)"
"19780","Des Moines-West Des Moines, IA (Metropolitan Statistical Area)"," ","800","Quantity indexes for real GDP by metropolitan area","22","3364-3366, 3369","    Other transportation equipment manufacturing","(D)","(D)","(D)","(D)","(D)","(D)","(D)","(D)","(D)","(D)","(D)","(D)","(D)","(NA)"
"19780","Des Moines-West Des Moines, IA (Metropolitan Statistical Area)"," ","800","Quantity indexes for real GDP by metropolitan area","23","337","    Furniture and related products manufacturing","(D)","(D)","(D)","(D)","(D)","(D)","(D)","(D)","(D)","(D)","(D)","(D)","(D)","(NA)"
"19780","Des Moines-West Des Moines, IA (Metropolitan Statistical Area)"," ","800","Quantity indexes for real GDP by metropolitan area","24","339","    Miscellaneous manufacturing","(D)","(D)","(D)","(D)","(D)","(D)","(D)","(D)",100.000,98.620,"(D)","(D)","(D)","(NA)"
"19780","Des Moines-West Des Moines, IA (Metropolitan Statistical Area)"," ","800","Quantity indexes for real GDP by metropolitan area","25","...","   Nondurable goods manufacturing","(D)","(D)","(D)","(D)","(D)","(D)","(D)","(D)","(D)","(D)","(D)","(D)","(D)","(D)"
"19780","Des Moines-West Des Moines, IA (Metropolitan Statistical Area)"," ","800","Quantity indexes for real GDP by metropolitan area","26","311-312","    Food and beverage and tobacco products manufacturing","(D)","(D)","(D)","(D)","(D)","(D)","(D)","(D)","(D)","(D)","(D)","(D)","(D)","(NA)"
"19780","Des Moines-West Des Moines, IA (Metropolitan Statistical Area)"," ","800","Quantity indexes for real GDP by metropolitan area","27","313-314","    Textile mills and textile product mills","(D)","(D)","(D)","(D)","(D)","(D)","(D)","(D)","(D)","(D)","(D)","(D)","(D)","(NA)"
"19780","Des Moines-West Des Moines, IA (Metropolitan Statistical Area)"," ","800","Quantity indexes for real GDP by metropolitan area","28","315-316","    Apparel and leather and allied products manufacturing","(D)","(D)","(D)","(D)","(D)","(D)","(D)","(D)","(D)","(D)","(D)","(D)","(D)","(NA)"
"19780","Des Moines-West Des Moines, IA (Metropolitan Statistical Area)"," ","800","Quantity indexes for real GDP by metropolitan area","29","322","    Paper products manufacturing",152.301,72.177,81.945,90.571,98.935,112.258,98.069,87.710,100.000,107.143,"(D)","(D)","(D)","(NA)"
"19780","Des Moines-West Des Moines, IA (Metropolitan Statistical Area)"," ","800","Quantity indexes for real GDP by metropolitan area","30","323","    Printing and related support activities","(D)","(D)","(D)","(D)","(D)","(D)","(D)","(D)","(D)","(D)","(D)","(D)","(D)","(NA)"
"19780","Des Moines-West Des Moines, IA (Metropolitan Statistical Area)"," ","800","Quantity indexes for real GDP by metropolitan area","31","324","    Petroleum and coal products manufacturing","(D)","(D)","(D)","(D)","(D)","(D)","(D)","(D)","(D)","(D)","(D)","(D)","(D)","(NA)"
"19780","Des Moines-West Des Moines, IA (Metropolitan Statistical Area)"," ","800","Quantity indexes for real GDP by metropolitan area","32","325","    Chemical products manufacturing","(D)","(D)","(D)","(D)","(D)","(D)","(D)","(D)","(D)","(D)","(D)","(D)","(D)","(NA)"
"19780","Des Moines-West Des Moines, IA (Metropolitan Statistical Area)"," ","800","Quantity indexes for real GDP by metropolitan area","33","326","    Plastics and rubber products manufacturing","(D)","(D)","(D)","(D)","(D)","(D)","(D)","(D)","(D)","(D)","(D)","(D)","(D)","(NA)"
"19780","Des Moines-West Des Moines, IA (Metropolitan Statistical Area)"," ","800","Quantity indexes for real GDP by metropolitan area","34","42","  Wholesale trade",87.869,85.608,88.315,93.962,101.468,101.670,104.619,111.076,100.000,"(D)",106.384,109.632,110.374,110.769
"19780","Des Moines-West Des Moines, IA (Metropolitan Statistical Area)"," ","800","Quantity indexes for real GDP by metropolitan area","35","44-45","  Retail trade",97.937,102.247,105.136,108.307,108.534,106.709,103.516,101.396,100.000,100.979,101.728,103.428,105.799,108.722
"19780","Des Moines-West Des Moines, IA (Metropolitan Statistical Area)"," ","800","Quantity indexes for real GDP by metropolitan area","36","48-49","  Transportation and warehousing","(D)","(D)","(D)","(D)","(D)","(D)","(D)","(D)","(D)","(D)","(D)","(D)","(D)","(D)"
"19780","Des Moines-West Des Moines, IA (Metropolitan Statistical Area)"," ","800","Quantity indexes for real GDP by metropolitan area","37","481","   Air transportation","(D)","(D)","(D)","(D)","(D)","(D)","(D)","(D)","(D)","(D)","(D)","(D)","(D)","(NA)"
"19780","Des Moines-West Des Moines, IA (Metropolitan Statistical Area)"," ","800","Quantity indexes for real GDP by metropolitan area","38","482","   Rail transportation",72.974,66.778,73.042,95.147,101.363,108.342,111.448,116.228,100.000,105.237,102.251,98.701,93.478,"(NA)"
"19780","Des Moines-West Des Moines, IA (Metropolitan Statistical Area)"," ","800","Quantity indexes for real GDP by metropolitan area","39","483","   Water transportation",0.000,3.521,13.939,26.545,27.676,101.701,144.028,159.184,100.000,63.123,3.256,27.462,27.304,"(NA)"
"19780","Des Moines-West Des Moines, IA (Metropolitan Statistical Area)"," ","800","Quantity indexes for real GDP by metropolitan area","40","484","   Truck transportation",94.335,"(D)",98.255,106.184,107.798,118.023,117.589,111.143,100.000,108.771,110.505,114.897,116.696,"(NA)"
"19780","Des Moines-West Des Moines, IA (Metropolitan Statistical Area)"," ","800","Quantity indexes for real GDP by metropolitan area","41","485","   Transit and ground passenger transportation","(D)","(D)","(D)","(D)","(D)","(D)","(D)","(D)","(D)","(D)","(D)","(D)","(D)","(NA)"
"19780","Des Moines-West Des Moines, IA (Metropolitan Statistical Area)"," ","800","Quantity indexes for real GDP by metropolitan area","42","486","   Pipeline transportation","(D)","(D)","(D)","(D)","(D)","(D)","(D)","(D)","(D)","(D)","(D)","(D)","(D)","(NA)"
"19780","Des Moines-West Des Moines, IA (Metropolitan Statistical Area)"," ","800","Quantity indexes for real GDP by metropolitan area","43","487-488, 492","   Other transportation and support activities","(D)","(D)","(D)","(D)","(D)","(D)","(D)","(D)","(D)","(D)","(D)","(D)","(D)","(NA)"
"19780","Des Moines-West Des Moines, IA (Metropolitan Statistical Area)"," ","800","Quantity indexes for real GDP by metropolitan area","44","493","   Warehousing and storage","(D)","(D)","(D)","(D)","(D)","(D)","(D)","(D)","(D)","(D)","(D)","(D)","(D)","(NA)"
"19780","Des Moines-West Des Moines, IA (Metropolitan Statistical Area)"," ","800","Quantity indexes for real GDP by metropolitan area","45","51","  Information",55.927,"(D)",72.985,82.540,87.309,97.595,102.574,107.228,100.000,"(D)","(D)","(D)",89.448,88.457
"19780","Des Moines-West Des Moines, IA (Metropolitan Statistical Area)"," ","800","Quantity indexes for real GDP by metropolitan area","46","511","   Publishing industries, except Internet (includes software)","(D)","(D)","(D)","(D)","(D)","(D)","(D)","(D)","(D)","(D)","(D)","(D)","(D)","(NA)"
"19780","Des Moines-West Des Moines, IA (Metropolitan Statistical Area)"," ","800","Quantity indexes for real GDP by metropolitan area","47","512","   Motion picture and sound recording industries","(D)","(D)","(D)","(D)","(D)","(D)","(D)","(D)","(D)","(D)","(D)","(D)","(D)","(NA)"
"19780","Des Moines-West Des Moines, IA (Metropolitan Statistical Area)"," ","800","Quantity indexes for real GDP by metropolitan area","48","515, 517","   Broadcasting and telecommunications","(D)","(D)","(D)","(D)","(D)","(D)","(D)","(D)","(D)","(D)","(D)","(D)","(D)","(NA)"
"19780","Des Moines-West Des Moines, IA (Metropolitan Statistical Area)"," ","800","Quantity indexes for real GDP by metropolitan area","49","518, 519","   Data processing, internet publishing, and other information services","(D)","(D)","(D)","(D)","(D)","(D)","(D)","(D)","(D)","(D)","(D)","(D)","(D)","(NA)"
"19780","Des Moines-West Des Moines, IA (Metropolitan Statistical Area)"," ","800","Quantity indexes for real GDP by metropolitan area","50","52, 53","  Finance, insurance, real estate, rental, and leasing",75.030,76.879,86.789,97.478,111.010,106.004,128.715,102.450,100.000,102.440,109.139,119.105,121.269,124.792
"19780","Des Moines-West Des Moines, IA (Metropolitan Statistical Area)"," ","800","Quantity indexes for real GDP by metropolitan area","51","52","   Finance and insurance",67.019,71.813,89.028,105.249,123.980,113.730,143.413,"(D)",100.000,"(D)",105.245,"(D)",117.217,"(D)"
"19780","Des Moines-West Des Moines, IA (Metropolitan Statistical Area)"," ","800","Quantity indexes for real GDP by metropolitan area","52","521-522","    Federal Reserve banks, credit intermediation, and related services","(D)","(D)","(D)","(D)","(D)","(D)","(D)","(D)","(D)","(D)","(D)","(D)","(D)","(NA)"
"19780","Des Moines-West Des Moines, IA (Metropolitan Statistical Area)"," ","800","Quantity indexes for real GDP by metropolitan area","53","523","    Securities, commodity contracts, and investments","(D)","(D)","(D)","(D)","(D)","(D)","(D)","(D)",100.000,"(D)","(D)","(D)","(D)","(NA)"
"19780","Des Moines-West Des Moines, IA (Metropolitan Statistical Area)"," ","800","Quantity indexes for real GDP by metropolitan area","54","524","    Insurance carriers and related activities","(D)","(D)","(D)","(D)","(D)",128.910,170.627,101.045,100.000,107.244,108.519,117.492,120.394,"(NA)"
"19780","Des Moines-West Des Moines, IA (Metropolitan Statistical Area)"," ","800","Quantity indexes for real GDP by metropolitan area","55","525","    Funds, trusts, and other financial vehicles","(D)","(D)","(D)","(D)","(D)","(D)","(D)","(D)","(D)","(D)","(D)","(D)","(D)","(NA)"
"19780","Des Moines-West Des Moines, IA (Metropolitan Statistical Area)"," ","800","Quantity indexes for real GDP by metropolitan area","56","53","   Real estate and rental and leasing",89.309,86.019,83.198,84.129,88.464,92.680,103.358,"(D)",100.000,"(D)",115.552,"(D)",127.921,"(D)"
"19780","Des Moines-West Des Moines, IA (Metropolitan Statistical Area)"," ","800","Quantity indexes for real GDP by metropolitan area","57","531","    Real estate","(D)","(D)","(D)","(D)","(D)","(D)","(D)","(D)","(D)","(D)","(D)","(D)","(D)","(NA)"
"19780","Des Moines-West Des Moines, IA (Metropolitan Statistical Area)"," ","800","Quantity indexes for real GDP by metropolitan area","58","532-533","    Rental and leasing services and lessors of intangible assets","(D)","(D)","(D)","(D)","(D)","(D)","(D)","(D)","(D)","(D)","(D)","(D)","(D)","(NA)"
"19780","Des Moines-West Des Moines, IA (Metropolitan Statistical Area)"," ","800","Quantity indexes for real GDP by metropolitan area","59","54, 55, 56","  Professional and business services",74.424,76.703,81.258,81.708,86.112,89.299,93.364,100.263,100.000,101.195,106.962,119.120,124.315,133.872
"19780","Des Moines-West Des Moines, IA (Metropolitan Statistical Area)"," ","800","Quantity indexes for real GDP by metropolitan area","60","54","   Professional, scientific, and technical services",84.082,87.482,87.592,88.549,89.583,91.657,93.395,99.907,100.000,100.614,107.388,121.638,126.664,135.584
"19780","Des Moines-West Des Moines, IA (Metropolitan Statistical Area)"," ","800","Quantity indexes for real GDP by metropolitan area","64","55","   Management of companies and enterprises","(D)","(D)","(D)","(D)","(D)","(D)","(D)","(D)","(D)","(D)","(D)","(D)","(D)","(D)"
"19780","Des Moines-West Des Moines, IA (Metropolitan Statistical Area)"," ","800","Quantity indexes for real GDP by metropolitan area","65","56","   Administrative and waste management services","(D)","(D)","(D)","(D)","(D)","(D)","(D)","(D)","(D)","(D)","(D)","(D)","(D)","(D)"
"19780","Des Moines-West Des Moines, IA (Metropolitan Statistical Area)"," ","800","Quantity indexes for real GDP by metropolitan area","66","561","    Administrative and support services","(D)","(D)","(D)","(D)","(D)","(D)","(D)","(D)","(D)","(D)","(D)","(D)","(D)","(NA)"
"19780","Des Moines-West Des Moines, IA (Metropolitan Statistical Area)"," ","800","Quantity indexes for real GDP by metropolitan area","67","562","    Waste management and remediation services","(D)","(D)","(D)","(D)","(D)","(D)","(D)","(D)","(D)","(D)","(D)","(D)","(D)","(NA)"
"19780","Des Moines-West Des Moines, IA (Metropolitan Statistical Area)"," ","800","Quantity indexes for real GDP by metropolitan area","68","61, 62","  Educational services, health care, and social assistance",79.740,81.687,83.197,86.554,89.257,92.765,92.472,99.133,100.000,101.457,103.312,106.552,107.872,111.658
"19780","Des Moines-West Des Moines, IA (Metropolitan Statistical Area)"," ","800","Quantity indexes for real GDP by metropolitan area","69","61","   Educational services","(D)","(D)","(D)","(D)","(D)","(D)","(D)","(D)","(D)","(D)","(D)","(D)","(D)","(D)"
"19780","Des Moines-West Des Moines, IA (Metropolitan Statistical Area)"," ","800","Quantity indexes for real GDP by metropolitan area","70","62","   Health care and social assistance","(D)","(D)","(D)","(D)","(D)","(D)","(D)","(D)","(D)","(D)","(D)","(D)","(D)","(D)"
"19780","Des Moines-West Des Moines, IA (Metropolitan Statistical Area)"," ","800","Quantity indexes for real GDP by metropolitan area","71","621","    Ambulatory health care services","(D)","(D)","(D)","(D)","(D)","(D)","(D)","(D)","(D)","(D)","(D)","(D)","(D)","(NA)"
"19780","Des Moines-West Des Moines, IA (Metropolitan Statistical Area)"," ","800","Quantity indexes for real GDP by metropolitan area","72","622-623","    Hospitals and nursing and residential care facilities","(D)","(D)","(D)","(D)","(D)","(D)","(D)","(D)","(D)","(D)","(D)","(D)","(D)","(NA)"
"19780","Des Moines-West Des Moines, IA (Metropolitan Statistical Area)"," ","800","Quantity indexes for real GDP by metropolitan area","73","624","    Social assistance","(D)","(D)","(D)","(D)","(D)","(D)","(D)","(D)","(D)","(D)","(D)","(D)","(D)","(NA)"
"19780","Des Moines-West Des Moines, IA (Metropolitan Statistical Area)"," ","800","Quantity indexes for real GDP by metropolitan area","74","71, 72","  Arts, entertainment, recreation, accommodation, and food services",86.990,88.810,90.114,96.142,98.124,101.109,104.896,103.692,100.000,99.000,103.356,108.108,110.006,110.336
"19780","Des Moines-West Des Moines, IA (Metropolitan Statistical Area)"," ","800","Quantity indexes for real GDP by metropolitan area","75","71","   Arts, entertainment, and recreation",67.335,69.689,70.246,76.011,84.808,87.894,100.360,100.315,100.000,98.105,100.513,81.512,78.366,78.418
"19780","Des Moines-West Des Moines, IA (Metropolitan Statistical Area)"," ","800","Quantity indexes for real GDP by metropolitan area","76","711-712","    Performing arts, spectator sports, museums, and related activities","(D)","(D)","(D)","(D)","(D)",73.237,82.661,"(D)",100.000,"(D)",82.545,94.342,"(D)","(NA)"
"19780","Des Moines-West Des Moines, IA (Metropolitan Statistical Area)"," ","800","Quantity indexes for real GDP by metropolitan area","77","713","    Amusements, gambling, and recreation industries","(D)","(D)","(D)","(D)","(D)",94.902,108.812,"(D)",100.000,"(D)",109.214,75.150,"(D)","(NA)"
"19780","Des Moines-West Des Moines, IA (Metropolitan Statistical Area)"," ","800","Quantity indexes for real GDP by metropolitan area","78","72","   Accommodation and food services",99.457,100.929,102.711,108.890,106.485,109.403,107.684,105.755,100.000,99.537,105.055,123.942,128.812,129.305
"19780","Des Moines-West Des Moines, IA (Metropolitan Statistical Area)"," ","800","Quantity indexes for real GDP by metropolitan area","79","721","    Accommodation","(D)","(D)","(D)","(D)","(D)","(D)","(D)","(D)","(D)","(D)","(D)","(D)","(D)","(NA)"
"19780","Des Moines-West Des Moines, IA (Metropolitan Statistical Area)"," ","800","Quantity indexes for real GDP by metropolitan area","80","722","    Food services and drinking places","(D)","(D)","(D)","(D)","(D)","(D)","(D)","(D)","(D)","(D)","(D)","(D)","(D)","(NA)"
"19780","Des Moines-West Des Moines, IA (Metropolitan Statistical Area)"," ","800","Quantity indexes for real GDP by metropolitan area","81","81","  Other services, except government",92.657,"(D)",93.935,97.518,95.583,95.800,97.545,98.470,100.000,"(D)","(D)","(D)",97.179,97.467
"19780","Des Moines-West Des Moines, IA (Metropolitan Statistical Area)"," ","800","Quantity indexes for real GDP by metropolitan area","82","92"," Government",89.398,89.498,90.495,90.200,91.203,92.048,93.149,95.681,100.000,100.527,100.281,101.342,99.437,100.013
"19780","Des Moines-West Des Moines, IA (Metropolitan Statistical Area)"," ","800","Quantity indexes for real GDP by metropolitan area","83","...","  Federal civilian",107.747,108.039,106.290,99.955,97.131,100.304,97.695,92.633,100.000,115.817,117.682,116.686,99.268,"(NA)"
"19780","Des Moines-West Des Moines, IA (Metropolitan Statistical Area)"," ","800","Quantity indexes for real GDP by metropolitan area","84","...","  Federal military",82.671,84.760,91.383,97.397,99.086,89.508,90.240,88.783,100.000,106.217,109.184,113.573,120.302,"(NA)"
"19780","Des Moines-West Des Moines, IA (Metropolitan Statistical Area)"," ","800","Quantity indexes for real GDP by metropolitan area","85","...","  State and local",85.793,85.737,86.990,87.627,89.423,90.418,92.343,96.748,100.000,96.956,96.068,97.365,98.210,"(NA)"
"19780","Des Moines-West Des Moines, IA (Metropolitan Statistical Area)"," ","800","Quantity indexes for real GDP by metropolitan area","86","11, 21","Natural resources and mining",27.445,41.711,42.480,65.848,57.102,62.761,70.227,85.424,100.000,68.952,86.795,76.865,88.456,70.612
"19780","Des Moines-West Des Moines, IA (Metropolitan Statistical Area)"," ","800","Quantity indexes for real GDP by metropolitan area","87","42, 44-45","Trade",92.321,92.935,95.722,100.289,104.627,103.947,104.225,106.961,100.000,"(D)",104.452,107.060,108.474,109.905
"19780","Des Moines-West Des Moines, IA (Metropolitan Statistical Area)"," ","800","Quantity indexes for real GDP by metropolitan area","88","...","Transportation and utilities",112.710,112.757,106.818,113.211,106.986,108.820,110.423,107.717,100.000,104.806,103.039,107.109,98.158,103.096
"19780","Des Moines-West Des Moines, IA (Metropolitan Statistical Area)"," ","800","Quantity indexes for real GDP by metropolitan area","89","...","Private goods-producing industries",88.818,94.907,101.181,116.325,111.067,106.815,105.692,102.901,100.000,100.732,104.118,107.726,110.320,111.461
"19780","Des Moines-West Des Moines, IA (Metropolitan Statistical Area)"," ","800","Quantity indexes for real GDP by metropolitan area","90","...","Private services-providing industries",78.459,80.612,87.075,94.757,103.216,101.905,114.601,102.982,100.000,101.687,105.870,113.124,114.787,118.236
"19780","Des Moines-West Des Moines, IA (Metropolitan Statistical Area)"," ","900","Real GDP by metropolitan area","1","...","All industry total",28593,29449,31575,34344,36593,36079,39668,36358,35543,36065,37369,39588,40098,41130
"19780","Des Moines-West Des Moines, IA (Metropolitan Statistical Area)"," ","900","Real GDP by metropolitan area","2","..."," Private industries",25672,26514,28589,31345,33548,33011,36551,33165,32208,32712,34027,36213,36788,37802
"19780","Des Moines-West Des Moines, IA (Metropolitan Statistical Area)"," ","900","Real GDP by metropolitan area","3","11","  Agriculture, forestry, fishing, and hunting","(D)","(D)","(D)","(D)","(D)","(D)","(D)","(D)","(D)","(D)","(D)","(D)",310,236
"19780","Des Moines-West Des Moines, IA (Metropolitan Statistical Area)"," ","900","Real GDP by metropolitan area","4","111-112","   Farms",53,103,110,190,154,176,199,271,339,216,283,238,280,"(NA)"
"19780","Des Moines-West Des Moines, IA (Metropolitan Statistical Area)"," ","900","Real GDP by metropolitan area","5","113-115","   Forestry, fishing, and related activities","(D)","(D)","(D)","(D)","(D)","(D)","(D)","(D)","(D)","(D)","(D)","(D)",29,"(NA)"
"19780","Des Moines-West Des Moines, IA (Metropolitan Statistical Area)"," ","900","Real GDP by metropolitan area","6","21","  Mining","(D)","(D)","(D)","(D)","(D)","(D)","(D)","(D)","(D)","(D)","(D)","(D)",36,45
"19780","Des Moines-West Des Moines, IA (Metropolitan Statistical Area)"," ","900","Real GDP by metropolitan area","7","211","   Oil and gas extraction","(L)","(L)","(L)","(L)","(L)","(L)","(L)","(L)","(L)","(L)","(L)","(L)","(L)","(NA)"
"19780","Des Moines-West Des Moines, IA (Metropolitan Statistical Area)"," ","900","Real GDP by metropolitan area","8","212","   Mining, except oil and gas","(D)","(D)","(D)","(D)","(D)","(D)","(D)","(D)","(D)","(D)","(D)","(D)",36,"(NA)"
"19780","Des Moines-West Des Moines, IA (Metropolitan Statistical Area)"," ","900","Real GDP by metropolitan area","9","213","   Support activities for mining","(L)","(L)","(L)","(L)","(D)","(D)","(D)","(D)","(D)","(D)","(D)","(D)","(L)","(NA)"
"19780","Des Moines-West Des Moines, IA (Metropolitan Statistical Area)"," ","900","Real GDP by metropolitan area","10","22","  Utilities","(D)","(D)","(D)","(D)","(D)","(D)","(D)","(D)","(D)","(D)","(D)","(D)",211,211
"19780","Des Moines-West Des Moines, IA (Metropolitan Statistical Area)"," ","900","Real GDP by metropolitan area","11","23","  Construction",1454,1665,1886,2123,2014,"(D)",1682,1520,1512,1587,1726,1712,1789,1941
"19780","Des Moines-West Des Moines, IA (Metropolitan Statistical Area)"," ","900","Real GDP by metropolitan area","12","31-33","  Manufacturing",2084,2096,2155,2439,2368,"(D)",2422,2394,2210,2298,2206,2433,2399,2394
"19780","Des Moines-West Des Moines, IA (Metropolitan Statistical Area)"," ","900","Real GDP by metropolitan area","13","...","   Durable goods manufacturing","(D)","(D)",890,1145,1194,"(D)","(D)","(D)","(D)","(D)","(D)","(D)",1118,1087
"19780","Des Moines-West Des Moines, IA (Metropolitan Statistical Area)"," ","900","Real GDP by metropolitan area","14","321","    Wood products manufacturing","(D)","(D)","(D)","(D)","(D)","(D)",34,"(D)","(D)","(D)","(D)","(D)",28,"(NA)"
"19780","Des Moines-West Des Moines, IA (Metropolitan Statistical Area)"," ","900","Real GDP by metropolitan area","15","327","    Nonmetallic mineral products manufacturing","(D)","(D)","(D)","(D)","(D)","(D)","(D)","(D)","(D)","(D)","(D)","(D)",96,"(NA)"
"19780","Des Moines-West Des Moines, IA (Metropolitan Statistical Area)"," ","900","Real GDP by metropolitan area","16","331","    Primary metals manufacturing","(D)","(D)","(D)","(D)","(D)","(D)","(D)","(D)","(D)","(D)","(D)","(D)","(D)","(NA)"
"19780","Des Moines-West Des Moines, IA (Metropolitan Statistical Area)"," ","900","Real GDP by metropolitan area","17","332","    Fabricated metal products","(D)","(D)","(D)","(D)","(D)","(D)","(D)","(D)","(D)","(D)","(D)","(D)","(D)","(NA)"
"19780","Des Moines-West Des Moines, IA (Metropolitan Statistical Area)"," ","900","Real GDP by metropolitan area","18","333","    Machinery manufacturing","(D)","(D)","(D)","(D)","(D)","(D)","(D)",542,"(D)","(D)","(D)","(D)",592,"(NA)"
"19780","Des Moines-West Des Moines, IA (Metropolitan Statistical Area)"," ","900","Real GDP by metropolitan area","19","334","    Computer and electronic products manufacturing","(D)","(D)","(D)","(D)","(D)","(D)","(D)","(D)","(D)","(D)","(D)","(D)","(D)","(NA)"
"19780","Des Moines-West Des Moines, IA (Metropolitan Statistical Area)"," ","900","Real GDP by metropolitan area","20","335","    Electrical equipment, appliance, and components manufacturing","(D)","(D)","(D)","(D)","(D)","(D)","(D)","(D)","(D)","(D)","(D)","(D)","(D)","(NA)"
"19780","Des Moines-West Des Moines, IA (Metropolitan Statistical Area)"," ","900","Real GDP by metropolitan area","21","3361-3363","    Motor vehicles, bodies and trailers, and parts manufacturing","(D)","(D)","(D)","(D)","(D)","(D)","(D)","(D)","(D)","(D)","(D)","(D)","(D)","(NA)"
"19780","Des Moines-West Des Moines, IA (Metropolitan Statistical Area)"," ","900","Real GDP by metropolitan area","22","3364-3366, 3369","    Other transportation equipment manufacturing","(D)","(D)","(D)","(D)","(D)","(D)","(D)",47,"(D)","(D)","(D)","(D)","(D)","(NA)"
"19780","Des Moines-West Des Moines, IA (Metropolitan Statistical Area)"," ","900","Real GDP by metropolitan area","23","337","    Furniture and related products manufacturing","(D)","(D)","(D)","(D)","(D)","(D)","(D)","(D)","(D)","(D)","(D)","(D)",18,"(NA)"
"19780","Des Moines-West Des Moines, IA (Metropolitan Statistical Area)"," ","900","Real GDP by metropolitan area","24","339","    Miscellaneous manufacturing","(D)","(D)","(D)","(D)","(D)","(D)","(D)","(D)",50,49,"(D)","(D)","(D)","(NA)"
"19780","Des Moines-West Des Moines, IA (Metropolitan Statistical Area)"," ","900","Real GDP by metropolitan area","25","...","   Nondurable goods manufacturing","(D)","(D)",1273,1292,1165,"(D)","(D)","(D)","(D)","(D)","(D)","(D)",1285,1311
"19780","Des Moines-West Des Moines, IA (Metropolitan Statistical Area)"," ","900","Real GDP by metropolitan area","26","311-312","    Food and beverage and tobacco products manufacturing","(D)","(D)","(D)","(D)","(D)","(D)","(D)","(D)","(D)","(D)","(D)","(D)",595,"(NA)"
"19780","Des Moines-West Des Moines, IA (Metropolitan Statistical Area)"," ","900","Real GDP by metropolitan area","27","313-314","    Textile mills and textile product mills","(D)","(D)","(D)","(D)","(D)","(D)","(D)","(D)","(D)","(D)","(D)","(D)",10,"(NA)"
"19780","Des Moines-West Des Moines, IA (Metropolitan Statistical Area)"," ","900","Real GDP by metropolitan area","28","315-316","    Apparel and leather and allied products manufacturing","(D)","(D)","(D)","(D)","(D)","(D)","(D)","(D)","(D)","(D)","(L)","(L)","(L)","(NA)"
"19780","Des Moines-West Des Moines, IA (Metropolitan Statistical Area)"," ","900","Real GDP by metropolitan area","29","322","    Paper products manufacturing",74,35,40,44,48,55,48,43,49,52,"(D)","(D)","(D)","(NA)"
"19780","Des Moines-West Des Moines, IA (Metropolitan Statistical Area)"," ","900","Real GDP by metropolitan area","30","323","    Printing and related support activities","(D)","(D)","(D)","(D)","(D)","(D)","(D)","(D)","(D)","(D)","(D)","(D)",134,"(NA)"
"19780","Des Moines-West Des Moines, IA (Metropolitan Statistical Area)"," ","900","Real GDP by metropolitan area","31","324","    Petroleum and coal products manufacturing","(D)","(D)","(D)","(D)","(D)","(D)","(D)","(D)","(D)","(D)","(D)","(D)","(D)","(NA)"
"19780","Des Moines-West Des Moines, IA (Metropolitan Statistical Area)"," ","900","Real GDP by metropolitan area","32","325","    Chemical products manufacturing","(D)","(D)","(D)","(D)","(D)","(D)","(D)","(D)","(D)","(D)","(D)","(D)","(D)","(NA)"
"19780","Des Moines-West Des Moines, IA (Metropolitan Statistical Area)"," ","900","Real GDP by metropolitan area","33","326","    Plastics and rubber products manufacturing","(D)","(D)","(D)","(D)","(D)","(D)","(D)","(D)","(D)","(D)","(D)","(D)",352,"(NA)"
"19780","Des Moines-West Des Moines, IA (Metropolitan Statistical Area)"," ","900","Real GDP by metropolitan area","34","42","  Wholesale trade",2145,2090,2156,2294,2477,2482,2554,2712,2441,"(D)",2597,2677,2695,2704
"19780","Des Moines-West Des Moines, IA (Metropolitan Statistical Area)"," ","900","Real GDP by metropolitan area","35","44-45","  Retail trade",1715,1791,1842,1897,1901,1869,1813,1776,1752,1769,1782,1812,1853,1904
"19780","Des Moines-West Des Moines, IA (Metropolitan Statistical Area)"," ","900","Real GDP by metropolitan area","36","48-49","  Transportation and warehousing","(D)","(D)","(D)","(D)","(D)","(D)","(D)","(D)","(D)","(D)","(D)","(D)",808,859
"19780","Des Moines-West Des Moines, IA (Metropolitan Statistical Area)"," ","900","Real GDP by metropolitan area","37","481","   Air transportation",11,16,20,24,34,30,27,28,"(D)","(D)","(D)","(D)","(D)","(NA)"
"19780","Des Moines-West Des Moines, IA (Metropolitan Statistical Area)"," ","900","Real GDP by metropolitan area","38","482","   Rail transportation",71,65,71,92,99,105,108,113,97,102,99,96,91,"(NA)"
"19780","Des Moines-West Des Moines, IA (Metropolitan Statistical Area)"," ","900","Real GDP by metropolitan area","39","483","   Water transportation","(L)","(L)","(L)","(L)","(L)","(L)","(L)","(L)","(L)","(L)","(L)","(L)","(L)","(NA)"
"19780","Des Moines-West Des Moines, IA (Metropolitan Statistical Area)"," ","900","Real GDP by metropolitan area","40","484","   Truck transportation",359,"(D)",374,404,410,449,447,423,380,414,420,437,444,"(NA)"
"19780","Des Moines-West Des Moines, IA (Metropolitan Statistical Area)"," ","900","Real GDP by metropolitan area","41","485","   Transit and ground passenger transportation","(D)","(D)","(D)","(D)","(D)","(D)","(D)","(D)","(D)","(D)","(D)","(D)",13,"(NA)"
"19780","Des Moines-West Des Moines, IA (Metropolitan Statistical Area)"," ","900","Real GDP by metropolitan area","42","486","   Pipeline transportation","(D)","(D)","(D)","(D)","(D)","(D)","(D)","(D)","(D)","(D)","(D)","(D)",19,"(NA)"
"19780","Des Moines-West Des Moines, IA (Metropolitan Statistical Area)"," ","900","Real GDP by metropolitan area","43","487-488, 492","   Other transportation and support activities","(D)","(D)","(D)","(D)","(D)","(D)","(D)","(D)","(D)","(D)","(D)","(D)","(D)","(NA)"
"19780","Des Moines-West Des Moines, IA (Metropolitan Statistical Area)"," ","900","Real GDP by metropolitan area","44","493","   Warehousing and storage","(D)","(D)",37,"(D)","(D)","(D)","(D)","(D)","(D)","(D)","(D)","(D)",72,"(NA)"
"19780","Des Moines-West Des Moines, IA (Metropolitan Statistical Area)"," ","900","Real GDP by metropolitan area","45","51","  Information",877,"(D)",1145,1295,1369,1531,1609,1682,1568,"(D)","(D)","(D)",1403,1387
"19780","Des Moines-West Des Moines, IA (Metropolitan Statistical Area)"," ","900","Real GDP by metropolitan area","46","511","   Publishing industries, except Internet (includes software)","(D)","(D)","(D)","(D)","(D)","(D)","(D)","(D)","(D)","(D)","(D)","(D)",489,"(NA)"
"19780","Des Moines-West Des Moines, IA (Metropolitan Statistical Area)"," ","900","Real GDP by metropolitan area","47","512","   Motion picture and sound recording industries","(D)","(D)","(D)","(D)","(D)","(D)","(D)","(D)","(D)","(D)","(D)","(D)",88,"(NA)"
"19780","Des Moines-West Des Moines, IA (Metropolitan Statistical Area)"," ","900","Real GDP by metropolitan area","48","515, 517","   Broadcasting and telecommunications","(D)","(D)","(D)","(D)","(D)","(D)","(D)","(D)","(D)","(D)","(D)","(D)","(D)","(NA)"
"19780","Des Moines-West Des Moines, IA (Metropolitan Statistical Area)"," ","900","Real GDP by metropolitan area","49","518, 519","   Data processing, internet publishing, and other information services","(D)","(D)","(D)","(D)","(D)","(D)","(D)","(D)","(D)","(D)","(D)","(D)","(D)","(NA)"
"19780","Des Moines-West Des Moines, IA (Metropolitan Statistical Area)"," ","900","Real GDP by metropolitan area","50","52, 53","  Finance, insurance, real estate, rental, and leasing",10519,10778,12168,13666,15563,14861,18045,14363,14020,14362,15301,16698,17001,17495
"19780","Des Moines-West Des Moines, IA (Metropolitan Statistical Area)"," ","900","Real GDP by metropolitan area","51","52","   Finance and insurance",5773,6186,7669,9066,10679,9796,12353,"(D)",8614,"(D)",9065,"(D)",10097,"(D)"
"19780","Des Moines-West Des Moines, IA (Metropolitan Statistical Area)"," ","900","Real GDP by metropolitan area","52","521-522","    Federal Reserve banks, credit intermediation, and related services","(D)","(D)","(D)","(D)","(D)","(D)","(D)","(D)","(D)","(D)","(D)","(D)",2427,"(NA)"
"19780","Des Moines-West Des Moines, IA (Metropolitan Statistical Area)"," ","900","Real GDP by metropolitan area","53","523","    Securities, commodity contracts, and investments","(D)","(D)","(D)","(D)","(D)","(D)","(D)","(D)",214,"(D)","(D)","(D)","(D)","(NA)"
"19780","Des Moines-West Des Moines, IA (Metropolitan Statistical Area)"," ","900","Real GDP by metropolitan area","54","524","    Insurance carriers and related activities","(D)","(D)","(D)","(D)","(D)",7864,10409,6164,6100,6542,6620,7168,7345,"(NA)"
"19780","Des Moines-West Des Moines, IA (Metropolitan Statistical Area)"," ","900","Real GDP by metropolitan area","55","525","    Funds, trusts, and other financial vehicles","(D)","(D)","(D)","(D)","(D)","(D)","(D)","(D)","(D)","(D)","(D)","(D)","(D)","(NA)"
"19780","Des Moines-West Des Moines, IA (Metropolitan Statistical Area)"," ","900","Real GDP by metropolitan area","56","53","   Real estate and rental and leasing",4828,4650,4498,4548,4782,5010,5588,"(D)",5406,"(D)",6247,"(D)",6915,"(D)"
"19780","Des Moines-West Des Moines, IA (Metropolitan Statistical Area)"," ","900","Real GDP by metropolitan area","57","531","    Real estate","(D)","(D)","(D)","(D)","(D)","(D)","(D)","(D)","(D)","(D)","(D)","(D)","(D)","(NA)"
"19780","Des Moines-West Des Moines, IA (Metropolitan Statistical Area)"," ","900","Real GDP by metropolitan area","58","532-533","    Rental and leasing services and lessors of intangible assets","(D)","(D)","(D)","(D)","(D)","(D)","(D)","(D)","(D)","(D)","(D)","(D)","(D)","(NA)"
"19780","Des Moines-West Des Moines, IA (Metropolitan Statistical Area)"," ","900","Real GDP by metropolitan area","59","54, 55, 56","  Professional and business services",2167,2233,2366,2379,2507,2600,2718,2919,2911,2946,3114,3468,3619,3897
"19780","Des Moines-West Des Moines, IA (Metropolitan Statistical Area)"," ","900","Real GDP by metropolitan area","60","54","   Professional, scientific, and technical services",1196,1245,1246,1260,1274,1304,1329,1421,1423,1431,1528,1730,1802,1929
"19780","Des Moines-West Des Moines, IA (Metropolitan Statistical Area)"," ","900","Real GDP by metropolitan area","64","55","   Management of companies and enterprises","(D)","(D)","(D)","(D)","(D)","(D)","(D)","(D)","(D)","(D)","(D)","(D)",772,967
"19780","Des Moines-West Des Moines, IA (Metropolitan Statistical Area)"," ","900","Real GDP by metropolitan area","65","56","   Administrative and waste management services","(D)","(D)","(D)","(D)","(D)","(D)","(D)","(D)","(D)","(D)","(D)","(D)",1042,1000
"19780","Des Moines-West Des Moines, IA (Metropolitan Statistical Area)"," ","900","Real GDP by metropolitan area","66","561","    Administrative and support services","(D)","(D)","(D)","(D)","(D)","(D)","(D)","(D)","(D)","(D)","(D)",967,980,"(NA)"
"19780","Des Moines-West Des Moines, IA (Metropolitan Statistical Area)"," ","900","Real GDP by metropolitan area","67","562","    Waste management and remediation services","(D)","(D)","(D)","(D)","(D)","(D)","(D)","(D)","(D)","(D)","(D)","(D)",63,"(NA)"
"19780","Des Moines-West Des Moines, IA (Metropolitan Statistical Area)"," ","900","Real GDP by metropolitan area","68","61, 62","  Educational services, health care, and social assistance",2048,2098,2137,2223,2293,2383,2376,2547,2569,2606,2654,2737,2771,2868
"19780","Des Moines-West Des Moines, IA (Metropolitan Statistical Area)"," ","900","Real GDP by metropolitan area","69","61","   Educational services","(D)","(D)",243,252,257,"(D)","(D)",278,"(D)",302,294,288,282,277
"19780","Des Moines-West Des Moines, IA (Metropolitan Statistical Area)"," ","900","Real GDP by metropolitan area","70","62","   Health care and social assistance","(D)","(D)",1894,1972,2036,"(D)","(D)",2268,"(D)",2304,2360,2450,2490,2593
"19780","Des Moines-West Des Moines, IA (Metropolitan Statistical Area)"," ","900","Real GDP by metropolitan area","71","621","    Ambulatory health care services","(D)","(D)","(D)","(D)","(D)","(D)","(D)","(D)","(D)",1191,1196,"(D)","(D)","(NA)"
"19780","Des Moines-West Des Moines, IA (Metropolitan Statistical Area)"," ","900","Real GDP by metropolitan area","72","622-623","    Hospitals and nursing and residential care facilities","(D)","(D)","(D)","(D)","(D)","(D)","(D)","(D)","(D)","(D)","(D)","(D)",930,"(NA)"
"19780","Des Moines-West Des Moines, IA (Metropolitan Statistical Area)"," ","900","Real GDP by metropolitan area","73","624","    Social assistance","(D)","(D)","(D)","(D)","(D)","(D)","(D)","(D)","(D)","(D)","(D)","(D)","(D)","(NA)"
"19780","Des Moines-West Des Moines, IA (Metropolitan Statistical Area)"," ","900","Real GDP by metropolitan area","74","71, 72","  Arts, entertainment, recreation, accommodation, and food services",898,917,931,993,1013,1044,1083,1071,1033,1022,1067,1117,1136,1140
"19780","Des Moines-West Des Moines, IA (Metropolitan Statistical Area)"," ","900","Real GDP by metropolitan area","75","71","   Arts, entertainment, and recreation",261,270,272,295,329,341,389,389,388,381,390,316,304,304
"19780","Des Moines-West Des Moines, IA (Metropolitan Statistical Area)"," ","900","Real GDP by metropolitan area","76","711-712","    Performing arts, spectator sports, museums, and related activities","(D)","(D)","(D)","(D)","(D)",92,104,"(D)",126,"(D)",104,119,"(D)","(NA)"
"19780","Des Moines-West Des Moines, IA (Metropolitan Statistical Area)"," ","900","Real GDP by metropolitan area","77","713","    Amusements, gambling, and recreation industries","(D)","(D)","(D)","(D)","(D)",249,285,"(D)",262,"(D)",286,197,"(D)","(NA)"
"19780","Des Moines-West Des Moines, IA (Metropolitan Statistical Area)"," ","900","Real GDP by metropolitan area","78","72","   Accommodation and food services",641,651,662,702,687,706,694,682,645,642,678,799,831,834
"19780","Des Moines-West Des Moines, IA (Metropolitan Statistical Area)"," ","900","Real GDP by metropolitan area","79","721","    Accommodation","(D)","(D)","(D)","(D)","(D)","(D)","(D)","(D)","(D)","(D)","(D)","(D)","(D)","(NA)"
"19780","Des Moines-West Des Moines, IA (Metropolitan Statistical Area)"," ","900","Real GDP by metropolitan area","80","722","    Food services and drinking places","(D)","(D)","(D)","(D)","(D)","(D)","(D)","(D)","(D)","(D)","(D)","(D)","(D)","(NA)"
"19780","Des Moines-West Des Moines, IA (Metropolitan Statistical Area)"," ","900","Real GDP by metropolitan area","81","81","  Other services, except government",703,"(D)",713,740,725,727,740,747,759,"(D)","(D)","(D)",738,740
"19780","Des Moines-West Des Moines, IA (Metropolitan Statistical Area)"," ","900","Real GDP by metropolitan area","82","92"," Government",2982,2985,3018,3008,3042,3070,3107,3191,3335,3353,3345,3380,3317,3336
"19780","Des Moines-West Des Moines, IA (Metropolitan Statistical Area)"," ","900","Real GDP by metropolitan area","83","...","  Federal civilian",594,596,586,551,536,553,539,511,552,639,649,644,548,"(NA)"
"19780","Des Moines-West Des Moines, IA (Metropolitan Statistical Area)"," ","900","Real GDP by metropolitan area","84","...","  Federal military",131,134,144,154,157,141,143,140,158,168,172,179,190,"(NA)"
"19780","Des Moines-West Des Moines, IA (Metropolitan Statistical Area)"," ","900","Real GDP by metropolitan area","85","...","  State and local",2253,2251,2284,2301,2348,2374,2425,2540,2626,2546,2522,2557,2579,"(NA)"
"19780","Des Moines-West Des Moines, IA (Metropolitan Statistical Area)"," ","900","Real GDP by metropolitan area","86","11, 21","Natural resources and mining",107,163,166,257,223,245,274,333,390,269,338,300,345,275
"19780","Des Moines-West Des Moines, IA (Metropolitan Statistical Area)"," ","900","Real GDP by metropolitan area","87","42, 44-45","Trade",3871,3897,4014,4205,4387,4358,4370,4485,4193,"(D)",4380,4489,4548,4608
"19780","Des Moines-West Des Moines, IA (Metropolitan Statistical Area)"," ","900","Real GDP by metropolitan area","88","...","Transportation and utilities",1175,1176,1114,1181,1116,1135,1152,1123,1043,1093,1075,1117,1024,1075
"19780","Des Moines-West Des Moines, IA (Metropolitan Statistical Area)"," ","900","Real GDP by metropolitan area","89","...","Private goods-producing industries",3652,3903,4160,4783,4567,4392,4346,4231,4112,4142,4281,4430,4536,4583
"19780","Des Moines-West Des Moines, IA (Metropolitan Statistical Area)"," ","900","Real GDP by metropolitan area","90","...","Private services-providing industries",22044,22649,24464,26622,28999,28631,32198,28933,28096,28569,29745,31783,32250,33219
"19780","Des Moines-West Des Moines, IA (Metropolitan Statistical Area)"," ","1000","Per capita real GDP by metropolitan area","1","...","All industry total",58382,59339,62722,67176,70158,67724,72974,65670,63176,63055,64342,67161,66853,67256
"Note: See the included footnote file."
NAICS Industry detail is based on the 2007 North American Industry Classification System (NAICS).
"Source: U.S. Department of Commerce / Bureau of Economic Analysis / Regional Product Division"
