"GeoFIPS","GeoName","Region","ComponentId","ComponentName","IndustryId","IndustryClassification","Description","2001","2002","2003","2004","2005","2006","2007","2008","2009","2010","2011","2012","2013","2014"
"27620","Jefferson City, MO (Metropolitan Statistical Area)"," ","200","Gross domestic product (GDP) by metropolitan area","1","...","All industry total",4518,4479,4807,5152,5336,5557,5725,5825,5977,6187,6120,6129,6509,6526
"27620","Jefferson City, MO (Metropolitan Statistical Area)"," ","200","Gross domestic product (GDP) by metropolitan area","2","..."," Private industries",3131,3136,3390,3693,3836,3978,4088,4137,4249,4475,4432,4440,4766,4759
"27620","Jefferson City, MO (Metropolitan Statistical Area)"," ","200","Gross domestic product (GDP) by metropolitan area","3","11","  Agriculture, forestry, fishing, and hunting","(D)","(D)","(D)","(D)","(D)","(D)","(D)","(D)","(D)","(D)","(D)","(D)","(D)","(D)"
"27620","Jefferson City, MO (Metropolitan Statistical Area)"," ","200","Gross domestic product (GDP) by metropolitan area","4","111-112","   Farms",22,14,31,117,88,95,94,115,64,100,139,89,144,"(NA)"
"27620","Jefferson City, MO (Metropolitan Statistical Area)"," ","200","Gross domestic product (GDP) by metropolitan area","5","113-115","   Forestry, fishing, and related activities","(D)","(D)","(D)","(D)","(D)","(D)","(D)","(D)","(D)","(D)","(D)","(D)","(D)","(NA)"
"27620","Jefferson City, MO (Metropolitan Statistical Area)"," ","200","Gross domestic product (GDP) by metropolitan area","6","21","  Mining","(D)","(D)","(D)","(D)","(D)","(D)","(D)","(D)","(D)","(D)","(D)","(D)","(D)","(D)"
"27620","Jefferson City, MO (Metropolitan Statistical Area)"," ","200","Gross domestic product (GDP) by metropolitan area","7","211","   Oil and gas extraction","(L)","(L)","(L)","(L)","(L)","(L)","(L)","(L)","(L)","(L)","(L)","(L)","(L)","(NA)"
"27620","Jefferson City, MO (Metropolitan Statistical Area)"," ","200","Gross domestic product (GDP) by metropolitan area","8","212","   Mining, except oil and gas","(D)","(D)","(D)","(D)","(D)","(D)","(D)","(D)","(D)","(D)","(D)","(D)","(D)","(NA)"
"27620","Jefferson City, MO (Metropolitan Statistical Area)"," ","200","Gross domestic product (GDP) by metropolitan area","9","213","   Support activities for mining","(L)","(L)","(L)","(L)","(L)","(L)","(L)","(L)","(L)","(L)","(L)","(L)","(L)","(NA)"
"27620","Jefferson City, MO (Metropolitan Statistical Area)"," ","200","Gross domestic product (GDP) by metropolitan area","10","22","  Utilities","(D)","(D)","(D)","(D)","(D)","(D)","(D)","(D)","(D)","(D)","(D)","(D)","(D)","(D)"
"27620","Jefferson City, MO (Metropolitan Statistical Area)"," ","200","Gross domestic product (GDP) by metropolitan area","11","23","  Construction",198,212,238,265,"(D)",284,292,279,268,275,270,262,266,261
"27620","Jefferson City, MO (Metropolitan Statistical Area)"," ","200","Gross domestic product (GDP) by metropolitan area","12","31-33","  Manufacturing",494,487,524,526,532,"(D)","(D)",558,544,608,571,634,677,683
"27620","Jefferson City, MO (Metropolitan Statistical Area)"," ","200","Gross domestic product (GDP) by metropolitan area","13","...","   Durable goods manufacturing","(D)","(D)","(D)","(D)",277,"(D)","(D)","(D)","(D)","(D)","(D)","(D)",329,360
"27620","Jefferson City, MO (Metropolitan Statistical Area)"," ","200","Gross domestic product (GDP) by metropolitan area","14","321","    Wood products manufacturing","(D)","(D)","(D)","(D)",13,35,"(D)","(D)","(D)","(D)","(D)","(D)",14,"(NA)"
"27620","Jefferson City, MO (Metropolitan Statistical Area)"," ","200","Gross domestic product (GDP) by metropolitan area","15","327","    Nonmetallic mineral products manufacturing","(D)","(D)","(D)","(D)","(D)","(D)","(D)","(D)","(D)","(D)","(D)","(D)","(D)","(NA)"
"27620","Jefferson City, MO (Metropolitan Statistical Area)"," ","200","Gross domestic product (GDP) by metropolitan area","16","331","    Primary metals manufacturing","(D)","(D)","(D)","(D)","(D)","(D)","(D)","(D)","(L)","(L)","(L)","(L)","(L)","(NA)"
"27620","Jefferson City, MO (Metropolitan Statistical Area)"," ","200","Gross domestic product (GDP) by metropolitan area","17","332","    Fabricated metal products","(D)","(D)","(D)","(D)","(D)","(D)","(D)","(D)","(D)","(D)","(D)","(D)",71,"(NA)"
"27620","Jefferson City, MO (Metropolitan Statistical Area)"," ","200","Gross domestic product (GDP) by metropolitan area","18","333","    Machinery manufacturing","(D)","(D)","(D)","(D)","(D)","(D)","(D)","(D)","(D)","(D)","(D)","(D)","(D)","(NA)"
"27620","Jefferson City, MO (Metropolitan Statistical Area)"," ","200","Gross domestic product (GDP) by metropolitan area","19","334","    Computer and electronic products manufacturing","(D)","(D)","(D)","(D)","(D)","(D)","(D)","(D)","(D)","(D)","(D)","(D)",3,"(NA)"
"27620","Jefferson City, MO (Metropolitan Statistical Area)"," ","200","Gross domestic product (GDP) by metropolitan area","20","335","    Electrical equipment, appliance, and components manufacturing","(D)","(D)","(D)","(D)","(D)","(D)","(D)","(D)","(D)","(D)","(D)","(D)","(D)","(NA)"
"27620","Jefferson City, MO (Metropolitan Statistical Area)"," ","200","Gross domestic product (GDP) by metropolitan area","21","3361-3363","    Motor vehicles, bodies and trailers, and parts manufacturing","(D)","(D)","(D)","(D)","(D)","(D)","(D)","(D)","(D)","(D)","(D)","(D)",59,"(NA)"
"27620","Jefferson City, MO (Metropolitan Statistical Area)"," ","200","Gross domestic product (GDP) by metropolitan area","22","3364-3366, 3369","    Other transportation equipment manufacturing","(D)","(D)","(L)","(L)","(L)","(D)","(D)","(D)","(L)","(L)","(L)","(L)","(L)","(NA)"
"27620","Jefferson City, MO (Metropolitan Statistical Area)"," ","200","Gross domestic product (GDP) by metropolitan area","23","337","    Furniture and related products manufacturing","(D)","(D)","(D)","(D)",4,"(D)","(D)","(D)","(D)","(D)","(D)","(D)","(D)","(NA)"
"27620","Jefferson City, MO (Metropolitan Statistical Area)"," ","200","Gross domestic product (GDP) by metropolitan area","24","339","    Miscellaneous manufacturing","(D)","(D)","(D)","(D)","(D)","(D)","(D)","(D)","(D)","(D)","(D)","(D)","(D)","(NA)"
"27620","Jefferson City, MO (Metropolitan Statistical Area)"," ","200","Gross domestic product (GDP) by metropolitan area","25","...","   Nondurable goods manufacturing","(D)","(D)","(D)","(D)",255,"(D)","(D)","(D)","(D)","(D)","(D)","(D)",348,323
"27620","Jefferson City, MO (Metropolitan Statistical Area)"," ","200","Gross domestic product (GDP) by metropolitan area","26","311-312","    Food and beverage and tobacco products manufacturing","(D)","(D)","(D)","(D)","(D)","(D)","(D)","(D)","(D)","(D)","(D)","(D)","(D)","(NA)"
"27620","Jefferson City, MO (Metropolitan Statistical Area)"," ","200","Gross domestic product (GDP) by metropolitan area","27","313-314","    Textile mills and textile product mills","(D)","(D)","(D)","(D)","(D)","(D)","(D)","(D)","(D)","(D)","(D)","(D)","(D)","(NA)"
"27620","Jefferson City, MO (Metropolitan Statistical Area)"," ","200","Gross domestic product (GDP) by metropolitan area","28","315-316","    Apparel and leather and allied products manufacturing","(D)","(D)","(D)","(D)","(D)","(D)","(D)","(D)","(D)","(D)","(D)","(D)",1,"(NA)"
"27620","Jefferson City, MO (Metropolitan Statistical Area)"," ","200","Gross domestic product (GDP) by metropolitan area","29","322","    Paper products manufacturing","(L)","(L)","(L)","(L)","(L)","(L)","(L)","(L)","(L)","(L)","(L)","(L)","(D)","(NA)"
"27620","Jefferson City, MO (Metropolitan Statistical Area)"," ","200","Gross domestic product (GDP) by metropolitan area","30","323","    Printing and related support activities","(D)","(D)","(D)","(D)","(D)","(D)","(D)","(D)","(D)","(D)","(D)","(D)",85,"(NA)"
"27620","Jefferson City, MO (Metropolitan Statistical Area)"," ","200","Gross domestic product (GDP) by metropolitan area","31","324","    Petroleum and coal products manufacturing","(D)","(D)","(D)","(D)","(D)","(D)","(D)","(D)","(D)","(D)","(D)","(D)","(D)","(NA)"
"27620","Jefferson City, MO (Metropolitan Statistical Area)"," ","200","Gross domestic product (GDP) by metropolitan area","32","325","    Chemical products manufacturing","(D)","(D)","(D)","(D)","(D)","(D)","(D)","(D)","(D)","(D)","(D)","(D)","(D)","(NA)"
"27620","Jefferson City, MO (Metropolitan Statistical Area)"," ","200","Gross domestic product (GDP) by metropolitan area","33","326","    Plastics and rubber products manufacturing","(D)","(D)","(D)","(D)","(D)","(D)","(D)","(D)","(D)","(D)","(D)","(D)",17,"(NA)"
"27620","Jefferson City, MO (Metropolitan Statistical Area)"," ","200","Gross domestic product (GDP) by metropolitan area","34","42","  Wholesale trade","(D)","(D)","(D)","(D)","(D)","(D)","(D)","(D)","(D)","(D)","(D)","(D)",253,259
"27620","Jefferson City, MO (Metropolitan Statistical Area)"," ","200","Gross domestic product (GDP) by metropolitan area","35","44-45","  Retail trade",348,383,409,411,424,424,415,389,380,394,391,393,398,413
"27620","Jefferson City, MO (Metropolitan Statistical Area)"," ","200","Gross domestic product (GDP) by metropolitan area","36","48-49","  Transportation and warehousing","(D)","(D)","(D)","(D)","(D)","(D)","(D)","(D)","(D)","(D)","(D)","(D)","(D)","(D)"
"27620","Jefferson City, MO (Metropolitan Statistical Area)"," ","200","Gross domestic product (GDP) by metropolitan area","37","481","   Air transportation","(D)","(D)","(D)","(D)","(D)","(D)","(D)","(D)","(D)","(D)","(D)","(L)","(L)","(NA)"
"27620","Jefferson City, MO (Metropolitan Statistical Area)"," ","200","Gross domestic product (GDP) by metropolitan area","38","482","   Rail transportation",25,24,25,30,30,36,31,37,33,31,29,35,37,"(NA)"
"27620","Jefferson City, MO (Metropolitan Statistical Area)"," ","200","Gross domestic product (GDP) by metropolitan area","39","483","   Water transportation","(L)","(L)","(L)","(L)","(L)","(L)","(L)","(L)","(L)","(L)","(L)","(L)","(L)","(NA)"
"27620","Jefferson City, MO (Metropolitan Statistical Area)"," ","200","Gross domestic product (GDP) by metropolitan area","40","484","   Truck transportation",43,48,59,"(D)","(D)","(D)",41,41,42,"(D)","(D)","(D)","(D)","(NA)"
"27620","Jefferson City, MO (Metropolitan Statistical Area)"," ","200","Gross domestic product (GDP) by metropolitan area","41","485","   Transit and ground passenger transportation","(D)","(D)","(D)","(D)","(D)","(D)","(D)","(D)","(D)","(D)","(D)","(D)",8,"(NA)"
"27620","Jefferson City, MO (Metropolitan Statistical Area)"," ","200","Gross domestic product (GDP) by metropolitan area","42","486","   Pipeline transportation","(L)","(L)","(L)","(L)","(L)","(L)","(L)","(L)","(L)","(D)","(D)","(D)","(D)","(NA)"
"27620","Jefferson City, MO (Metropolitan Statistical Area)"," ","200","Gross domestic product (GDP) by metropolitan area","43","487-488, 492","   Other transportation and support activities","(D)","(D)","(D)","(D)","(D)","(D)","(D)","(D)","(D)","(D)","(D)","(D)","(D)","(NA)"
"27620","Jefferson City, MO (Metropolitan Statistical Area)"," ","200","Gross domestic product (GDP) by metropolitan area","44","493","   Warehousing and storage","(D)","(D)","(D)","(D)","(D)","(D)","(D)","(D)","(D)","(D)","(D)","(D)","(D)","(NA)"
"27620","Jefferson City, MO (Metropolitan Statistical Area)"," ","200","Gross domestic product (GDP) by metropolitan area","45","51","  Information",163,199,199,224,237,256,"(D)","(D)",313,285,249,218,247,209
"27620","Jefferson City, MO (Metropolitan Statistical Area)"," ","200","Gross domestic product (GDP) by metropolitan area","46","511","   Publishing industries, except Internet (includes software)","(D)","(D)","(D)","(D)","(D)","(D)","(D)","(D)","(D)","(D)","(D)","(D)",30,"(NA)"
"27620","Jefferson City, MO (Metropolitan Statistical Area)"," ","200","Gross domestic product (GDP) by metropolitan area","47","512","   Motion picture and sound recording industries","(D)","(D)","(D)","(D)","(D)","(D)","(D)","(D)","(D)","(D)","(D)","(D)","(D)","(NA)"
"27620","Jefferson City, MO (Metropolitan Statistical Area)"," ","200","Gross domestic product (GDP) by metropolitan area","48","515, 517","   Broadcasting and telecommunications","(D)","(D)","(D)","(D)","(D)","(D)","(D)","(D)","(D)","(D)","(D)","(D)",192,"(NA)"
"27620","Jefferson City, MO (Metropolitan Statistical Area)"," ","200","Gross domestic product (GDP) by metropolitan area","49","518, 519","   Data processing, internet publishing, and other information services","(D)","(D)","(D)","(D)","(D)","(D)","(D)","(D)","(D)","(D)","(D)","(D)","(D)","(NA)"
"27620","Jefferson City, MO (Metropolitan Statistical Area)"," ","200","Gross domestic product (GDP) by metropolitan area","50","52, 53","  Finance, insurance, real estate, rental, and leasing",569,484,499,499,523,574,582,532,608,588,597,548,607,609
"27620","Jefferson City, MO (Metropolitan Statistical Area)"," ","200","Gross domestic product (GDP) by metropolitan area","51","52","   Finance and insurance",333,303,310,312,333,369,380,325,377,382,399,342,394,403
"27620","Jefferson City, MO (Metropolitan Statistical Area)"," ","200","Gross domestic product (GDP) by metropolitan area","52","521-522","    Federal Reserve banks, credit intermediation, and related services",207,187,176,170,178,212,244,210,248,258,271,215,256,"(NA)"
"27620","Jefferson City, MO (Metropolitan Statistical Area)"," ","200","Gross domestic product (GDP) by metropolitan area","53","523","    Securities, commodity contracts, and investments","(D)","(D)","(D)","(D)","(D)","(D)","(D)","(D)","(D)","(D)","(D)","(D)",20,"(NA)"
"27620","Jefferson City, MO (Metropolitan Statistical Area)"," ","200","Gross domestic product (GDP) by metropolitan area","54","524","    Insurance carriers and related activities","(D)","(D)","(D)","(D)","(D)","(D)","(D)","(D)","(D)","(D)","(D)","(D)",118,"(NA)"
"27620","Jefferson City, MO (Metropolitan Statistical Area)"," ","200","Gross domestic product (GDP) by metropolitan area","55","525","    Funds, trusts, and other financial vehicles",1,1,2,1,1,1,1,"(L)",1,"(L)","(L)","(L)","(L)","(NA)"
"27620","Jefferson City, MO (Metropolitan Statistical Area)"," ","200","Gross domestic product (GDP) by metropolitan area","56","53","   Real estate and rental and leasing",236,181,189,187,190,205,203,207,231,206,197,206,213,206
"27620","Jefferson City, MO (Metropolitan Statistical Area)"," ","200","Gross domestic product (GDP) by metropolitan area","57","531","    Real estate",193,147,158,"(D)",154,"(D)","(D)","(D)","(D)","(D)","(D)","(D)",150,"(NA)"
"27620","Jefferson City, MO (Metropolitan Statistical Area)"," ","200","Gross domestic product (GDP) by metropolitan area","58","532-533","    Rental and leasing services and lessors of intangible assets",43,34,31,"(D)",36,"(D)","(D)","(D)","(D)","(D)","(D)","(D)",62,"(NA)"
"27620","Jefferson City, MO (Metropolitan Statistical Area)"," ","200","Gross domestic product (GDP) by metropolitan area","59","54, 55, 56","  Professional and business services",202,234,254,284,306,322,352,383,412,433,409,420,436,459
"27620","Jefferson City, MO (Metropolitan Statistical Area)"," ","200","Gross domestic product (GDP) by metropolitan area","60","54","   Professional, scientific, and technical services","(D)","(D)",129,147,159,164,"(D)","(D)","(D)","(D)","(D)",222,229,241
"27620","Jefferson City, MO (Metropolitan Statistical Area)"," ","200","Gross domestic product (GDP) by metropolitan area","64","55","   Management of companies and enterprises",33,"(D)","(D)","(D)","(D)","(D)","(D)","(D)","(D)","(D)","(D)","(D)","(D)","(D)"
"27620","Jefferson City, MO (Metropolitan Statistical Area)"," ","200","Gross domestic product (GDP) by metropolitan area","65","56","   Administrative and waste management services","(D)","(D)","(D)","(D)","(D)","(D)","(D)","(D)","(D)","(D)","(D)","(D)","(D)","(D)"
"27620","Jefferson City, MO (Metropolitan Statistical Area)"," ","200","Gross domestic product (GDP) by metropolitan area","66","561","    Administrative and support services","(D)","(D)","(D)","(D)","(D)","(D)","(D)","(D)","(D)","(D)","(D)","(D)",99,"(NA)"
"27620","Jefferson City, MO (Metropolitan Statistical Area)"," ","200","Gross domestic product (GDP) by metropolitan area","67","562","    Waste management and remediation services","(D)","(D)","(D)","(D)","(D)","(D)","(D)","(D)","(D)","(D)",11,15,"(D)","(NA)"
"27620","Jefferson City, MO (Metropolitan Statistical Area)"," ","200","Gross domestic product (GDP) by metropolitan area","68","61, 62","  Educational services, health care, and social assistance",321,340,355,383,392,411,425,451,466,471,485,498,497,509
"27620","Jefferson City, MO (Metropolitan Statistical Area)"," ","200","Gross domestic product (GDP) by metropolitan area","69","61","   Educational services","(D)","(D)","(D)","(D)","(D)","(D)","(D)","(D)","(D)","(D)","(D)","(D)",67,62
"27620","Jefferson City, MO (Metropolitan Statistical Area)"," ","200","Gross domestic product (GDP) by metropolitan area","70","62","   Health care and social assistance","(D)","(D)","(D)","(D)","(D)","(D)","(D)","(D)","(D)","(D)","(D)","(D)",430,447
"27620","Jefferson City, MO (Metropolitan Statistical Area)"," ","200","Gross domestic product (GDP) by metropolitan area","71","621","    Ambulatory health care services","(D)","(D)","(D)",142,148,"(D)",156,166,172,175,"(D)",198,186,"(NA)"
"27620","Jefferson City, MO (Metropolitan Statistical Area)"," ","200","Gross domestic product (GDP) by metropolitan area","72","622-623","    Hospitals and nursing and residential care facilities","(D)","(D)","(D)","(D)","(D)","(D)","(D)","(D)","(D)","(D)","(D)","(D)",201,"(NA)"
"27620","Jefferson City, MO (Metropolitan Statistical Area)"," ","200","Gross domestic product (GDP) by metropolitan area","73","624","    Social assistance","(D)","(D)","(D)","(D)","(D)","(D)","(D)","(D)","(D)","(D)","(D)","(D)",42,"(NA)"
"27620","Jefferson City, MO (Metropolitan Statistical Area)"," ","200","Gross domestic product (GDP) by metropolitan area","74","71, 72","  Arts, entertainment, recreation, accommodation, and food services",101,107,113,119,121,123,131,130,135,143,146,144,148,152
"27620","Jefferson City, MO (Metropolitan Statistical Area)"," ","200","Gross domestic product (GDP) by metropolitan area","75","71","   Arts, entertainment, and recreation","(D)","(D)","(D)","(D)","(D)","(D)","(D)","(D)","(D)","(D)","(D)","(D)","(D)","(D)"
"27620","Jefferson City, MO (Metropolitan Statistical Area)"," ","200","Gross domestic product (GDP) by metropolitan area","76","711-712","    Performing arts, spectator sports, museums, and related activities","(D)","(D)","(D)","(D)","(D)","(D)","(D)","(D)","(D)","(D)","(D)","(D)","(D)","(NA)"
"27620","Jefferson City, MO (Metropolitan Statistical Area)"," ","200","Gross domestic product (GDP) by metropolitan area","77","713","    Amusements, gambling, and recreation industries","(D)","(D)","(D)","(D)","(D)","(D)","(D)","(D)","(D)","(D)","(D)","(D)",24,"(NA)"
"27620","Jefferson City, MO (Metropolitan Statistical Area)"," ","200","Gross domestic product (GDP) by metropolitan area","78","72","   Accommodation and food services","(D)","(D)","(D)","(D)","(D)","(D)","(D)","(D)","(D)","(D)","(D)","(D)","(D)","(D)"
"27620","Jefferson City, MO (Metropolitan Statistical Area)"," ","200","Gross domestic product (GDP) by metropolitan area","79","721","    Accommodation","(D)","(D)","(D)","(D)","(D)","(D)","(D)","(D)","(D)","(D)","(D)","(D)",22,"(NA)"
"27620","Jefferson City, MO (Metropolitan Statistical Area)"," ","200","Gross domestic product (GDP) by metropolitan area","80","722","    Food services and drinking places","(D)","(D)","(D)","(D)",78,80,"(D)","(D)",93,98,"(D)","(D)","(D)","(NA)"
"27620","Jefferson City, MO (Metropolitan Statistical Area)"," ","200","Gross domestic product (GDP) by metropolitan area","81","81","  Other services, except government",137,150,148,157,164,170,"(D)","(D)",173,175,174,182,188,197
"27620","Jefferson City, MO (Metropolitan Statistical Area)"," ","200","Gross domestic product (GDP) by metropolitan area","82","92"," Government",1387,1343,1417,1459,1500,1579,1637,1688,1728,1712,1688,1689,1743,1767
"27620","Jefferson City, MO (Metropolitan Statistical Area)"," ","200","Gross domestic product (GDP) by metropolitan area","83","...","  Federal civilian",57,62,67,68,70,72,78,80,83,86,86,86,83,"(NA)"
"27620","Jefferson City, MO (Metropolitan Statistical Area)"," ","200","Gross domestic product (GDP) by metropolitan area","84","...","  Federal military",12,15,21,22,24,23,26,31,34,30,28,26,27,"(NA)"
"27620","Jefferson City, MO (Metropolitan Statistical Area)"," ","200","Gross domestic product (GDP) by metropolitan area","85","...","  State and local",1318,1266,1329,1369,1407,1484,1532,1577,1611,1595,1575,1577,1633,"(NA)"
"27620","Jefferson City, MO (Metropolitan Statistical Area)"," ","200","Gross domestic product (GDP) by metropolitan area","86","11, 21","Natural resources and mining","(D)","(D)","(D)","(D)",110,121,120,141,"(D)","(D)","(D)","(D)",179,151
"27620","Jefferson City, MO (Metropolitan Statistical Area)"," ","200","Gross domestic product (GDP) by metropolitan area","87","42, 44-45","Trade","(D)","(D)","(D)","(D)","(D)","(D)","(D)","(D)","(D)","(D)","(D)","(D)",650,672
"27620","Jefferson City, MO (Metropolitan Statistical Area)"," ","200","Gross domestic product (GDP) by metropolitan area","88","...","Transportation and utilities",419,375,463,543,562,570,569,592,682,755,757,771,870,857
"27620","Jefferson City, MO (Metropolitan Statistical Area)"," ","200","Gross domestic product (GDP) by metropolitan area","89","...","Private goods-producing industries",729,727,810,926,937,947,960,979,906,1018,1009,1023,1123,1095
"27620","Jefferson City, MO (Metropolitan Statistical Area)"," ","200","Gross domestic product (GDP) by metropolitan area","90","...","Private services-providing industries",2403,2409,2580,2767,2899,3031,3129,3158,3343,3457,3423,3417,3643,3664
"27620","Jefferson City, MO (Metropolitan Statistical Area)"," ","800","Quantity indexes for real GDP by metropolitan area","1","...","All industry total",94.003,91.645,95.961,99.472,100.011,100.659,100.322,100.134,100.000,102.424,99.641,97.858,101.691,99.711
"27620","Jefferson City, MO (Metropolitan Statistical Area)"," ","800","Quantity indexes for real GDP by metropolitan area","2","..."," Private industries",88.456,87.706,93.010,98.641,99.826,100.336,100.120,100.001,100.000,104.898,102.238,100.362,105.239,102.628
"27620","Jefferson City, MO (Metropolitan Statistical Area)"," ","800","Quantity indexes for real GDP by metropolitan area","3","11","  Agriculture, forestry, fishing, and hunting","(D)","(D)","(D)","(D)","(D)","(D)","(D)","(D)","(D)","(D)","(D)","(D)","(D)","(D)"
"27620","Jefferson City, MO (Metropolitan Statistical Area)"," ","800","Quantity indexes for real GDP by metropolitan area","4","111-112","   Farms",34.388,23.739,47.286,147.800,132.670,152.986,111.201,133.855,100.000,133.793,137.234,85.892,132.907,"(NA)"
"27620","Jefferson City, MO (Metropolitan Statistical Area)"," ","800","Quantity indexes for real GDP by metropolitan area","5","113-115","   Forestry, fishing, and related activities","(D)","(D)","(D)","(D)","(D)","(D)","(D)","(D)","(D)","(D)","(D)","(D)","(D)","(NA)"
"27620","Jefferson City, MO (Metropolitan Statistical Area)"," ","800","Quantity indexes for real GDP by metropolitan area","6","21","  Mining","(D)","(D)","(D)","(D)","(D)","(D)","(D)","(D)","(D)","(D)","(D)","(D)","(D)","(D)"
"27620","Jefferson City, MO (Metropolitan Statistical Area)"," ","800","Quantity indexes for real GDP by metropolitan area","7","211","   Oil and gas extraction",0.000,0.000,0.000,0.000,0.000,0.000,0.000,0.000,0.000,0.000,0.000,0.000,0.000,"(NA)"
"27620","Jefferson City, MO (Metropolitan Statistical Area)"," ","800","Quantity indexes for real GDP by metropolitan area","8","212","   Mining, except oil and gas","(D)","(D)","(D)","(D)","(D)","(D)","(D)","(D)","(D)","(D)","(D)","(D)","(D)","(NA)"
"27620","Jefferson City, MO (Metropolitan Statistical Area)"," ","800","Quantity indexes for real GDP by metropolitan area","9","213","   Support activities for mining",0.000,0.000,0.000,0.000,0.000,0.000,0.000,0.000,0.000,0.000,0.000,0.000,0.000,"(NA)"
"27620","Jefferson City, MO (Metropolitan Statistical Area)"," ","800","Quantity indexes for real GDP by metropolitan area","10","22","  Utilities","(D)","(D)","(D)","(D)","(D)","(D)","(D)","(D)","(D)","(D)","(D)","(D)","(D)","(D)"
"27620","Jefferson City, MO (Metropolitan Statistical Area)"," ","800","Quantity indexes for real GDP by metropolitan area","11","23","  Construction",114.631,116.839,125.678,129.654,"(D)",114.507,110.394,105.783,100.000,104.678,101.001,95.029,93.280,86.186
"27620","Jefferson City, MO (Metropolitan Statistical Area)"," ","800","Quantity indexes for real GDP by metropolitan area","12","31-33","  Manufacturing",98.641,97.527,106.110,108.010,107.523,"(D)","(D)",110.892,100.000,114.159,108.645,114.705,119.765,118.755
"27620","Jefferson City, MO (Metropolitan Statistical Area)"," ","800","Quantity indexes for real GDP by metropolitan area","13","...","   Durable goods manufacturing","(D)","(D)","(D)","(D)","(D)","(D)","(D)","(D)","(D)","(D)","(D)","(D)","(D)","(D)"
"27620","Jefferson City, MO (Metropolitan Statistical Area)"," ","800","Quantity indexes for real GDP by metropolitan area","14","321","    Wood products manufacturing","(D)","(D)","(D)","(D)","(D)","(D)","(D)","(D)","(D)","(D)","(D)","(D)","(D)","(NA)"
"27620","Jefferson City, MO (Metropolitan Statistical Area)"," ","800","Quantity indexes for real GDP by metropolitan area","15","327","    Nonmetallic mineral products manufacturing","(D)","(D)","(D)","(D)","(D)","(D)","(D)","(D)","(D)","(D)","(D)","(D)","(D)","(NA)"
"27620","Jefferson City, MO (Metropolitan Statistical Area)"," ","800","Quantity indexes for real GDP by metropolitan area","16","331","    Primary metals manufacturing","(D)","(D)","(D)","(D)","(D)","(D)","(D)","(D)",0.000,0.000,0.000,0.000,0.000,"(NA)"
"27620","Jefferson City, MO (Metropolitan Statistical Area)"," ","800","Quantity indexes for real GDP by metropolitan area","17","332","    Fabricated metal products","(D)","(D)","(D)","(D)","(D)","(D)","(D)","(D)","(D)","(D)","(D)","(D)","(D)","(NA)"
"27620","Jefferson City, MO (Metropolitan Statistical Area)"," ","800","Quantity indexes for real GDP by metropolitan area","18","333","    Machinery manufacturing","(D)","(D)","(D)","(D)","(D)","(D)","(D)","(D)","(D)","(D)","(D)","(D)","(D)","(NA)"
"27620","Jefferson City, MO (Metropolitan Statistical Area)"," ","800","Quantity indexes for real GDP by metropolitan area","19","334","    Computer and electronic products manufacturing","(D)","(D)","(D)","(D)","(D)","(D)","(D)","(D)","(D)","(D)","(D)","(D)","(D)","(NA)"
"27620","Jefferson City, MO (Metropolitan Statistical Area)"," ","800","Quantity indexes for real GDP by metropolitan area","20","335","    Electrical equipment, appliance, and components manufacturing","(D)","(D)","(D)","(D)","(D)","(D)","(D)","(D)","(D)","(D)","(D)","(D)","(D)","(NA)"
"27620","Jefferson City, MO (Metropolitan Statistical Area)"," ","800","Quantity indexes for real GDP by metropolitan area","21","3361-3363","    Motor vehicles, bodies and trailers, and parts manufacturing","(D)","(D)","(D)","(D)","(D)","(D)","(D)","(D)","(D)","(D)","(D)","(D)","(D)","(NA)"
"27620","Jefferson City, MO (Metropolitan Statistical Area)"," ","800","Quantity indexes for real GDP by metropolitan area","22","3364-3366, 3369","    Other transportation equipment manufacturing","(D)","(D)",0.000,0.000,0.000,"(D)","(D)","(D)",0.000,0.000,0.000,0.000,0.000,"(NA)"
"27620","Jefferson City, MO (Metropolitan Statistical Area)"," ","800","Quantity indexes for real GDP by metropolitan area","23","337","    Furniture and related products manufacturing","(D)","(D)","(D)","(D)","(D)","(D)","(D)","(D)","(D)","(D)","(D)","(D)","(D)","(NA)"
"27620","Jefferson City, MO (Metropolitan Statistical Area)"," ","800","Quantity indexes for real GDP by metropolitan area","24","339","    Miscellaneous manufacturing","(D)","(D)","(D)","(D)","(D)","(D)","(D)","(D)","(D)","(D)","(D)","(D)","(D)","(NA)"
"27620","Jefferson City, MO (Metropolitan Statistical Area)"," ","800","Quantity indexes for real GDP by metropolitan area","25","...","   Nondurable goods manufacturing","(D)","(D)","(D)","(D)","(D)","(D)","(D)","(D)","(D)","(D)","(D)","(D)","(D)","(D)"
"27620","Jefferson City, MO (Metropolitan Statistical Area)"," ","800","Quantity indexes for real GDP by metropolitan area","26","311-312","    Food and beverage and tobacco products manufacturing","(D)","(D)","(D)","(D)","(D)","(D)","(D)","(D)","(D)","(D)","(D)","(D)","(D)","(NA)"
"27620","Jefferson City, MO (Metropolitan Statistical Area)"," ","800","Quantity indexes for real GDP by metropolitan area","27","313-314","    Textile mills and textile product mills","(D)","(D)","(D)","(D)","(D)","(D)","(D)","(D)","(D)","(D)","(D)","(D)","(D)","(NA)"
"27620","Jefferson City, MO (Metropolitan Statistical Area)"," ","800","Quantity indexes for real GDP by metropolitan area","28","315-316","    Apparel and leather and allied products manufacturing","(D)","(D)","(D)","(D)","(D)","(D)","(D)","(D)","(D)","(D)","(D)","(D)","(D)","(NA)"
"27620","Jefferson City, MO (Metropolitan Statistical Area)"," ","800","Quantity indexes for real GDP by metropolitan area","29","322","    Paper products manufacturing",0.000,0.000,0.000,0.000,0.000,0.000,0.000,0.000,0.000,0.000,0.000,0.000,"(D)","(NA)"
"27620","Jefferson City, MO (Metropolitan Statistical Area)"," ","800","Quantity indexes for real GDP by metropolitan area","30","323","    Printing and related support activities","(D)","(D)","(D)","(D)","(D)","(D)","(D)","(D)","(D)","(D)","(D)","(D)","(D)","(NA)"
"27620","Jefferson City, MO (Metropolitan Statistical Area)"," ","800","Quantity indexes for real GDP by metropolitan area","31","324","    Petroleum and coal products manufacturing","(D)","(D)","(D)","(D)","(D)","(D)","(D)","(D)","(D)","(D)","(D)","(D)","(D)","(NA)"
"27620","Jefferson City, MO (Metropolitan Statistical Area)"," ","800","Quantity indexes for real GDP by metropolitan area","32","325","    Chemical products manufacturing","(D)","(D)","(D)","(D)","(D)","(D)","(D)","(D)","(D)","(D)","(D)","(D)","(D)","(NA)"
"27620","Jefferson City, MO (Metropolitan Statistical Area)"," ","800","Quantity indexes for real GDP by metropolitan area","33","326","    Plastics and rubber products manufacturing","(D)","(D)","(D)","(D)","(D)","(D)","(D)","(D)","(D)","(D)","(D)","(D)","(D)","(NA)"
"27620","Jefferson City, MO (Metropolitan Statistical Area)"," ","800","Quantity indexes for real GDP by metropolitan area","34","42","  Wholesale trade","(D)","(D)","(D)","(D)","(D)","(D)","(D)","(D)","(D)","(D)","(D)","(D)","(D)","(D)"
"27620","Jefferson City, MO (Metropolitan Statistical Area)"," ","800","Quantity indexes for real GDP by metropolitan area","35","44-45","  Retail trade",103.091,113.877,122.484,120.455,121.645,118.084,112.471,103.565,100.000,102.896,100.003,97.816,97.216,99.720
"27620","Jefferson City, MO (Metropolitan Statistical Area)"," ","800","Quantity indexes for real GDP by metropolitan area","36","48-49","  Transportation and warehousing","(D)","(D)","(D)","(D)","(D)","(D)","(D)","(D)","(D)","(D)","(D)","(D)","(D)","(D)"
"27620","Jefferson City, MO (Metropolitan Statistical Area)"," ","800","Quantity indexes for real GDP by metropolitan area","37","481","   Air transportation","(D)","(D)","(D)","(D)","(D)","(D)","(D)","(D)","(D)","(D)","(D)","(D)","(D)","(NA)"
"27620","Jefferson City, MO (Metropolitan Statistical Area)"," ","800","Quantity indexes for real GDP by metropolitan area","38","482","   Rail transportation",108.288,101.142,105.417,124.413,116.901,124.523,106.934,112.669,100.000,91.944,82.155,90.964,91.116,"(NA)"
"27620","Jefferson City, MO (Metropolitan Statistical Area)"," ","800","Quantity indexes for real GDP by metropolitan area","39","483","   Water transportation",0.000,0.000,0.000,0.000,0.000,0.000,0.000,0.000,0.000,0.000,0.000,0.000,0.000,"(NA)"
"27620","Jefferson City, MO (Metropolitan Statistical Area)"," ","800","Quantity indexes for real GDP by metropolitan area","40","484","   Truck transportation",118.791,132.025,160.341,"(D)","(D)","(D)",103.498,101.787,100.000,"(D)","(D)","(D)","(D)","(NA)"
"27620","Jefferson City, MO (Metropolitan Statistical Area)"," ","800","Quantity indexes for real GDP by metropolitan area","41","485","   Transit and ground passenger transportation","(D)","(D)","(D)","(D)","(D)","(D)","(D)","(D)","(D)","(D)","(D)","(D)","(D)","(NA)"
"27620","Jefferson City, MO (Metropolitan Statistical Area)"," ","800","Quantity indexes for real GDP by metropolitan area","42","486","   Pipeline transportation",0.000,0.000,0.000,0.000,0.000,0.000,0.000,0.000,0.000,"(D)","(D)","(D)","(D)","(NA)"
"27620","Jefferson City, MO (Metropolitan Statistical Area)"," ","800","Quantity indexes for real GDP by metropolitan area","43","487-488, 492","   Other transportation and support activities","(D)","(D)","(D)","(D)","(D)","(D)","(D)","(D)","(D)","(D)","(D)","(D)","(D)","(NA)"
"27620","Jefferson City, MO (Metropolitan Statistical Area)"," ","800","Quantity indexes for real GDP by metropolitan area","44","493","   Warehousing and storage","(D)","(D)","(D)","(D)","(D)","(D)","(D)","(D)","(D)","(D)","(D)","(D)","(D)","(NA)"
"27620","Jefferson City, MO (Metropolitan Statistical Area)"," ","800","Quantity indexes for real GDP by metropolitan area","45","51","  Information",45.905,56.814,56.650,64.472,70.739,78.538,"(D)","(D)",100.000,91.479,80.354,70.315,79.338,67.128
"27620","Jefferson City, MO (Metropolitan Statistical Area)"," ","800","Quantity indexes for real GDP by metropolitan area","46","511","   Publishing industries, except Internet (includes software)","(D)","(D)","(D)","(D)","(D)","(D)","(D)","(D)","(D)","(D)","(D)","(D)","(D)","(NA)"
"27620","Jefferson City, MO (Metropolitan Statistical Area)"," ","800","Quantity indexes for real GDP by metropolitan area","47","512","   Motion picture and sound recording industries","(D)","(D)","(D)","(D)","(D)","(D)","(D)","(D)","(D)","(D)","(D)","(D)","(D)","(NA)"
"27620","Jefferson City, MO (Metropolitan Statistical Area)"," ","800","Quantity indexes for real GDP by metropolitan area","48","515, 517","   Broadcasting and telecommunications","(D)","(D)","(D)","(D)","(D)","(D)","(D)","(D)","(D)","(D)","(D)","(D)","(D)","(NA)"
"27620","Jefferson City, MO (Metropolitan Statistical Area)"," ","800","Quantity indexes for real GDP by metropolitan area","49","518, 519","   Data processing, internet publishing, and other information services","(D)","(D)","(D)","(D)","(D)","(D)","(D)","(D)","(D)","(D)","(D)","(D)","(D)","(NA)"
"27620","Jefferson City, MO (Metropolitan Statistical Area)"," ","800","Quantity indexes for real GDP by metropolitan area","50","52, 53","  Finance, insurance, real estate, rental, and leasing",101.479,84.190,84.435,82.338,84.613,91.064,91.062,82.850,100.000,94.432,94.614,83.819,90.334,88.197
"27620","Jefferson City, MO (Metropolitan Statistical Area)"," ","800","Quantity indexes for real GDP by metropolitan area","51","52","   Finance and insurance",89.714,80.149,79.341,77.683,81.474,88.989,90.479,77.845,100.000,97.135,100.034,81.877,91.435,90.694
"27620","Jefferson City, MO (Metropolitan Statistical Area)"," ","800","Quantity indexes for real GDP by metropolitan area","52","521-522","    Federal Reserve banks, credit intermediation, and related services",79.248,70.303,64.633,61.022,63.263,73.220,83.129,71.912,100.000,98.426,102.558,76.725,87.823,"(NA)"
"27620","Jefferson City, MO (Metropolitan Statistical Area)"," ","800","Quantity indexes for real GDP by metropolitan area","53","523","    Securities, commodity contracts, and investments","(D)","(D)","(D)","(D)","(D)","(D)","(D)","(D)","(D)","(D)","(D)","(D)","(D)","(NA)"
"27620","Jefferson City, MO (Metropolitan Statistical Area)"," ","800","Quantity indexes for real GDP by metropolitan area","54","524","    Insurance carriers and related activities","(D)","(D)","(D)","(D)","(D)","(D)","(D)","(D)","(D)","(D)","(D)","(D)","(D)","(NA)"
"27620","Jefferson City, MO (Metropolitan Statistical Area)"," ","800","Quantity indexes for real GDP by metropolitan area","55","525","    Funds, trusts, and other financial vehicles",90.415,65.774,121.987,105.679,51.322,41.309,104.860,37.441,100.000,41.689,7.689,0.284,0.592,"(NA)"
"27620","Jefferson City, MO (Metropolitan Statistical Area)"," ","800","Quantity indexes for real GDP by metropolitan area","56","53","   Real estate and rental and leasing",123.315,91.291,93.557,90.629,89.948,94.300,91.460,91.592,100.000,89.904,85.407,87.485,88.579,83.917
"27620","Jefferson City, MO (Metropolitan Statistical Area)"," ","800","Quantity indexes for real GDP by metropolitan area","57","531","    Real estate","(D)","(D)","(D)","(D)","(D)","(D)","(D)","(D)","(D)","(D)","(D)","(D)","(D)","(NA)"
"27620","Jefferson City, MO (Metropolitan Statistical Area)"," ","800","Quantity indexes for real GDP by metropolitan area","58","532-533","    Rental and leasing services and lessors of intangible assets","(D)","(D)","(D)","(D)","(D)","(D)","(D)","(D)","(D)","(D)","(D)","(D)","(D)","(NA)"
"27620","Jefferson City, MO (Metropolitan Statistical Area)"," ","800","Quantity indexes for real GDP by metropolitan area","59","54, 55, 56","  Professional and business services",61.573,70.313,75.034,79.662,83.379,84.430,87.603,94.327,100.000,104.518,97.744,99.305,101.630,106.175
"27620","Jefferson City, MO (Metropolitan Statistical Area)"," ","800","Quantity indexes for real GDP by metropolitan area","60","54","   Professional, scientific, and technical services","(D)","(D)","(D)","(D)","(D)","(D)","(D)","(D)","(D)","(D)","(D)","(D)","(D)","(D)"
"27620","Jefferson City, MO (Metropolitan Statistical Area)"," ","800","Quantity indexes for real GDP by metropolitan area","64","55","   Management of companies and enterprises","(D)","(D)","(D)","(D)","(D)","(D)","(D)","(D)","(D)","(D)","(D)","(D)","(D)","(D)"
"27620","Jefferson City, MO (Metropolitan Statistical Area)"," ","800","Quantity indexes for real GDP by metropolitan area","65","56","   Administrative and waste management services","(D)","(D)","(D)","(D)","(D)","(D)","(D)","(D)","(D)","(D)","(D)","(D)","(D)","(D)"
"27620","Jefferson City, MO (Metropolitan Statistical Area)"," ","800","Quantity indexes for real GDP by metropolitan area","66","561","    Administrative and support services","(D)","(D)","(D)","(D)","(D)","(D)","(D)","(D)","(D)","(D)","(D)","(D)","(D)","(NA)"
"27620","Jefferson City, MO (Metropolitan Statistical Area)"," ","800","Quantity indexes for real GDP by metropolitan area","67","562","    Waste management and remediation services","(D)","(D)","(D)","(D)","(D)","(D)","(D)","(D)","(D)","(D)","(D)","(D)","(D)","(NA)"
"27620","Jefferson City, MO (Metropolitan Statistical Area)"," ","800","Quantity indexes for real GDP by metropolitan area","68","61, 62","  Educational services, health care, and social assistance",89.254,90.912,91.917,96.207,95.348,97.146,96.708,100.389,100.000,98.716,100.114,100.746,98.802,99.600
"27620","Jefferson City, MO (Metropolitan Statistical Area)"," ","800","Quantity indexes for real GDP by metropolitan area","69","61","   Educational services","(D)","(D)","(D)","(D)","(D)","(D)","(D)","(D)","(D)","(D)","(D)","(D)","(D)","(D)"
"27620","Jefferson City, MO (Metropolitan Statistical Area)"," ","800","Quantity indexes for real GDP by metropolitan area","70","62","   Health care and social assistance","(D)","(D)","(D)","(D)","(D)","(D)","(D)","(D)","(D)","(D)","(D)","(D)","(D)","(D)"
"27620","Jefferson City, MO (Metropolitan Statistical Area)"," ","800","Quantity indexes for real GDP by metropolitan area","71","621","    Ambulatory health care services","(D)","(D)","(D)",93.312,95.026,"(D)",94.801,99.840,100.000,99.085,"(D)",109.561,102.666,"(NA)"
"27620","Jefferson City, MO (Metropolitan Statistical Area)"," ","800","Quantity indexes for real GDP by metropolitan area","72","622-623","    Hospitals and nursing and residential care facilities","(D)","(D)","(D)","(D)","(D)","(D)","(D)","(D)","(D)","(D)","(D)","(D)","(D)","(NA)"
"27620","Jefferson City, MO (Metropolitan Statistical Area)"," ","800","Quantity indexes for real GDP by metropolitan area","73","624","    Social assistance","(D)","(D)","(D)","(D)","(D)","(D)","(D)","(D)","(D)","(D)","(D)","(D)","(D)","(NA)"
"27620","Jefferson City, MO (Metropolitan Statistical Area)"," ","800","Quantity indexes for real GDP by metropolitan area","74","71, 72","  Arts, entertainment, recreation, accommodation, and food services",97.814,100.071,104.076,107.841,105.745,103.926,105.778,101.561,100.000,106.165,108.696,102.957,103.454,103.309
"27620","Jefferson City, MO (Metropolitan Statistical Area)"," ","800","Quantity indexes for real GDP by metropolitan area","75","71","   Arts, entertainment, and recreation","(D)","(D)","(D)","(D)","(D)","(D)","(D)","(D)","(D)","(D)","(D)","(D)","(D)","(D)"
"27620","Jefferson City, MO (Metropolitan Statistical Area)"," ","800","Quantity indexes for real GDP by metropolitan area","76","711-712","    Performing arts, spectator sports, museums, and related activities","(D)","(D)","(D)","(D)","(D)","(D)","(D)","(D)","(D)","(D)","(D)","(D)","(D)","(NA)"
"27620","Jefferson City, MO (Metropolitan Statistical Area)"," ","800","Quantity indexes for real GDP by metropolitan area","77","713","    Amusements, gambling, and recreation industries","(D)","(D)","(D)","(D)","(D)","(D)","(D)","(D)","(D)","(D)","(D)","(D)","(D)","(NA)"
"27620","Jefferson City, MO (Metropolitan Statistical Area)"," ","800","Quantity indexes for real GDP by metropolitan area","78","72","   Accommodation and food services","(D)","(D)","(D)","(D)","(D)","(D)","(D)","(D)","(D)","(D)","(D)","(D)","(D)","(D)"
"27620","Jefferson City, MO (Metropolitan Statistical Area)"," ","800","Quantity indexes for real GDP by metropolitan area","79","721","    Accommodation","(D)","(D)","(D)","(D)","(D)","(D)","(D)","(D)","(D)","(D)","(D)","(D)","(D)","(NA)"
"27620","Jefferson City, MO (Metropolitan Statistical Area)"," ","800","Quantity indexes for real GDP by metropolitan area","80","722","    Food services and drinking places","(D)","(D)","(D)","(D)",101.253,100.027,"(D)","(D)",100.000,105.209,"(D)","(D)","(D)","(NA)"
"27620","Jefferson City, MO (Metropolitan Statistical Area)"," ","800","Quantity indexes for real GDP by metropolitan area","81","81","  Other services, except government",108.252,112.990,108.328,111.278,112.191,111.573,"(D)","(D)",100.000,98.444,95.808,97.486,97.356,99.541
"27620","Jefferson City, MO (Metropolitan Statistical Area)"," ","800","Quantity indexes for real GDP by metropolitan area","82","92"," Government",108.789,102.027,103.677,101.599,100.463,101.466,100.821,100.463,100.000,96.410,93.333,91.774,93.090,92.639
"27620","Jefferson City, MO (Metropolitan Statistical Area)"," ","800","Quantity indexes for real GDP by metropolitan area","83","...","  Federal civilian",92.306,94.837,97.822,94.361,92.846,93.700,97.254,97.747,100.000,99.801,96.608,96.811,91.564,"(NA)"
"27620","Jefferson City, MO (Metropolitan Statistical Area)"," ","800","Quantity indexes for real GDP by metropolitan area","84","...","  Federal military",49.243,60.035,76.534,77.752,77.092,70.716,77.899,88.981,100.000,86.043,77.055,71.855,74.215,"(NA)"
"27620","Jefferson City, MO (Metropolitan Statistical Area)"," ","800","Quantity indexes for real GDP by metropolitan area","85","...","  State and local",110.932,103.320,104.581,102.506,101.380,102.556,101.513,100.855,100.000,96.455,93.510,91.936,93.570,"(NA)"
"27620","Jefferson City, MO (Metropolitan Statistical Area)"," ","800","Quantity indexes for real GDP by metropolitan area","86","11, 21","Natural resources and mining","(D)","(D)","(D)","(D)","(D)","(D)","(D)","(D)","(D)","(D)","(D)","(D)","(D)","(D)"
"27620","Jefferson City, MO (Metropolitan Statistical Area)"," ","800","Quantity indexes for real GDP by metropolitan area","87","42, 44-45","Trade","(D)","(D)","(D)","(D)","(D)","(D)","(D)","(D)","(D)","(D)","(D)","(D)","(D)","(D)"
"27620","Jefferson City, MO (Metropolitan Statistical Area)"," ","800","Quantity indexes for real GDP by metropolitan area","88","...","Transportation and utilities",83.609,76.897,89.920,102.423,100.602,95.376,93.664,96.123,100.000,113.385,112.931,117.679,128.391,120.612
"27620","Jefferson City, MO (Metropolitan Statistical Area)"," ","800","Quantity indexes for real GDP by metropolitan area","89","...","Private goods-producing industries",97.244,96.158,106.001,117.608,116.189,114.029,110.042,110.846,100.000,112.636,107.983,105.061,112.334,107.018
"27620","Jefferson City, MO (Metropolitan Statistical Area)"," ","800","Quantity indexes for real GDP by metropolitan area","90","...","Private services-providing industries",86.067,85.408,89.499,93.543,95.419,96.637,97.436,97.066,100.000,102.811,100.693,99.107,103.310,101.463
"27620","Jefferson City, MO (Metropolitan Statistical Area)"," ","900","Real GDP by metropolitan area","1","...","All industry total",5619,5478,5736,5945,5978,6016,5996,5985,5977,6122,5956,5849,6078,5960
"27620","Jefferson City, MO (Metropolitan Statistical Area)"," ","900","Real GDP by metropolitan area","2","..."," Private industries",3758,3726,3952,4191,4241,4263,4254,4249,4249,4457,4344,4264,4471,4360
"27620","Jefferson City, MO (Metropolitan Statistical Area)"," ","900","Real GDP by metropolitan area","3","11","  Agriculture, forestry, fishing, and hunting","(D)","(D)","(D)","(D)","(D)","(D)","(D)","(D)","(D)","(D)","(D)","(D)","(D)","(D)"
"27620","Jefferson City, MO (Metropolitan Statistical Area)"," ","900","Real GDP by metropolitan area","4","111-112","   Farms",22,15,30,95,85,98,71,86,64,86,88,55,85,"(NA)"
"27620","Jefferson City, MO (Metropolitan Statistical Area)"," ","900","Real GDP by metropolitan area","5","113-115","   Forestry, fishing, and related activities","(D)","(D)","(D)","(D)","(D)","(D)","(D)","(D)","(D)","(D)","(D)","(D)","(D)","(NA)"
"27620","Jefferson City, MO (Metropolitan Statistical Area)"," ","900","Real GDP by metropolitan area","6","21","  Mining","(D)","(D)","(D)","(D)","(D)","(D)","(D)","(D)","(D)","(D)","(D)","(D)","(D)","(D)"
"27620","Jefferson City, MO (Metropolitan Statistical Area)"," ","900","Real GDP by metropolitan area","7","211","   Oil and gas extraction","(L)","(L)","(L)","(L)","(L)","(L)","(L)","(L)","(L)","(L)","(L)","(L)","(L)","(NA)"
"27620","Jefferson City, MO (Metropolitan Statistical Area)"," ","900","Real GDP by metropolitan area","8","212","   Mining, except oil and gas","(D)","(D)","(D)","(D)","(D)","(D)","(D)","(D)","(D)","(D)","(D)","(D)","(D)","(NA)"
"27620","Jefferson City, MO (Metropolitan Statistical Area)"," ","900","Real GDP by metropolitan area","9","213","   Support activities for mining","(L)","(L)","(L)","(L)","(L)","(L)","(L)","(L)","(L)","(L)","(L)","(L)","(L)","(NA)"
"27620","Jefferson City, MO (Metropolitan Statistical Area)"," ","900","Real GDP by metropolitan area","10","22","  Utilities","(D)","(D)","(D)","(D)","(D)","(D)","(D)","(D)","(D)","(D)","(D)","(D)","(D)","(D)"
"27620","Jefferson City, MO (Metropolitan Statistical Area)"," ","900","Real GDP by metropolitan area","11","23","  Construction",307,313,337,347,"(D)",307,296,283,268,280,271,255,250,231
"27620","Jefferson City, MO (Metropolitan Statistical Area)"," ","900","Real GDP by metropolitan area","12","31-33","  Manufacturing",537,531,578,588,585,"(D)","(D)",604,544,621,591,624,652,646
"27620","Jefferson City, MO (Metropolitan Statistical Area)"," ","900","Real GDP by metropolitan area","13","...","   Durable goods manufacturing","(D)","(D)","(D)","(D)",296,"(D)","(D)","(D)","(D)","(D)","(D)","(D)",321,344
"27620","Jefferson City, MO (Metropolitan Statistical Area)"," ","900","Real GDP by metropolitan area","14","321","    Wood products manufacturing","(D)","(D)","(D)","(D)",9,28,"(D)","(D)","(D)","(D)","(D)","(D)",12,"(NA)"
"27620","Jefferson City, MO (Metropolitan Statistical Area)"," ","900","Real GDP by metropolitan area","15","327","    Nonmetallic mineral products manufacturing","(D)","(D)","(D)","(D)","(D)","(D)","(D)","(D)","(D)","(D)","(D)","(D)","(D)","(NA)"
"27620","Jefferson City, MO (Metropolitan Statistical Area)"," ","900","Real GDP by metropolitan area","16","331","    Primary metals manufacturing","(D)","(D)","(D)","(D)","(D)","(D)","(D)","(D)","(L)","(L)","(L)","(L)","(L)","(NA)"
"27620","Jefferson City, MO (Metropolitan Statistical Area)"," ","900","Real GDP by metropolitan area","17","332","    Fabricated metal products","(D)","(D)","(D)","(D)","(D)","(D)","(D)","(D)","(D)","(D)","(D)","(D)",70,"(NA)"
"27620","Jefferson City, MO (Metropolitan Statistical Area)"," ","900","Real GDP by metropolitan area","18","333","    Machinery manufacturing","(D)","(D)","(D)","(D)","(D)","(D)","(D)","(D)","(D)","(D)","(D)","(D)","(D)","(NA)"
"27620","Jefferson City, MO (Metropolitan Statistical Area)"," ","900","Real GDP by metropolitan area","19","334","    Computer and electronic products manufacturing","(D)","(D)","(D)","(D)","(D)","(D)","(D)","(D)","(D)","(D)","(D)","(D)",3,"(NA)"
"27620","Jefferson City, MO (Metropolitan Statistical Area)"," ","900","Real GDP by metropolitan area","20","335","    Electrical equipment, appliance, and components manufacturing","(D)","(D)","(D)","(D)","(D)","(D)","(D)","(D)","(D)","(D)","(D)","(D)","(D)","(NA)"
"27620","Jefferson City, MO (Metropolitan Statistical Area)"," ","900","Real GDP by metropolitan area","21","3361-3363","    Motor vehicles, bodies and trailers, and parts manufacturing","(D)","(D)","(D)","(D)","(D)","(D)","(D)","(D)","(D)","(D)","(D)","(D)",64,"(NA)"
"27620","Jefferson City, MO (Metropolitan Statistical Area)"," ","900","Real GDP by metropolitan area","22","3364-3366, 3369","    Other transportation equipment manufacturing","(D)","(D)","(L)","(L)","(L)","(D)","(D)","(D)","(L)","(L)","(L)","(L)","(L)","(NA)"
"27620","Jefferson City, MO (Metropolitan Statistical Area)"," ","900","Real GDP by metropolitan area","23","337","    Furniture and related products manufacturing","(D)","(D)","(D)","(D)",5,"(D)","(D)","(D)","(D)","(D)","(D)","(D)","(D)","(NA)"
"27620","Jefferson City, MO (Metropolitan Statistical Area)"," ","900","Real GDP by metropolitan area","24","339","    Miscellaneous manufacturing","(D)","(D)","(D)","(D)","(D)","(D)","(D)","(D)","(D)","(D)","(D)","(D)","(D)","(NA)"
"27620","Jefferson City, MO (Metropolitan Statistical Area)"," ","900","Real GDP by metropolitan area","25","...","   Nondurable goods manufacturing","(D)","(D)","(D)","(D)",290,"(D)","(D)","(D)","(D)","(D)","(D)","(D)",331,303
"27620","Jefferson City, MO (Metropolitan Statistical Area)"," ","900","Real GDP by metropolitan area","26","311-312","    Food and beverage and tobacco products manufacturing","(D)","(D)","(D)","(D)","(D)","(D)","(D)","(D)","(D)","(D)","(D)","(D)","(D)","(NA)"
"27620","Jefferson City, MO (Metropolitan Statistical Area)"," ","900","Real GDP by metropolitan area","27","313-314","    Textile mills and textile product mills","(D)","(D)","(D)","(D)","(D)","(D)","(D)","(D)","(D)","(D)","(D)","(D)","(D)","(NA)"
"27620","Jefferson City, MO (Metropolitan Statistical Area)"," ","900","Real GDP by metropolitan area","28","315-316","    Apparel and leather and allied products manufacturing","(D)","(D)","(D)","(D)","(D)","(D)","(D)","(D)","(D)","(D)","(D)","(D)",1,"(NA)"
"27620","Jefferson City, MO (Metropolitan Statistical Area)"," ","900","Real GDP by metropolitan area","29","322","    Paper products manufacturing","(L)","(L)","(L)","(L)","(L)","(L)","(L)","(L)","(L)","(L)","(L)","(L)","(D)","(NA)"
"27620","Jefferson City, MO (Metropolitan Statistical Area)"," ","900","Real GDP by metropolitan area","30","323","    Printing and related support activities","(D)","(D)","(D)","(D)","(D)","(D)","(D)","(D)","(D)","(D)","(D)","(D)",91,"(NA)"
"27620","Jefferson City, MO (Metropolitan Statistical Area)"," ","900","Real GDP by metropolitan area","31","324","    Petroleum and coal products manufacturing","(D)","(D)","(D)","(D)","(D)","(D)","(D)","(D)","(D)","(D)","(D)","(D)","(D)","(NA)"
"27620","Jefferson City, MO (Metropolitan Statistical Area)"," ","900","Real GDP by metropolitan area","32","325","    Chemical products manufacturing","(D)","(D)","(D)","(D)","(D)","(D)","(D)","(D)","(D)","(D)","(D)","(D)","(D)","(NA)"
"27620","Jefferson City, MO (Metropolitan Statistical Area)"," ","900","Real GDP by metropolitan area","33","326","    Plastics and rubber products manufacturing","(D)","(D)","(D)","(D)","(D)","(D)","(D)","(D)","(D)","(D)","(D)","(D)",16,"(NA)"
"27620","Jefferson City, MO (Metropolitan Statistical Area)"," ","900","Real GDP by metropolitan area","34","42","  Wholesale trade","(D)","(D)","(D)","(D)","(D)","(D)","(D)","(D)","(D)","(D)","(D)","(D)",230,232
"27620","Jefferson City, MO (Metropolitan Statistical Area)"," ","900","Real GDP by metropolitan area","35","44-45","  Retail trade",392,433,466,458,463,449,428,394,380,391,380,372,370,379
"27620","Jefferson City, MO (Metropolitan Statistical Area)"," ","900","Real GDP by metropolitan area","36","48-49","  Transportation and warehousing","(D)","(D)","(D)","(D)","(D)","(D)","(D)","(D)","(D)","(D)","(D)","(D)","(D)","(D)"
"27620","Jefferson City, MO (Metropolitan Statistical Area)"," ","900","Real GDP by metropolitan area","37","481","   Air transportation","(D)","(D)","(D)","(D)","(D)","(D)","(D)","(D)","(D)","(D)","(D)","(L)","(L)","(NA)"
"27620","Jefferson City, MO (Metropolitan Statistical Area)"," ","900","Real GDP by metropolitan area","38","482","   Rail transportation",36,34,35,41,39,41,36,37,33,31,27,30,30,"(NA)"
"27620","Jefferson City, MO (Metropolitan Statistical Area)"," ","900","Real GDP by metropolitan area","39","483","   Water transportation","(L)","(L)","(L)","(L)","(L)","(L)","(L)","(L)","(L)","(L)","(L)","(L)","(L)","(NA)"
"27620","Jefferson City, MO (Metropolitan Statistical Area)"," ","900","Real GDP by metropolitan area","40","484","   Truck transportation",49,55,67,"(D)","(D)","(D)",43,42,42,"(D)","(D)","(D)","(D)","(NA)"
"27620","Jefferson City, MO (Metropolitan Statistical Area)"," ","900","Real GDP by metropolitan area","41","485","   Transit and ground passenger transportation","(D)","(D)","(D)","(D)","(D)","(D)","(D)","(D)","(D)","(D)","(D)","(D)",7,"(NA)"
"27620","Jefferson City, MO (Metropolitan Statistical Area)"," ","900","Real GDP by metropolitan area","42","486","   Pipeline transportation","(L)","(L)","(L)","(L)","(L)","(L)","(L)","(L)","(L)","(D)","(D)","(D)","(D)","(NA)"
"27620","Jefferson City, MO (Metropolitan Statistical Area)"," ","900","Real GDP by metropolitan area","43","487-488, 492","   Other transportation and support activities","(D)","(D)","(D)","(D)","(D)","(D)","(D)","(D)","(D)","(D)","(D)","(D)","(D)","(NA)"
"27620","Jefferson City, MO (Metropolitan Statistical Area)"," ","900","Real GDP by metropolitan area","44","493","   Warehousing and storage","(D)","(D)","(D)","(D)","(D)","(D)","(D)","(D)","(D)","(D)","(D)","(D)","(D)","(NA)"
"27620","Jefferson City, MO (Metropolitan Statistical Area)"," ","900","Real GDP by metropolitan area","45","51","  Information",144,178,177,202,222,246,"(D)","(D)",313,286,252,220,248,210
"27620","Jefferson City, MO (Metropolitan Statistical Area)"," ","900","Real GDP by metropolitan area","46","511","   Publishing industries, except Internet (includes software)","(D)","(D)","(D)","(D)","(D)","(D)","(D)","(D)","(D)","(D)","(D)","(D)",29,"(NA)"
"27620","Jefferson City, MO (Metropolitan Statistical Area)"," ","900","Real GDP by metropolitan area","47","512","   Motion picture and sound recording industries","(D)","(D)","(D)","(D)","(D)","(D)","(D)","(D)","(D)","(D)","(D)","(D)","(D)","(NA)"
"27620","Jefferson City, MO (Metropolitan Statistical Area)"," ","900","Real GDP by metropolitan area","48","515, 517","   Broadcasting and telecommunications","(D)","(D)","(D)","(D)","(D)","(D)","(D)","(D)","(D)","(D)","(D)","(D)",192,"(NA)"
"27620","Jefferson City, MO (Metropolitan Statistical Area)"," ","900","Real GDP by metropolitan area","49","518, 519","   Data processing, internet publishing, and other information services","(D)","(D)","(D)","(D)","(D)","(D)","(D)","(D)","(D)","(D)","(D)","(D)","(D)","(NA)"
"27620","Jefferson City, MO (Metropolitan Statistical Area)"," ","900","Real GDP by metropolitan area","50","52, 53","  Finance, insurance, real estate, rental, and leasing",617,512,513,500,514,553,553,503,608,574,575,509,549,536
"27620","Jefferson City, MO (Metropolitan Statistical Area)"," ","900","Real GDP by metropolitan area","51","52","   Finance and insurance",338,302,299,293,307,336,341,294,377,366,377,309,345,342
"27620","Jefferson City, MO (Metropolitan Statistical Area)"," ","900","Real GDP by metropolitan area","52","521-522","    Federal Reserve banks, credit intermediation, and related services",197,174,160,151,157,182,206,178,248,244,254,190,218,"(NA)"
"27620","Jefferson City, MO (Metropolitan Statistical Area)"," ","900","Real GDP by metropolitan area","53","523","    Securities, commodity contracts, and investments","(D)","(D)","(D)","(D)","(D)","(D)","(D)","(D)","(D)","(D)","(D)","(D)",19,"(NA)"
"27620","Jefferson City, MO (Metropolitan Statistical Area)"," ","900","Real GDP by metropolitan area","54","524","    Insurance carriers and related activities","(D)","(D)","(D)","(D)","(D)","(D)","(D)","(D)","(D)","(D)","(D)","(D)",108,"(NA)"
"27620","Jefferson City, MO (Metropolitan Statistical Area)"," ","900","Real GDP by metropolitan area","55","525","    Funds, trusts, and other financial vehicles",1,1,1,1,"(L)","(L)",1,"(L)",1,"(L)","(L)","(L)","(L)","(NA)"
"27620","Jefferson City, MO (Metropolitan Statistical Area)"," ","900","Real GDP by metropolitan area","56","53","   Real estate and rental and leasing",284,210,216,209,207,217,211,211,231,207,197,202,204,193
"27620","Jefferson City, MO (Metropolitan Statistical Area)"," ","900","Real GDP by metropolitan area","57","531","    Real estate",230,169,178,"(D)",166,"(D)","(D)","(D)","(D)","(D)","(D)","(D)",143,"(NA)"
"27620","Jefferson City, MO (Metropolitan Statistical Area)"," ","900","Real GDP by metropolitan area","58","532-533","    Rental and leasing services and lessors of intangible assets",53,41,37,"(D)",41,"(D)","(D)","(D)","(D)","(D)","(D)","(D)",61,"(NA)"
"27620","Jefferson City, MO (Metropolitan Statistical Area)"," ","900","Real GDP by metropolitan area","59","54, 55, 56","  Professional and business services",254,290,309,328,344,348,361,389,412,431,403,409,419,438
"27620","Jefferson City, MO (Metropolitan Statistical Area)"," ","900","Real GDP by metropolitan area","60","54","   Professional, scientific, and technical services","(D)","(D)",151,167,174,173,"(D)","(D)","(D)","(D)","(D)",214,217,225
"27620","Jefferson City, MO (Metropolitan Statistical Area)"," ","900","Real GDP by metropolitan area","64","55","   Management of companies and enterprises",54,"(D)","(D)","(D)","(D)","(D)","(D)","(D)","(D)","(D)","(D)","(D)","(D)","(D)"
"27620","Jefferson City, MO (Metropolitan Statistical Area)"," ","900","Real GDP by metropolitan area","65","56","   Administrative and waste management services","(D)","(D)","(D)","(D)","(D)","(D)","(D)","(D)","(D)","(D)","(D)","(D)","(D)","(D)"
"27620","Jefferson City, MO (Metropolitan Statistical Area)"," ","900","Real GDP by metropolitan area","66","561","    Administrative and support services","(D)","(D)","(D)","(D)","(D)","(D)","(D)","(D)","(D)","(D)","(D)","(D)",98,"(NA)"
"27620","Jefferson City, MO (Metropolitan Statistical Area)"," ","900","Real GDP by metropolitan area","67","562","    Waste management and remediation services","(D)","(D)","(D)","(D)","(D)","(D)","(D)","(D)","(D)","(D)",11,14,"(D)","(NA)"
"27620","Jefferson City, MO (Metropolitan Statistical Area)"," ","900","Real GDP by metropolitan area","68","61, 62","  Educational services, health care, and social assistance",416,424,429,449,445,453,451,468,466,460,467,470,461,464
"27620","Jefferson City, MO (Metropolitan Statistical Area)"," ","900","Real GDP by metropolitan area","69","61","   Educational services","(D)","(D)","(D)","(D)","(D)","(D)","(D)","(D)","(D)","(D)","(D)","(D)",59,53
"27620","Jefferson City, MO (Metropolitan Statistical Area)"," ","900","Real GDP by metropolitan area","70","62","   Health care and social assistance","(D)","(D)","(D)","(D)","(D)","(D)","(D)","(D)","(D)","(D)","(D)","(D)",401,412
"27620","Jefferson City, MO (Metropolitan Statistical Area)"," ","900","Real GDP by metropolitan area","71","621","    Ambulatory health care services","(D)","(D)","(D)",160,163,"(D)",163,172,172,170,"(D)",188,177,"(NA)"
"27620","Jefferson City, MO (Metropolitan Statistical Area)"," ","900","Real GDP by metropolitan area","72","622-623","    Hospitals and nursing and residential care facilities","(D)","(D)","(D)","(D)","(D)","(D)","(D)","(D)","(D)","(D)","(D)","(D)",186,"(NA)"
"27620","Jefferson City, MO (Metropolitan Statistical Area)"," ","900","Real GDP by metropolitan area","73","624","    Social assistance","(D)","(D)","(D)","(D)","(D)","(D)","(D)","(D)","(D)","(D)","(D)","(D)",38,"(NA)"
"27620","Jefferson City, MO (Metropolitan Statistical Area)"," ","900","Real GDP by metropolitan area","74","71, 72","  Arts, entertainment, recreation, accommodation, and food services",132,135,140,145,142,140,142,137,135,143,146,139,139,139
"27620","Jefferson City, MO (Metropolitan Statistical Area)"," ","900","Real GDP by metropolitan area","75","71","   Arts, entertainment, and recreation","(D)","(D)","(D)","(D)","(D)","(D)","(D)","(D)","(D)","(D)","(D)","(D)","(D)","(D)"
"27620","Jefferson City, MO (Metropolitan Statistical Area)"," ","900","Real GDP by metropolitan area","76","711-712","    Performing arts, spectator sports, museums, and related activities","(D)","(D)","(D)","(D)","(D)","(D)","(D)","(D)","(D)","(D)","(D)","(D)","(D)","(NA)"
"27620","Jefferson City, MO (Metropolitan Statistical Area)"," ","900","Real GDP by metropolitan area","77","713","    Amusements, gambling, and recreation industries","(D)","(D)","(D)","(D)","(D)","(D)","(D)","(D)","(D)","(D)","(D)","(D)",23,"(NA)"
"27620","Jefferson City, MO (Metropolitan Statistical Area)"," ","900","Real GDP by metropolitan area","78","72","   Accommodation and food services","(D)","(D)","(D)","(D)","(D)","(D)","(D)","(D)","(D)","(D)","(D)","(D)","(D)","(D)"
"27620","Jefferson City, MO (Metropolitan Statistical Area)"," ","900","Real GDP by metropolitan area","79","721","    Accommodation","(D)","(D)","(D)","(D)","(D)","(D)","(D)","(D)","(D)","(D)","(D)","(D)",21,"(NA)"
"27620","Jefferson City, MO (Metropolitan Statistical Area)"," ","900","Real GDP by metropolitan area","80","722","    Food services and drinking places","(D)","(D)","(D)","(D)",94,93,"(D)","(D)",93,98,"(D)","(D)","(D)","(NA)"
"27620","Jefferson City, MO (Metropolitan Statistical Area)"," ","900","Real GDP by metropolitan area","81","81","  Other services, except government",187,196,188,193,194,193,"(D)","(D)",173,170,166,169,169,172
"27620","Jefferson City, MO (Metropolitan Statistical Area)"," ","900","Real GDP by metropolitan area","82","92"," Government",1880,1763,1792,1756,1736,1754,1743,1736,1728,1666,1613,1586,1609,1601
"27620","Jefferson City, MO (Metropolitan Statistical Area)"," ","900","Real GDP by metropolitan area","83","...","  Federal civilian",77,79,82,79,77,78,81,82,83,83,81,81,76,"(NA)"
"27620","Jefferson City, MO (Metropolitan Statistical Area)"," ","900","Real GDP by metropolitan area","84","...","  Federal military",17,21,26,27,26,24,27,31,34,30,26,25,26,"(NA)"
"27620","Jefferson City, MO (Metropolitan Statistical Area)"," ","900","Real GDP by metropolitan area","85","...","  State and local",1787,1664,1684,1651,1633,1652,1635,1624,1611,1553,1506,1481,1507,"(NA)"
"27620","Jefferson City, MO (Metropolitan Statistical Area)"," ","900","Real GDP by metropolitan area","86","11, 21","Natural resources and mining","(D)","(D)","(D)","(D)",118,132,101,116,"(D)","(D)","(D)","(D)",117,99
"27620","Jefferson City, MO (Metropolitan Statistical Area)"," ","900","Real GDP by metropolitan area","87","42, 44-45","Trade","(D)","(D)","(D)","(D)","(D)","(D)","(D)","(D)","(D)","(D)","(D)","(D)",600,612
"27620","Jefferson City, MO (Metropolitan Statistical Area)"," ","900","Real GDP by metropolitan area","88","...","Transportation and utilities",571,525,614,699,687,651,639,656,682,774,771,803,876,823
"27620","Jefferson City, MO (Metropolitan Statistical Area)"," ","900","Real GDP by metropolitan area","89","...","Private goods-producing industries",881,871,960,1065,1052,1033,997,1004,906,1020,978,952,1018,969
"27620","Jefferson City, MO (Metropolitan Statistical Area)"," ","900","Real GDP by metropolitan area","90","...","Private services-providing industries",2877,2855,2992,3127,3190,3230,3257,3245,3343,3437,3366,3313,3454,3392
"27620","Jefferson City, MO (Metropolitan Statistical Area)"," ","1000","Per capita real GDP by metropolitan area","1","...","All industry total",39850,38523,40061,41682,41382,41306,40943,40496,40146,40825,39614,38902,40388,39503
"Note: See the included footnote file."
NAICS Industry detail is based on the 2007 North American Industry Classification System (NAICS).
"Source: U.S. Department of Commerce / Bureau of Economic Analysis / Regional Product Division"
