"10900","Allentown-Bethlehem-Easton, PA-NJ (Metropolitan Statistical Area)"," ","200","Gross domestic product (GDP) by metropolitan area","1","...","All industry total",23893,24761,24798,25881,27279,28652,29801,30210,30041,31295,31973,32867,33803,35417
"10900","Allentown-Bethlehem-Easton, PA-NJ (Metropolitan Statistical Area)"," ","200","Gross domestic product (GDP) by metropolitan area","2","..."," Private industries",21783,22533,22394,23294,24536,25766,26737,26995,26711,27840,28561,29463,30338,31919
"10900","Allentown-Bethlehem-Easton, PA-NJ (Metropolitan Statistical Area)"," ","200","Gross domestic product (GDP) by metropolitan area","3","11","  Agriculture, forestry, fishing, and hunting","(D)","(D)","(D)","(D)","(D)","(D)","(D)","(D)","(D)","(D)","(D)","(D)","(D)","(D)"
"10900","Allentown-Bethlehem-Easton, PA-NJ (Metropolitan Statistical Area)"," ","200","Gross domestic product (GDP) by metropolitan area","4","111-112","   Farms",33,25,49,66,45,41,56,69,57,74,104,126,100,"(NA)"
"10900","Allentown-Bethlehem-Easton, PA-NJ (Metropolitan Statistical Area)"," ","200","Gross domestic product (GDP) by metropolitan area","5","113-115","   Forestry, fishing, and related activities","(D)","(D)","(D)","(D)","(D)","(D)","(D)","(D)","(D)","(D)","(D)","(D)","(D)","(NA)"
"10900","Allentown-Bethlehem-Easton, PA-NJ (Metropolitan Statistical Area)"," ","200","Gross domestic product (GDP) by metropolitan area","6","21","  Mining","(D)","(D)","(D)","(D)","(D)","(D)","(D)","(D)","(D)","(D)","(D)","(D)","(D)","(D)"
"10900","Allentown-Bethlehem-Easton, PA-NJ (Metropolitan Statistical Area)"," ","200","Gross domestic product (GDP) by metropolitan area","7","211","   Oil and gas extraction","(D)","(D)","(D)","(D)","(D)","(D)","(D)","(D)","(D)","(D)","(D)","(D)","(D)","(NA)"
"10900","Allentown-Bethlehem-Easton, PA-NJ (Metropolitan Statistical Area)"," ","200","Gross domestic product (GDP) by metropolitan area","8","212","   Mining, except oil and gas","(D)","(D)","(D)","(D)","(D)","(D)","(D)","(D)","(D)","(D)","(D)","(D)",115,"(NA)"
"10900","Allentown-Bethlehem-Easton, PA-NJ (Metropolitan Statistical Area)"," ","200","Gross domestic product (GDP) by metropolitan area","9","213","   Support activities for mining","(D)","(D)","(D)","(D)","(D)","(D)","(D)","(D)","(D)","(D)","(D)","(D)","(D)","(NA)"
"10900","Allentown-Bethlehem-Easton, PA-NJ (Metropolitan Statistical Area)"," ","200","Gross domestic product (GDP) by metropolitan area","10","22","  Utilities",1179,1069,"(D)","(D)",535,"(D)","(D)","(D)","(D)","(D)","(D)","(D)","(D)","(D)"
"10900","Allentown-Bethlehem-Easton, PA-NJ (Metropolitan Statistical Area)"," ","200","Gross domestic product (GDP) by metropolitan area","11","23","  Construction",1187,1160,1210,1293,1449,"(D)",1423,1268,1095,1040,1077,1120,"(D)","(D)"
"10900","Allentown-Bethlehem-Easton, PA-NJ (Metropolitan Statistical Area)"," ","200","Gross domestic product (GDP) by metropolitan area","12","31-33","  Manufacturing",6051,6187,4536,4163,4361,4581,4644,4647,4664,4768,4773,4920,4697,4952
"10900","Allentown-Bethlehem-Easton, PA-NJ (Metropolitan Statistical Area)"," ","200","Gross domestic product (GDP) by metropolitan area","13","...","   Durable goods manufacturing","(D)",2075,1873,1962,"(D)","(D)","(D)","(D)","(D)",2213,2390,2434,2555,2710
"10900","Allentown-Bethlehem-Easton, PA-NJ (Metropolitan Statistical Area)"," ","200","Gross domestic product (GDP) by metropolitan area","14","321","    Wood products manufacturing","(D)","(D)","(D)",34,"(D)","(D)","(D)","(D)","(D)","(D)","(D)","(D)","(D)","(NA)"
"10900","Allentown-Bethlehem-Easton, PA-NJ (Metropolitan Statistical Area)"," ","200","Gross domestic product (GDP) by metropolitan area","15","327","    Nonmetallic mineral products manufacturing",197,191,161,184,208,220,238,"(D)",205,195,208,231,223,"(NA)"
"10900","Allentown-Bethlehem-Easton, PA-NJ (Metropolitan Statistical Area)"," ","200","Gross domestic product (GDP) by metropolitan area","16","331","    Primary metals manufacturing","(D)","(D)","(D)","(D)","(D)","(D)","(D)","(D)","(D)","(D)","(D)","(D)","(D)","(NA)"
"10900","Allentown-Bethlehem-Easton, PA-NJ (Metropolitan Statistical Area)"," ","200","Gross domestic product (GDP) by metropolitan area","17","332","    Fabricated metal products",256,221,233,219,276,304,332,346,334,326,373,365,371,"(NA)"
"10900","Allentown-Bethlehem-Easton, PA-NJ (Metropolitan Statistical Area)"," ","200","Gross domestic product (GDP) by metropolitan area","18","333","    Machinery manufacturing",224,189,187,213,253,"(D)","(D)",308,271,254,288,273,301,"(NA)"
"10900","Allentown-Bethlehem-Easton, PA-NJ (Metropolitan Statistical Area)"," ","200","Gross domestic product (GDP) by metropolitan area","19","334","    Computer and electronic products manufacturing","(D)","(D)","(D)","(D)","(D)","(D)","(D)","(D)","(D)","(D)","(D)","(D)","(D)","(NA)"
"10900","Allentown-Bethlehem-Easton, PA-NJ (Metropolitan Statistical Area)"," ","200","Gross domestic product (GDP) by metropolitan area","20","335","    Electrical equipment, appliance, and components manufacturing",187,195,"(D)",193,"(D)","(D)","(D)",324,"(D)","(D)","(D)","(D)",249,"(NA)"
"10900","Allentown-Bethlehem-Easton, PA-NJ (Metropolitan Statistical Area)"," ","200","Gross domestic product (GDP) by metropolitan area","21","3361-3363","    Motor vehicles, bodies and trailers, and parts manufacturing","(D)","(D)","(D)","(D)","(D)","(D)","(D)","(D)","(D)","(D)","(D)","(D)","(D)","(NA)"
"10900","Allentown-Bethlehem-Easton, PA-NJ (Metropolitan Statistical Area)"," ","200","Gross domestic product (GDP) by metropolitan area","22","3364-3366, 3369","    Other transportation equipment manufacturing","(D)","(D)","(D)","(D)","(D)","(D)","(D)","(D)","(D)","(D)","(D)","(D)",9,"(NA)"
"10900","Allentown-Bethlehem-Easton, PA-NJ (Metropolitan Statistical Area)"," ","200","Gross domestic product (GDP) by metropolitan area","23","337","    Furniture and related products manufacturing",57,52,52,50,55,55,57,55,52,60,"(D)","(D)",72,"(NA)"
"10900","Allentown-Bethlehem-Easton, PA-NJ (Metropolitan Statistical Area)"," ","200","Gross domestic product (GDP) by metropolitan area","24","339","    Miscellaneous manufacturing","(D)","(D)",320,"(D)","(D)",299,"(D)","(D)","(D)","(D)","(D)","(D)",394,"(NA)"
"10900","Allentown-Bethlehem-Easton, PA-NJ (Metropolitan Statistical Area)"," ","200","Gross domestic product (GDP) by metropolitan area","25","...","   Nondurable goods manufacturing","(D)",4111,2663,2200,"(D)","(D)","(D)","(D)","(D)",2555,2383,2486,2142,2242
"10900","Allentown-Bethlehem-Easton, PA-NJ (Metropolitan Statistical Area)"," ","200","Gross domestic product (GDP) by metropolitan area","26","311-312","    Food and beverage and tobacco products manufacturing","(D)","(D)","(D)","(D)","(D)","(D)","(D)","(D)",1018,956,818,"(D)","(D)","(NA)"
"10900","Allentown-Bethlehem-Easton, PA-NJ (Metropolitan Statistical Area)"," ","200","Gross domestic product (GDP) by metropolitan area","27","313-314","    Textile mills and textile product mills","(D)","(D)","(D)","(D)",50,"(D)",38,"(D)",26,"(D)","(D)","(D)",20,"(NA)"
"10900","Allentown-Bethlehem-Easton, PA-NJ (Metropolitan Statistical Area)"," ","200","Gross domestic product (GDP) by metropolitan area","28","315-316","    Apparel and leather and allied products manufacturing",194,"(D)","(D)","(D)","(D)",63,"(D)","(D)","(D)","(D)","(D)","(D)","(D)","(NA)"
"10900","Allentown-Bethlehem-Easton, PA-NJ (Metropolitan Statistical Area)"," ","200","Gross domestic product (GDP) by metropolitan area","29","322","    Paper products manufacturing","(D)","(D)","(D)","(D)","(D)","(D)","(D)","(D)","(D)","(D)","(D)","(D)","(D)","(NA)"
"10900","Allentown-Bethlehem-Easton, PA-NJ (Metropolitan Statistical Area)"," ","200","Gross domestic product (GDP) by metropolitan area","30","323","    Printing and related support activities","(D)","(D)","(D)","(D)","(D)","(D)","(D)","(D)","(D)","(D)","(D)","(D)","(D)","(NA)"
"10900","Allentown-Bethlehem-Easton, PA-NJ (Metropolitan Statistical Area)"," ","200","Gross domestic product (GDP) by metropolitan area","31","324","    Petroleum and coal products manufacturing","(D)","(D)","(D)","(D)","(D)","(D)","(D)","(D)","(D)","(D)","(D)","(D)",69,"(NA)"
"10900","Allentown-Bethlehem-Easton, PA-NJ (Metropolitan Statistical Area)"," ","200","Gross domestic product (GDP) by metropolitan area","32","325","    Chemical products manufacturing",2349,2542,1070,692,797,770,903,914,939,973,945,857,726,"(NA)"
"10900","Allentown-Bethlehem-Easton, PA-NJ (Metropolitan Statistical Area)"," ","200","Gross domestic product (GDP) by metropolitan area","33","326","    Plastics and rubber products manufacturing","(D)","(D)","(D)","(D)","(D)","(D)","(D)","(D)","(D)","(D)","(D)","(D)","(D)","(NA)"
"10900","Allentown-Bethlehem-Easton, PA-NJ (Metropolitan Statistical Area)"," ","200","Gross domestic product (GDP) by metropolitan area","34","42","  Wholesale trade",1143,1157,1200,1323,1488,"(D)","(D)","(D)","(D)","(D)","(D)",2306,"(D)","(D)"
"10900","Allentown-Bethlehem-Easton, PA-NJ (Metropolitan Statistical Area)"," ","200","Gross domestic product (GDP) by metropolitan area","35","44-45","  Retail trade",1655,1710,1826,1879,1956,2010,1996,1937,1937,2001,2056,2115,2145,2217
"10900","Allentown-Bethlehem-Easton, PA-NJ (Metropolitan Statistical Area)"," ","200","Gross domestic product (GDP) by metropolitan area","36","48-49","  Transportation and warehousing",787,915,939,995,1105,1238,1217,1217,1196,1273,1357,1448,1505,1605
"10900","Allentown-Bethlehem-Easton, PA-NJ (Metropolitan Statistical Area)"," ","200","Gross domestic product (GDP) by metropolitan area","37","481","   Air transportation","(D)","(D)","(D)","(D)","(D)","(D)","(D)","(D)","(D)","(D)","(D)","(D)","(D)","(NA)"
"10900","Allentown-Bethlehem-Easton, PA-NJ (Metropolitan Statistical Area)"," ","200","Gross domestic product (GDP) by metropolitan area","38","482","   Rail transportation",35,"(D)","(D)","(D)",34,37,35,42,37,36,44,53,57,"(NA)"
"10900","Allentown-Bethlehem-Easton, PA-NJ (Metropolitan Statistical Area)"," ","200","Gross domestic product (GDP) by metropolitan area","39","483","   Water transportation",2,"(D)","(D)","(D)",1,3,"(D)","(D)","(D)","(D)","(D)","(D)","(D)","(NA)"
"10900","Allentown-Bethlehem-Easton, PA-NJ (Metropolitan Statistical Area)"," ","200","Gross domestic product (GDP) by metropolitan area","40","484","   Truck transportation",234,412,365,365,412,468,443,445,420,425,430,456,492,"(NA)"
"10900","Allentown-Bethlehem-Easton, PA-NJ (Metropolitan Statistical Area)"," ","200","Gross domestic product (GDP) by metropolitan area","41","485","   Transit and ground passenger transportation",84,90,93,91,89,91,92,97,99,118,114,113,115,"(NA)"
"10900","Allentown-Bethlehem-Easton, PA-NJ (Metropolitan Statistical Area)"," ","200","Gross domestic product (GDP) by metropolitan area","42","486","   Pipeline transportation","(D)","(D)","(D)","(D)","(D)","(D)","(D)","(D)","(D)","(D)","(D)","(D)","(D)","(NA)"
"10900","Allentown-Bethlehem-Easton, PA-NJ (Metropolitan Statistical Area)"," ","200","Gross domestic product (GDP) by metropolitan area","43","487-488, 492","   Other transportation and support activities","(D)","(D)","(D)","(D)","(D)","(D)","(D)","(D)","(D)","(D)","(D)","(D)",170,"(NA)"
"10900","Allentown-Bethlehem-Easton, PA-NJ (Metropolitan Statistical Area)"," ","200","Gross domestic product (GDP) by metropolitan area","44","493","   Warehousing and storage","(D)","(D)","(D)","(D)","(D)","(D)","(D)","(D)","(D)","(D)","(D)","(D)",579,"(NA)"
"10900","Allentown-Bethlehem-Easton, PA-NJ (Metropolitan Statistical Area)"," ","200","Gross domestic product (GDP) by metropolitan area","45","51","  Information",1014,954,1126,1335,1440,1386,1504,1745,1668,1592,1418,1351,1456,1531
"10900","Allentown-Bethlehem-Easton, PA-NJ (Metropolitan Statistical Area)"," ","200","Gross domestic product (GDP) by metropolitan area","46","511","   Publishing industries, except Internet (includes software)","(D)","(D)","(D)","(D)","(D)","(D)","(D)","(D)","(D)","(D)","(D)","(D)","(D)","(NA)"
"10900","Allentown-Bethlehem-Easton, PA-NJ (Metropolitan Statistical Area)"," ","200","Gross domestic product (GDP) by metropolitan area","47","512","   Motion picture and sound recording industries","(D)","(D)","(D)","(D)","(D)","(D)","(D)","(D)","(D)","(D)","(D)","(D)","(D)","(NA)"
"10900","Allentown-Bethlehem-Easton, PA-NJ (Metropolitan Statistical Area)"," ","200","Gross domestic product (GDP) by metropolitan area","48","515, 517","   Broadcasting and telecommunications","(D)","(D)","(D)","(D)","(D)","(D)","(D)","(D)","(D)","(D)","(D)","(D)","(D)","(NA)"
"10900","Allentown-Bethlehem-Easton, PA-NJ (Metropolitan Statistical Area)"," ","200","Gross domestic product (GDP) by metropolitan area","49","518, 519","   Data processing, internet publishing, and other information services","(D)","(D)","(D)","(D)","(D)","(D)","(D)","(D)","(D)","(D)","(D)","(D)",143,"(NA)"
"10900","Allentown-Bethlehem-Easton, PA-NJ (Metropolitan Statistical Area)"," ","200","Gross domestic product (GDP) by metropolitan area","50","52, 53","  Finance, insurance, real estate, rental, and leasing",2997,3243,3485,3450,3798,3782,3774,3767,3914,4239,4450,4532,4818,5240
"10900","Allentown-Bethlehem-Easton, PA-NJ (Metropolitan Statistical Area)"," ","200","Gross domestic product (GDP) by metropolitan area","51","52","   Finance and insurance",1226,1196,1296,1300,1422,1489,1523,1321,1374,1341,1388,1403,1494,1567
"10900","Allentown-Bethlehem-Easton, PA-NJ (Metropolitan Statistical Area)"," ","200","Gross domestic product (GDP) by metropolitan area","52","521-522","    Federal Reserve banks, credit intermediation, and related services",402,"(D)","(D)",433,455,433,"(D)",406,395,365,344,361,377,"(NA)"
"10900","Allentown-Bethlehem-Easton, PA-NJ (Metropolitan Statistical Area)"," ","200","Gross domestic product (GDP) by metropolitan area","53","523","    Securities, commodity contracts, and investments","(D)","(D)","(D)","(D)","(D)","(D)","(D)","(D)","(D)","(D)","(D)","(D)","(D)","(NA)"
"10900","Allentown-Bethlehem-Easton, PA-NJ (Metropolitan Statistical Area)"," ","200","Gross domestic product (GDP) by metropolitan area","54","524","    Insurance carriers and related activities",726,669,"(D)",776,"(D)","(D)","(D)","(D)","(D)","(D)","(D)","(D)","(D)","(NA)"
"10900","Allentown-Bethlehem-Easton, PA-NJ (Metropolitan Statistical Area)"," ","200","Gross domestic product (GDP) by metropolitan area","55","525","    Funds, trusts, and other financial vehicles","(D)","(D)","(D)","(D)","(D)",1,2,1,2,"(D)","(D)","(D)","(D)","(NA)"
"10900","Allentown-Bethlehem-Easton, PA-NJ (Metropolitan Statistical Area)"," ","200","Gross domestic product (GDP) by metropolitan area","56","53","   Real estate and rental and leasing",1771,2047,2189,2150,2376,2293,2250,2446,2540,2898,3062,3129,3324,3673
"10900","Allentown-Bethlehem-Easton, PA-NJ (Metropolitan Statistical Area)"," ","200","Gross domestic product (GDP) by metropolitan area","57","531","    Real estate",1379,1704,1894,1877,2096,2007,1990,"(D)","(D)","(D)","(D)","(D)","(D)","(NA)"
"10900","Allentown-Bethlehem-Easton, PA-NJ (Metropolitan Statistical Area)"," ","200","Gross domestic product (GDP) by metropolitan area","58","532-533","    Rental and leasing services and lessors of intangible assets",392,344,295,273,280,286,260,"(D)","(D)","(D)","(D)","(D)","(D)","(NA)"
"10900","Allentown-Bethlehem-Easton, PA-NJ (Metropolitan Statistical Area)"," ","200","Gross domestic product (GDP) by metropolitan area","59","54, 55, 56","  Professional and business services",1837,1946,3033,3322,3466,3752,4139,4032,3748,4012,4160,4285,4710,5006
"10900","Allentown-Bethlehem-Easton, PA-NJ (Metropolitan Statistical Area)"," ","200","Gross domestic product (GDP) by metropolitan area","60","54","   Professional, scientific, and technical services","(D)",857,861,989,"(D)","(D)","(D)","(D)",1220,"(D)",1282,1347,1333,1400
"10900","Allentown-Bethlehem-Easton, PA-NJ (Metropolitan Statistical Area)"," ","200","Gross domestic product (GDP) by metropolitan area","64","55","   Management of companies and enterprises","(D)","(D)","(D)","(D)","(D)","(D)","(D)","(D)",1584,"(D)",1753,1823,"(D)","(D)"
"10900","Allentown-Bethlehem-Easton, PA-NJ (Metropolitan Statistical Area)"," ","200","Gross domestic product (GDP) by metropolitan area","65","56","   Administrative and waste management services","(D)","(D)","(D)","(D)",888,"(D)",985,994,944,1089,1125,1115,"(D)","(D)"
"10900","Allentown-Bethlehem-Easton, PA-NJ (Metropolitan Statistical Area)"," ","200","Gross domestic product (GDP) by metropolitan area","66","561","    Administrative and support services",569,587,600,683,754,826,880,886,824,941,1002,985,"(D)","(NA)"
"10900","Allentown-Bethlehem-Easton, PA-NJ (Metropolitan Statistical Area)"," ","200","Gross domestic product (GDP) by metropolitan area","67","562","    Waste management and remediation services","(D)","(D)","(D)","(D)",134,"(D)",106,108,120,148,123,130,"(D)","(NA)"
"10900","Allentown-Bethlehem-Easton, PA-NJ (Metropolitan Statistical Area)"," ","200","Gross domestic product (GDP) by metropolitan area","68","61, 62","  Educational services, health care, and social assistance",2438,2603,2769,3001,3147,3382,3556,3824,4025,4142,4299,4467,4640,4838
"10900","Allentown-Bethlehem-Easton, PA-NJ (Metropolitan Statistical Area)"," ","200","Gross domestic product (GDP) by metropolitan area","69","61","   Educational services",336,357,374,409,425,450,477,499,542,565,570,587,594,616
"10900","Allentown-Bethlehem-Easton, PA-NJ (Metropolitan Statistical Area)"," ","200","Gross domestic product (GDP) by metropolitan area","70","62","   Health care and social assistance",2102,2246,2395,2592,2722,2932,3079,3324,3484,3577,3728,3880,4046,4221
"10900","Allentown-Bethlehem-Easton, PA-NJ (Metropolitan Statistical Area)"," ","200","Gross domestic product (GDP) by metropolitan area","71","621","    Ambulatory health care services",972,1031,1067,1154,1234,1329,1398,1501,1569,1603,1678,1765,1849,"(NA)"
"10900","Allentown-Bethlehem-Easton, PA-NJ (Metropolitan Statistical Area)"," ","200","Gross domestic product (GDP) by metropolitan area","72","622-623","    Hospitals and nursing and residential care facilities","(D)","(D)","(D)","(D)","(D)","(D)","(D)","(D)","(D)","(D)","(D)","(D)",1956,"(NA)"
"10900","Allentown-Bethlehem-Easton, PA-NJ (Metropolitan Statistical Area)"," ","200","Gross domestic product (GDP) by metropolitan area","73","624","    Social assistance","(D)","(D)","(D)","(D)","(D)","(D)","(D)","(D)","(D)","(D)","(D)","(D)",241,"(NA)"
"10900","Allentown-Bethlehem-Easton, PA-NJ (Metropolitan Statistical Area)"," ","200","Gross domestic product (GDP) by metropolitan area","74","71, 72","  Arts, entertainment, recreation, accommodation, and food services",683,730,776,827,840,861,951,939,961,1053,1143,1245,1318,1364
"10900","Allentown-Bethlehem-Easton, PA-NJ (Metropolitan Statistical Area)"," ","200","Gross domestic product (GDP) by metropolitan area","75","71","   Arts, entertainment, and recreation",184,182,193,210,214,220,289,256,286,352,412,458,300,313
"10900","Allentown-Bethlehem-Easton, PA-NJ (Metropolitan Statistical Area)"," ","200","Gross domestic product (GDP) by metropolitan area","76","711-712","    Performing arts, spectator sports, museums, and related activities",65,62,66,71,77,81,94,80,79,78,91,97,107,"(NA)"
"10900","Allentown-Bethlehem-Easton, PA-NJ (Metropolitan Statistical Area)"," ","200","Gross domestic product (GDP) by metropolitan area","77","713","    Amusements, gambling, and recreation industries",119,120,127,139,137,139,195,176,207,274,321,361,193,"(NA)"
"10900","Allentown-Bethlehem-Easton, PA-NJ (Metropolitan Statistical Area)"," ","200","Gross domestic product (GDP) by metropolitan area","78","72","   Accommodation and food services",499,548,582,617,626,641,662,683,675,701,731,787,1018,1050
"10900","Allentown-Bethlehem-Easton, PA-NJ (Metropolitan Statistical Area)"," ","200","Gross domestic product (GDP) by metropolitan area","79","721","    Accommodation",92,105,104,109,116,112,121,125,105,105,110,126,344,"(NA)"
"10900","Allentown-Bethlehem-Easton, PA-NJ (Metropolitan Statistical Area)"," ","200","Gross domestic product (GDP) by metropolitan area","80","722","    Food services and drinking places",407,443,478,508,511,529,541,558,570,596,620,661,674,"(NA)"
"10900","Allentown-Bethlehem-Easton, PA-NJ (Metropolitan Statistical Area)"," ","200","Gross domestic product (GDP) by metropolitan area","81","81","  Other services, except government",704,758,728,763,800,827,811,795,776,763,771,786,809,814
"10900","Allentown-Bethlehem-Easton, PA-NJ (Metropolitan Statistical Area)"," ","200","Gross domestic product (GDP) by metropolitan area","82","92"," Government",2110,2228,2403,2587,2742,2887,3064,3215,3330,3455,3412,3404,3465,3498
"10900","Allentown-Bethlehem-Easton, PA-NJ (Metropolitan Statistical Area)"," ","200","Gross domestic product (GDP) by metropolitan area","83","...","  Federal civilian",218,229,236,246,250,261,272,264,261,281,271,267,267,"(NA)"
"10900","Allentown-Bethlehem-Easton, PA-NJ (Metropolitan Statistical Area)"," ","200","Gross domestic product (GDP) by metropolitan area","84","...","  Federal military",76,91,121,123,141,140,140,151,159,160,154,151,147,"(NA)"
"10900","Allentown-Bethlehem-Easton, PA-NJ (Metropolitan Statistical Area)"," ","200","Gross domestic product (GDP) by metropolitan area","85","...","  State and local",1815,1909,2047,2218,2351,2485,2652,2800,2909,3014,2987,2986,3051,"(NA)"
"10900","Allentown-Bethlehem-Easton, PA-NJ (Metropolitan Statistical Area)"," ","200","Gross domestic product (GDP) by metropolitan area","86","11, 21","Natural resources and mining",109,101,"(D)","(D)",151,171,218,238,216,248,252,"(D)","(D)","(D)"
"10900","Allentown-Bethlehem-Easton, PA-NJ (Metropolitan Statistical Area)"," ","200","Gross domestic product (GDP) by metropolitan area","87","42, 44-45","Trade",2798,2867,3026,3202,3444,"(D)","(D)","(D)","(D)","(D)","(D)",4421,"(D)","(D)"
"10900","Allentown-Bethlehem-Easton, PA-NJ (Metropolitan Statistical Area)"," ","200","Gross domestic product (GDP) by metropolitan area","88","...","Transportation and utilities",1965,1984,"(D)","(D)",1640,"(D)","(D)","(D)","(D)","(D)","(D)","(D)","(D)","(D)"
"10900","Allentown-Bethlehem-Easton, PA-NJ (Metropolitan Statistical Area)"," ","200","Gross domestic product (GDP) by metropolitan area","89","...","Private goods-producing industries",7347,7447,5878,5616,5961,6218,6285,6152,5975,6056,6103,"(D)",6105,6365
"10900","Allentown-Bethlehem-Easton, PA-NJ (Metropolitan Statistical Area)"," ","200","Gross domestic product (GDP) by metropolitan area","90","...","Private services-providing industries",14437,15086,16516,17678,18576,19548,20452,20842,20736,21784,22459,"(D)",24233,25553
"10900","Allentown-Bethlehem-Easton, PA-NJ (Metropolitan Statistical Area)"," ","800","Quantity indexes for real GDP by metropolitan area","1","...","All industry total",98.170,100.259,98.684,99.722,101.811,103.414,104.228,103.601,100.000,103.348,104.130,104.739,105.931,109.233
"10900","Allentown-Bethlehem-Easton, PA-NJ (Metropolitan Statistical Area)"," ","800","Quantity indexes for real GDP by metropolitan area","2","..."," Private industries",99.625,101.755,99.623,100.520,102.653,104.334,105.035,104.156,100.000,103.646,104.925,105.846,107.180,111.008
"10900","Allentown-Bethlehem-Easton, PA-NJ (Metropolitan Statistical Area)"," ","800","Quantity indexes for real GDP by metropolitan area","3","11","  Agriculture, forestry, fishing, and hunting","(D)","(D)","(D)","(D)","(D)","(D)","(D)","(D)","(D)","(D)","(D)","(D)","(D)","(D)"
"10900","Allentown-Bethlehem-Easton, PA-NJ (Metropolitan Statistical Area)"," ","800","Quantity indexes for real GDP by metropolitan area","4","111-112","   Farms",57.057,48.309,82.501,93.304,75.599,74.254,73.419,90.028,100.000,110.062,115.064,135.997,102.866,"(NA)"
"10900","Allentown-Bethlehem-Easton, PA-NJ (Metropolitan Statistical Area)"," ","800","Quantity indexes for real GDP by metropolitan area","5","113-115","   Forestry, fishing, and related activities","(D)","(D)","(D)","(D)","(D)","(D)","(D)","(D)","(D)","(D)","(D)","(D)","(D)","(NA)"
"10900","Allentown-Bethlehem-Easton, PA-NJ (Metropolitan Statistical Area)"," ","800","Quantity indexes for real GDP by metropolitan area","6","21","  Mining","(D)","(D)","(D)","(D)","(D)","(D)","(D)","(D)","(D)","(D)","(D)","(D)","(D)","(D)"
"10900","Allentown-Bethlehem-Easton, PA-NJ (Metropolitan Statistical Area)"," ","800","Quantity indexes for real GDP by metropolitan area","7","211","   Oil and gas extraction","(D)","(D)","(D)","(D)","(D)","(D)","(D)","(D)","(D)","(D)","(D)","(D)","(D)","(NA)"
"10900","Allentown-Bethlehem-Easton, PA-NJ (Metropolitan Statistical Area)"," ","800","Quantity indexes for real GDP by metropolitan area","8","212","   Mining, except oil and gas","(D)","(D)","(D)","(D)","(D)","(D)","(D)","(D)","(D)","(D)","(D)","(D)","(D)","(NA)"
"10900","Allentown-Bethlehem-Easton, PA-NJ (Metropolitan Statistical Area)"," ","800","Quantity indexes for real GDP by metropolitan area","9","213","   Support activities for mining","(D)","(D)","(D)","(D)","(D)","(D)","(D)","(D)","(D)","(D)","(D)","(D)","(D)","(NA)"
"10900","Allentown-Bethlehem-Easton, PA-NJ (Metropolitan Statistical Area)"," ","800","Quantity indexes for real GDP by metropolitan area","10","22","  Utilities","(D)","(D)","(D)","(D)","(D)","(D)","(D)","(D)","(D)","(D)","(D)","(D)","(D)","(D)"
"10900","Allentown-Bethlehem-Easton, PA-NJ (Metropolitan Statistical Area)"," ","800","Quantity indexes for real GDP by metropolitan area","11","23","  Construction",167.827,156.538,156.030,154.903,156.283,"(D)",131.809,117.400,100.000,96.775,98.755,99.540,"(D)","(D)"
"10900","Allentown-Bethlehem-Easton, PA-NJ (Metropolitan Statistical Area)"," ","800","Quantity indexes for real GDP by metropolitan area","12","31-33","  Manufacturing",147.913,151.083,111.462,102.159,103.765,106.300,107.285,104.177,100.000,102.580,100.885,100.189,94.815,98.720
"10900","Allentown-Bethlehem-Easton, PA-NJ (Metropolitan Statistical Area)"," ","800","Quantity indexes for real GDP by metropolitan area","13","...","   Durable goods manufacturing","(D)","(D)","(D)","(D)","(D)","(D)","(D)","(D)","(D)","(D)","(D)","(D)","(D)","(D)"
"10900","Allentown-Bethlehem-Easton, PA-NJ (Metropolitan Statistical Area)"," ","800","Quantity indexes for real GDP by metropolitan area","14","321","    Wood products manufacturing","(D)","(D)","(D)","(D)","(D)","(D)","(D)","(D)","(D)","(D)","(D)","(D)","(D)","(NA)"
"10900","Allentown-Bethlehem-Easton, PA-NJ (Metropolitan Statistical Area)"," ","800","Quantity indexes for real GDP by metropolitan area","15","327","    Nonmetallic mineral products manufacturing",116.093,109.695,94.463,107.177,113.861,108.532,118.158,"(D)",100.000,97.868,108.430,115.240,105.622,"(NA)"
"10900","Allentown-Bethlehem-Easton, PA-NJ (Metropolitan Statistical Area)"," ","800","Quantity indexes for real GDP by metropolitan area","16","331","    Primary metals manufacturing","(D)","(D)","(D)","(D)","(D)","(D)","(D)","(D)","(D)","(D)","(D)","(D)","(D)","(NA)"
"10900","Allentown-Bethlehem-Easton, PA-NJ (Metropolitan Statistical Area)"," ","800","Quantity indexes for real GDP by metropolitan area","17","332","    Fabricated metal products",99.671,85.653,91.792,85.051,102.218,113.124,120.859,120.559,100.000,105.013,120.579,112.390,110.803,"(NA)"
"10900","Allentown-Bethlehem-Easton, PA-NJ (Metropolitan Statistical Area)"," ","800","Quantity indexes for real GDP by metropolitan area","18","333","    Machinery manufacturing",91.963,77.195,76.739,90.435,105.223,"(D)","(D)",126.720,100.000,97.898,112.033,101.641,107.840,"(NA)"
"10900","Allentown-Bethlehem-Easton, PA-NJ (Metropolitan Statistical Area)"," ","800","Quantity indexes for real GDP by metropolitan area","19","334","    Computer and electronic products manufacturing","(D)","(D)","(D)","(D)","(D)","(D)","(D)","(D)","(D)","(D)","(D)","(D)","(D)","(NA)"
"10900","Allentown-Bethlehem-Easton, PA-NJ (Metropolitan Statistical Area)"," ","800","Quantity indexes for real GDP by metropolitan area","20","335","    Electrical equipment, appliance, and components manufacturing","(D)","(D)","(D)","(D)","(D)","(D)","(D)","(D)","(D)","(D)","(D)","(D)","(D)","(NA)"
"10900","Allentown-Bethlehem-Easton, PA-NJ (Metropolitan Statistical Area)"," ","800","Quantity indexes for real GDP by metropolitan area","21","3361-3363","    Motor vehicles, bodies and trailers, and parts manufacturing","(D)","(D)","(D)","(D)","(D)","(D)","(D)","(D)","(D)","(D)","(D)","(D)","(D)","(NA)"
"10900","Allentown-Bethlehem-Easton, PA-NJ (Metropolitan Statistical Area)"," ","800","Quantity indexes for real GDP by metropolitan area","22","3364-3366, 3369","    Other transportation equipment manufacturing","(D)","(D)","(D)","(D)","(D)","(D)","(D)","(D)","(D)","(D)","(D)","(D)","(D)","(NA)"
"10900","Allentown-Bethlehem-Easton, PA-NJ (Metropolitan Statistical Area)"," ","800","Quantity indexes for real GDP by metropolitan area","23","337","    Furniture and related products manufacturing",127.461,114.804,115.328,117.708,124.856,123.493,123.918,118.558,100.000,121.016,"(D)","(D)",139.648,"(NA)"
"10900","Allentown-Bethlehem-Easton, PA-NJ (Metropolitan Statistical Area)"," ","800","Quantity indexes for real GDP by metropolitan area","24","339","    Miscellaneous manufacturing","(D)","(D)","(D)","(D)","(D)","(D)","(D)","(D)","(D)","(D)","(D)","(D)","(D)","(NA)"
"10900","Allentown-Bethlehem-Easton, PA-NJ (Metropolitan Statistical Area)"," ","800","Quantity indexes for real GDP by metropolitan area","25","...","   Nondurable goods manufacturing","(D)","(D)","(D)","(D)","(D)","(D)","(D)","(D)","(D)","(D)","(D)","(D)","(D)","(D)"
"10900","Allentown-Bethlehem-Easton, PA-NJ (Metropolitan Statistical Area)"," ","800","Quantity indexes for real GDP by metropolitan area","26","311-312","    Food and beverage and tobacco products manufacturing","(D)","(D)","(D)","(D)","(D)","(D)","(D)","(D)",100.000,95.448,83.553,"(D)","(D)","(NA)"
"10900","Allentown-Bethlehem-Easton, PA-NJ (Metropolitan Statistical Area)"," ","800","Quantity indexes for real GDP by metropolitan area","27","313-314","    Textile mills and textile product mills","(D)","(D)","(D)","(D)",208.785,"(D)",155.984,"(D)",100.000,"(D)","(D)","(D)",72.253,"(NA)"
"10900","Allentown-Bethlehem-Easton, PA-NJ (Metropolitan Statistical Area)"," ","800","Quantity indexes for real GDP by metropolitan area","28","315-316","    Apparel and leather and allied products manufacturing","(D)","(D)","(D)","(D)","(D)","(D)","(D)","(D)","(D)","(D)","(D)","(D)","(D)","(NA)"
"10900","Allentown-Bethlehem-Easton, PA-NJ (Metropolitan Statistical Area)"," ","800","Quantity indexes for real GDP by metropolitan area","29","322","    Paper products manufacturing","(D)","(D)","(D)","(D)","(D)","(D)","(D)","(D)","(D)","(D)","(D)","(D)","(D)","(NA)"
"10900","Allentown-Bethlehem-Easton, PA-NJ (Metropolitan Statistical Area)"," ","800","Quantity indexes for real GDP by metropolitan area","30","323","    Printing and related support activities","(D)","(D)","(D)","(D)","(D)","(D)","(D)","(D)","(D)","(D)","(D)","(D)","(D)","(NA)"
"10900","Allentown-Bethlehem-Easton, PA-NJ (Metropolitan Statistical Area)"," ","800","Quantity indexes for real GDP by metropolitan area","31","324","    Petroleum and coal products manufacturing","(D)","(D)","(D)","(D)","(D)","(D)","(D)","(D)","(D)","(D)","(D)","(D)","(D)","(NA)"
"10900","Allentown-Bethlehem-Easton, PA-NJ (Metropolitan Statistical Area)"," ","800","Quantity indexes for real GDP by metropolitan area","32","325","    Chemical products manufacturing",336.915,362.256,149.518,96.265,106.335,99.097,115.985,105.985,100.000,103.488,92.885,79.913,66.471,"(NA)"
"10900","Allentown-Bethlehem-Easton, PA-NJ (Metropolitan Statistical Area)"," ","800","Quantity indexes for real GDP by metropolitan area","33","326","    Plastics and rubber products manufacturing","(D)","(D)","(D)","(D)","(D)","(D)","(D)","(D)","(D)","(D)","(D)","(D)","(D)","(NA)"
"10900","Allentown-Bethlehem-Easton, PA-NJ (Metropolitan Statistical Area)"," ","800","Quantity indexes for real GDP by metropolitan area","34","42","  Wholesale trade","(D)","(D)","(D)","(D)","(D)","(D)","(D)","(D)","(D)","(D)","(D)","(D)","(D)","(D)"
"10900","Allentown-Bethlehem-Easton, PA-NJ (Metropolitan Statistical Area)"," ","800","Quantity indexes for real GDP by metropolitan area","35","44-45","  Retail trade",96.348,99.867,107.267,108.230,110.042,109.857,106.175,101.174,100.000,102.497,103.234,103.237,102.922,105.036
"10900","Allentown-Bethlehem-Easton, PA-NJ (Metropolitan Statistical Area)"," ","800","Quantity indexes for real GDP by metropolitan area","36","48-49","  Transportation and warehousing",78.048,89.386,90.525,94.965,103.871,114.378,108.767,105.710,100.000,108.321,116.442,123.103,126.364,132.370
"10900","Allentown-Bethlehem-Easton, PA-NJ (Metropolitan Statistical Area)"," ","800","Quantity indexes for real GDP by metropolitan area","37","481","   Air transportation","(D)","(D)","(D)","(D)","(D)","(D)","(D)","(D)","(D)","(D)","(D)","(D)","(D)","(NA)"
"10900","Allentown-Bethlehem-Easton, PA-NJ (Metropolitan Statistical Area)"," ","800","Quantity indexes for real GDP by metropolitan area","38","482","   Rail transportation",135.024,"(D)","(D)","(D)",117.745,115.167,108.067,115.182,100.000,95.303,108.917,121.825,125.065,"(NA)"
"10900","Allentown-Bethlehem-Easton, PA-NJ (Metropolitan Statistical Area)"," ","800","Quantity indexes for real GDP by metropolitan area","39","483","   Water transportation","(D)","(D)","(D)","(D)","(D)","(D)","(D)","(D)","(D)","(D)","(D)","(D)","(D)","(NA)"
"10900","Allentown-Bethlehem-Easton, PA-NJ (Metropolitan Statistical Area)"," ","800","Quantity indexes for real GDP by metropolitan area","40","484","   Truck transportation",64.682,112.582,98.216,97.271,106.206,119.129,111.266,109.042,100.000,107.071,109.215,112.318,117.061,"(NA)"
"10900","Allentown-Bethlehem-Easton, PA-NJ (Metropolitan Statistical Area)"," ","800","Quantity indexes for real GDP by metropolitan area","41","485","   Transit and ground passenger transportation",124.014,128.275,123.229,115.919,110.229,108.165,107.479,109.621,100.000,115.978,109.484,104.194,99.657,"(NA)"
"10900","Allentown-Bethlehem-Easton, PA-NJ (Metropolitan Statistical Area)"," ","800","Quantity indexes for real GDP by metropolitan area","42","486","   Pipeline transportation","(D)","(D)","(D)","(D)","(D)","(D)","(D)","(D)","(D)","(D)","(D)","(D)","(D)","(NA)"
"10900","Allentown-Bethlehem-Easton, PA-NJ (Metropolitan Statistical Area)"," ","800","Quantity indexes for real GDP by metropolitan area","43","487-488, 492","   Other transportation and support activities","(D)","(D)","(D)","(D)","(D)","(D)","(D)","(D)","(D)","(D)","(D)","(D)","(D)","(NA)"
"10900","Allentown-Bethlehem-Easton, PA-NJ (Metropolitan Statistical Area)"," ","800","Quantity indexes for real GDP by metropolitan area","44","493","   Warehousing and storage","(D)","(D)","(D)","(D)","(D)","(D)","(D)","(D)","(D)","(D)","(D)","(D)","(D)","(NA)"
"10900","Allentown-Bethlehem-Easton, PA-NJ (Metropolitan Statistical Area)"," ","800","Quantity indexes for real GDP by metropolitan area","45","51","  Information",55.903,52.686,62.046,74.471,82.420,80.652,88.957,104.631,100.000,96.046,85.981,81.835,87.644,92.038
"10900","Allentown-Bethlehem-Easton, PA-NJ (Metropolitan Statistical Area)"," ","800","Quantity indexes for real GDP by metropolitan area","46","511","   Publishing industries, except Internet (includes software)","(D)","(D)","(D)","(D)","(D)","(D)","(D)","(D)","(D)","(D)","(D)","(D)","(D)","(NA)"
"10900","Allentown-Bethlehem-Easton, PA-NJ (Metropolitan Statistical Area)"," ","800","Quantity indexes for real GDP by metropolitan area","47","512","   Motion picture and sound recording industries","(D)","(D)","(D)","(D)","(D)","(D)","(D)","(D)","(D)","(D)","(D)","(D)","(D)","(NA)"
"10900","Allentown-Bethlehem-Easton, PA-NJ (Metropolitan Statistical Area)"," ","800","Quantity indexes for real GDP by metropolitan area","48","515, 517","   Broadcasting and telecommunications","(D)","(D)","(D)","(D)","(D)","(D)","(D)","(D)","(D)","(D)","(D)","(D)","(D)","(NA)"
"10900","Allentown-Bethlehem-Easton, PA-NJ (Metropolitan Statistical Area)"," ","800","Quantity indexes for real GDP by metropolitan area","49","518, 519","   Data processing, internet publishing, and other information services","(D)","(D)","(D)","(D)","(D)","(D)","(D)","(D)","(D)","(D)","(D)","(D)","(D)","(NA)"
"10900","Allentown-Bethlehem-Easton, PA-NJ (Metropolitan Statistical Area)"," ","800","Quantity indexes for real GDP by metropolitan area","50","52, 53","  Finance, insurance, real estate, rental, and leasing",88.238,92.908,97.063,93.782,101.042,98.666,96.929,96.105,100.000,107.717,111.644,111.150,115.540,122.709
"10900","Allentown-Bethlehem-Easton, PA-NJ (Metropolitan Statistical Area)"," ","800","Quantity indexes for real GDP by metropolitan area","51","52","   Finance and insurance",96.423,92.233,96.432,93.860,100.512,104.425,105.950,92.647,100.000,94.925,96.049,94.190,98.156,100.976
"10900","Allentown-Bethlehem-Easton, PA-NJ (Metropolitan Statistical Area)"," ","800","Quantity indexes for real GDP by metropolitan area","52","521-522","    Federal Reserve banks, credit intermediation, and related services",96.821,"(D)","(D)",97.766,101.397,93.911,"(D)",87.460,100.000,87.615,81.846,80.860,81.194,"(NA)"
"10900","Allentown-Bethlehem-Easton, PA-NJ (Metropolitan Statistical Area)"," ","800","Quantity indexes for real GDP by metropolitan area","53","523","    Securities, commodity contracts, and investments","(D)","(D)","(D)","(D)","(D)","(D)","(D)","(D)","(D)","(D)","(D)","(D)","(D)","(NA)"
"10900","Allentown-Bethlehem-Easton, PA-NJ (Metropolitan Statistical Area)"," ","800","Quantity indexes for real GDP by metropolitan area","54","524","    Insurance carriers and related activities","(D)","(D)","(D)","(D)","(D)","(D)","(D)","(D)","(D)","(D)","(D)","(D)","(D)","(NA)"
"10900","Allentown-Bethlehem-Easton, PA-NJ (Metropolitan Statistical Area)"," ","800","Quantity indexes for real GDP by metropolitan area","55","525","    Funds, trusts, and other financial vehicles","(D)","(D)","(D)","(D)","(D)",36.893,79.106,51.179,100.000,"(D)","(D)","(D)","(D)","(NA)"
"10900","Allentown-Bethlehem-Easton, PA-NJ (Metropolitan Statistical Area)"," ","800","Quantity indexes for real GDP by metropolitan area","56","53","   Real estate and rental and leasing",83.437,93.384,97.516,93.806,101.438,95.296,91.637,98.032,100.000,114.757,120.257,120.543,125.163,134.797
"10900","Allentown-Bethlehem-Easton, PA-NJ (Metropolitan Statistical Area)"," ","800","Quantity indexes for real GDP by metropolitan area","57","531","    Real estate","(D)","(D)","(D)","(D)","(D)","(D)","(D)","(D)","(D)","(D)","(D)","(D)","(D)","(NA)"
"10900","Allentown-Bethlehem-Easton, PA-NJ (Metropolitan Statistical Area)"," ","800","Quantity indexes for real GDP by metropolitan area","58","532-533","    Rental and leasing services and lessors of intangible assets","(D)","(D)","(D)","(D)","(D)","(D)","(D)","(D)","(D)","(D)","(D)","(D)","(D)","(NA)"
"10900","Allentown-Bethlehem-Easton, PA-NJ (Metropolitan Statistical Area)"," ","800","Quantity indexes for real GDP by metropolitan area","59","54, 55, 56","  Professional and business services",66.412,69.337,106.284,107.081,107.755,110.915,114.059,109.749,100.000,106.467,109.651,111.736,121.274,129.286
"10900","Allentown-Bethlehem-Easton, PA-NJ (Metropolitan Statistical Area)"," ","800","Quantity indexes for real GDP by metropolitan area","60","54","   Professional, scientific, and technical services","(D)",84.144,82.722,92.579,"(D)","(D)","(D)","(D)",100.000,"(D)",102.505,106.023,103.153,106.923
"10900","Allentown-Bethlehem-Easton, PA-NJ (Metropolitan Statistical Area)"," ","800","Quantity indexes for real GDP by metropolitan area","64","55","   Management of companies and enterprises","(D)","(D)","(D)","(D)","(D)","(D)","(D)","(D)",100.000,"(D)",109.340,112.851,"(D)","(D)"
"10900","Allentown-Bethlehem-Easton, PA-NJ (Metropolitan Statistical Area)"," ","800","Quantity indexes for real GDP by metropolitan area","65","56","   Administrative and waste management services","(D)","(D)","(D)","(D)",101.658,"(D)",106.661,106.392,100.000,116.055,119.503,117.247,"(D)","(D)"
"10900","Allentown-Bethlehem-Easton, PA-NJ (Metropolitan Statistical Area)"," ","800","Quantity indexes for real GDP by metropolitan area","66","561","    Administrative and support services",77.720,79.115,81.591,90.067,98.631,105.189,108.690,108.466,100.000,115.473,122.775,119.502,"(D)","(NA)"
"10900","Allentown-Bethlehem-Easton, PA-NJ (Metropolitan Statistical Area)"," ","800","Quantity indexes for real GDP by metropolitan area","67","562","    Waste management and remediation services","(D)","(D)","(D)","(D)",123.414,"(D)",92.649,92.065,100.000,119.973,98.133,102.494,"(D)","(NA)"
"10900","Allentown-Bethlehem-Easton, PA-NJ (Metropolitan Statistical Area)"," ","800","Quantity indexes for real GDP by metropolitan area","68","61, 62","  Educational services, health care, and social assistance",78.454,80.720,83.074,87.223,88.655,92.743,93.672,98.555,100.000,100.627,102.913,104.653,107.010,109.861
"10900","Allentown-Bethlehem-Easton, PA-NJ (Metropolitan Statistical Area)"," ","800","Quantity indexes for real GDP by metropolitan area","69","61","   Educational services",87.286,87.409,88.590,92.839,92.746,93.699,95.016,96.069,100.000,101.580,99.703,99.085,97.003,97.572
"10900","Allentown-Bethlehem-Easton, PA-NJ (Metropolitan Statistical Area)"," ","800","Quantity indexes for real GDP by metropolitan area","70","62","   Health care and social assistance",77.155,79.728,82.251,86.384,88.041,92.599,93.470,98.941,100.000,100.478,103.420,105.537,108.617,111.844
"10900","Allentown-Bethlehem-Easton, PA-NJ (Metropolitan Statistical Area)"," ","800","Quantity indexes for real GDP by metropolitan area","71","621","    Ambulatory health care services",74.537,77.979,78.924,83.389,87.066,92.831,93.389,98.957,100.000,99.693,103.319,107.113,111.645,"(NA)"
"10900","Allentown-Bethlehem-Easton, PA-NJ (Metropolitan Statistical Area)"," ","800","Quantity indexes for real GDP by metropolitan area","72","622-623","    Hospitals and nursing and residential care facilities","(D)","(D)","(D)","(D)","(D)","(D)","(D)","(D)","(D)","(D)","(D)","(D)","(D)","(NA)"
"10900","Allentown-Bethlehem-Easton, PA-NJ (Metropolitan Statistical Area)"," ","800","Quantity indexes for real GDP by metropolitan area","73","624","    Social assistance","(D)","(D)","(D)","(D)","(D)","(D)","(D)","(D)","(D)","(D)","(D)","(D)","(D)","(NA)"
"10900","Allentown-Bethlehem-Easton, PA-NJ (Metropolitan Statistical Area)"," ","800","Quantity indexes for real GDP by metropolitan area","74","71, 72","  Arts, entertainment, recreation, accommodation, and food services",92.326,95.095,99.513,104.008,102.119,101.090,107.327,102.879,100.000,109.739,119.496,125.373,129.516,130.283
"10900","Allentown-Bethlehem-Easton, PA-NJ (Metropolitan Statistical Area)"," ","800","Quantity indexes for real GDP by metropolitan area","75","71","   Arts, entertainment, and recreation",79.326,76.546,78.980,84.092,83.725,83.379,105.449,91.955,100.000,124.184,145.389,156.636,100.967,103.403
"10900","Allentown-Bethlehem-Easton, PA-NJ (Metropolitan Statistical Area)"," ","800","Quantity indexes for real GDP by metropolitan area","76","711-712","    Performing arts, spectator sports, museums, and related activities",109.259,101.904,104.748,107.267,111.180,113.513,125.388,104.066,100.000,98.005,113.193,118.138,128.282,"(NA)"
"10900","Allentown-Bethlehem-Easton, PA-NJ (Metropolitan Statistical Area)"," ","800","Quantity indexes for real GDP by metropolitan area","77","713","    Amusements, gambling, and recreation industries",68.169,66.987,69.254,75.234,73.314,71.975,97.824,87.311,100.000,134.317,157.858,171.562,90.324,"(NA)"
"10900","Allentown-Bethlehem-Easton, PA-NJ (Metropolitan Statistical Area)"," ","800","Quantity indexes for real GDP by metropolitan area","78","72","   Accommodation and food services",98.020,103.293,108.598,112.800,110.227,108.892,108.026,107.594,100.000,103.649,108.595,112.220,141.146,141.229
"10900","Allentown-Bethlehem-Easton, PA-NJ (Metropolitan Statistical Area)"," ","800","Quantity indexes for real GDP by metropolitan area","79","721","    Accommodation",105.214,119.093,118.198,121.193,121.089,113.118,115.423,116.680,100.000,100.823,104.750,115.618,308.458,"(NA)"
"10900","Allentown-Bethlehem-Easton, PA-NJ (Metropolitan Statistical Area)"," ","800","Quantity indexes for real GDP by metropolitan area","80","722","    Food services and drinking places",96.681,100.209,106.748,111.189,108.122,108.130,106.615,105.838,100.000,104.165,109.299,111.583,110.450,"(NA)"
"10900","Allentown-Bethlehem-Easton, PA-NJ (Metropolitan Statistical Area)"," ","800","Quantity indexes for real GDP by metropolitan area","81","81","  Other services, except government",123.653,127.502,119.031,121.002,121.946,121.087,114.048,107.584,100.000,95.762,94.583,93.752,93.563,91.836
"10900","Allentown-Bethlehem-Easton, PA-NJ (Metropolitan Statistical Area)"," ","800","Quantity indexes for real GDP by metropolitan area","82","92"," Government",86.123,87.870,91.090,93.323,95.048,96.013,97.752,99.157,100.000,100.981,97.872,96.034,96.108,95.292
"10900","Allentown-Bethlehem-Easton, PA-NJ (Metropolitan Statistical Area)"," ","800","Quantity indexes for real GDP by metropolitan area","83","...","  Federal civilian",113.326,112.258,110.009,109.445,106.731,108.106,108.287,103.048,100.000,103.721,97.527,96.136,94.064,"(NA)"
"10900","Allentown-Bethlehem-Easton, PA-NJ (Metropolitan Statistical Area)"," ","800","Quantity indexes for real GDP by metropolitan area","84","...","  Federal military",68.323,76.665,93.339,91.361,98.381,93.070,89.402,93.741,100.000,97.493,92.598,89.856,87.130,"(NA)"
"10900","Allentown-Bethlehem-Easton, PA-NJ (Metropolitan Statistical Area)"," ","800","Quantity indexes for real GDP by metropolitan area","85","...","  State and local",84.569,86.223,89.212,91.942,93.783,95.070,97.265,99.108,100.000,100.925,98.194,96.365,96.783,"(NA)"
"10900","Allentown-Bethlehem-Easton, PA-NJ (Metropolitan Statistical Area)"," ","800","Quantity indexes for real GDP by metropolitan area","86","11, 21","Natural resources and mining",92.020,84.024,"(D)","(D)",94.304,96.821,107.210,106.988,100.000,102.863,88.797,"(D)","(D)","(D)"
"10900","Allentown-Bethlehem-Easton, PA-NJ (Metropolitan Statistical Area)"," ","800","Quantity indexes for real GDP by metropolitan area","87","42, 44-45","Trade","(D)","(D)","(D)","(D)","(D)","(D)","(D)","(D)","(D)","(D)","(D)","(D)","(D)","(D)"
"10900","Allentown-Bethlehem-Easton, PA-NJ (Metropolitan Statistical Area)"," ","800","Quantity indexes for real GDP by metropolitan area","88","...","Transportation and utilities","(D)","(D)","(D)","(D)","(D)","(D)","(D)","(D)","(D)","(D)","(D)","(D)","(D)","(D)"
"10900","Allentown-Bethlehem-Easton, PA-NJ (Metropolitan Statistical Area)"," ","800","Quantity indexes for real GDP by metropolitan area","89","...","Private goods-producing industries",151.587,152.380,119.744,111.987,113.173,113.131,111.869,106.727,100.000,101.537,99.967,"(D)",95.252,97.277
"10900","Allentown-Bethlehem-Easton, PA-NJ (Metropolitan Statistical Area)"," ","800","Quantity indexes for real GDP by metropolitan area","90","...","Private services-providing industries",84.996,87.511,93.957,97.253,99.650,101.821,103.081,103.416,100.000,104.251,106.349,"(D)",110.646,115.002
"10900","Allentown-Bethlehem-Easton, PA-NJ (Metropolitan Statistical Area)"," ","900","Real GDP by metropolitan area","1","...","All industry total",29491,30118,29645,29957,30585,31066,31311,31122,30041,31046,31281,31464,31822,32814
"10900","Allentown-Bethlehem-Easton, PA-NJ (Metropolitan Statistical Area)"," ","900","Real GDP by metropolitan area","2","..."," Private industries",26611,27180,26610,26850,27419,27868,28056,27821,26711,27685,28026,28272,28629,29651
"10900","Allentown-Bethlehem-Easton, PA-NJ (Metropolitan Statistical Area)"," ","900","Real GDP by metropolitan area","3","11","  Agriculture, forestry, fishing, and hunting","(D)","(D)","(D)","(D)","(D)","(D)","(D)","(D)","(D)","(D)","(D)","(D)","(D)","(D)"
"10900","Allentown-Bethlehem-Easton, PA-NJ (Metropolitan Statistical Area)"," ","900","Real GDP by metropolitan area","4","111-112","   Farms",33,28,47,54,43,43,42,52,57,63,66,78,59,"(NA)"
"10900","Allentown-Bethlehem-Easton, PA-NJ (Metropolitan Statistical Area)"," ","900","Real GDP by metropolitan area","5","113-115","   Forestry, fishing, and related activities","(D)","(D)","(D)","(D)","(D)","(D)","(D)","(D)","(D)","(D)","(D)","(D)","(D)","(NA)"
"10900","Allentown-Bethlehem-Easton, PA-NJ (Metropolitan Statistical Area)"," ","900","Real GDP by metropolitan area","6","21","  Mining","(D)","(D)","(D)","(D)","(D)","(D)","(D)","(D)","(D)","(D)","(D)","(D)","(D)","(D)"
"10900","Allentown-Bethlehem-Easton, PA-NJ (Metropolitan Statistical Area)"," ","900","Real GDP by metropolitan area","7","211","   Oil and gas extraction","(D)","(D)","(D)","(D)","(D)","(D)","(D)","(D)","(D)","(D)","(D)","(D)","(D)","(NA)"
"10900","Allentown-Bethlehem-Easton, PA-NJ (Metropolitan Statistical Area)"," ","900","Real GDP by metropolitan area","8","212","   Mining, except oil and gas","(D)","(D)","(D)","(D)","(D)","(D)","(D)","(D)","(D)","(D)","(D)","(D)",99,"(NA)"
"10900","Allentown-Bethlehem-Easton, PA-NJ (Metropolitan Statistical Area)"," ","900","Real GDP by metropolitan area","9","213","   Support activities for mining","(D)","(D)","(D)","(D)","(D)","(D)","(D)","(D)","(D)","(D)","(D)","(D)","(D)","(NA)"
"10900","Allentown-Bethlehem-Easton, PA-NJ (Metropolitan Statistical Area)"," ","900","Real GDP by metropolitan area","10","22","  Utilities",1650,1559,"(D)","(D)",666,"(D)","(D)","(D)","(D)","(D)","(D)","(D)","(D)","(D)"
"10900","Allentown-Bethlehem-Easton, PA-NJ (Metropolitan Statistical Area)"," ","900","Real GDP by metropolitan area","11","23","  Construction",1838,1714,1709,1696,1711,"(D)",1443,1286,1095,1060,1081,1090,"(D)","(D)"
"10900","Allentown-Bethlehem-Easton, PA-NJ (Metropolitan Statistical Area)"," ","900","Real GDP by metropolitan area","12","31-33","  Manufacturing",6899,7047,5199,4765,4840,4958,5004,4859,4664,4784,4705,4673,4422,4604
"10900","Allentown-Bethlehem-Easton, PA-NJ (Metropolitan Statistical Area)"," ","900","Real GDP by metropolitan area","13","...","   Durable goods manufacturing","(D)",2147,1994,2060,"(D)","(D)","(D)","(D)","(D)",2218,2391,2403,2512,2614
"10900","Allentown-Bethlehem-Easton, PA-NJ (Metropolitan Statistical Area)"," ","900","Real GDP by metropolitan area","14","321","    Wood products manufacturing","(D)","(D)","(D)",25,"(D)","(D)","(D)","(D)","(D)","(D)","(D)","(D)","(D)","(NA)"
"10900","Allentown-Bethlehem-Easton, PA-NJ (Metropolitan Statistical Area)"," ","900","Real GDP by metropolitan area","15","327","    Nonmetallic mineral products manufacturing",238,225,194,220,234,223,242,"(D)",205,201,223,236,217,"(NA)"
"10900","Allentown-Bethlehem-Easton, PA-NJ (Metropolitan Statistical Area)"," ","900","Real GDP by metropolitan area","16","331","    Primary metals manufacturing","(D)","(D)","(D)","(D)","(D)","(D)","(D)","(D)","(D)","(D)","(D)","(D)","(D)","(NA)"
"10900","Allentown-Bethlehem-Easton, PA-NJ (Metropolitan Statistical Area)"," ","900","Real GDP by metropolitan area","17","332","    Fabricated metal products",333,286,306,284,341,377,403,402,334,350,402,375,370,"(NA)"
"10900","Allentown-Bethlehem-Easton, PA-NJ (Metropolitan Statistical Area)"," ","900","Real GDP by metropolitan area","18","333","    Machinery manufacturing",250,210,208,246,286,"(D)","(D)",344,271,266,304,276,293,"(NA)"
"10900","Allentown-Bethlehem-Easton, PA-NJ (Metropolitan Statistical Area)"," ","900","Real GDP by metropolitan area","19","334","    Computer and electronic products manufacturing","(D)","(D)","(D)","(D)","(D)","(D)","(D)","(D)","(D)","(D)","(D)","(D)","(D)","(NA)"
"10900","Allentown-Bethlehem-Easton, PA-NJ (Metropolitan Statistical Area)"," ","900","Real GDP by metropolitan area","20","335","    Electrical equipment, appliance, and components manufacturing",214,226,"(D)",236,"(D)","(D)","(D)",354,"(D)","(D)","(D)","(D)",240,"(NA)"
"10900","Allentown-Bethlehem-Easton, PA-NJ (Metropolitan Statistical Area)"," ","900","Real GDP by metropolitan area","21","3361-3363","    Motor vehicles, bodies and trailers, and parts manufacturing","(D)","(D)","(D)","(D)","(D)","(D)","(D)","(D)","(D)","(D)","(D)","(D)","(D)","(NA)"
"10900","Allentown-Bethlehem-Easton, PA-NJ (Metropolitan Statistical Area)"," ","900","Real GDP by metropolitan area","22","3364-3366, 3369","    Other transportation equipment manufacturing","(D)","(D)","(D)","(D)","(D)","(D)","(D)","(D)","(D)","(D)","(D)","(D)",8,"(NA)"
"10900","Allentown-Bethlehem-Easton, PA-NJ (Metropolitan Statistical Area)"," ","900","Real GDP by metropolitan area","23","337","    Furniture and related products manufacturing",66,59,60,61,65,64,64,61,52,63,"(D)","(D)",72,"(NA)"
"10900","Allentown-Bethlehem-Easton, PA-NJ (Metropolitan Statistical Area)"," ","900","Real GDP by metropolitan area","24","339","    Miscellaneous manufacturing","(D)","(D)",319,"(D)","(D)",309,"(D)","(D)","(D)","(D)","(D)","(D)",383,"(NA)"
"10900","Allentown-Bethlehem-Easton, PA-NJ (Metropolitan Statistical Area)"," ","900","Real GDP by metropolitan area","25","...","   Nondurable goods manufacturing","(D)",5093,3277,2732,"(D)","(D)","(D)","(D)","(D)",2567,2317,2274,1933,2013
"10900","Allentown-Bethlehem-Easton, PA-NJ (Metropolitan Statistical Area)"," ","900","Real GDP by metropolitan area","26","311-312","    Food and beverage and tobacco products manufacturing","(D)","(D)","(D)","(D)","(D)","(D)","(D)","(D)",1018,971,850,"(D)","(D)","(NA)"
"10900","Allentown-Bethlehem-Easton, PA-NJ (Metropolitan Statistical Area)"," ","900","Real GDP by metropolitan area","27","313-314","    Textile mills and textile product mills","(D)","(D)","(D)","(D)",54,"(D)",40,"(D)",26,"(D)","(D)","(D)",19,"(NA)"
"10900","Allentown-Bethlehem-Easton, PA-NJ (Metropolitan Statistical Area)"," ","900","Real GDP by metropolitan area","28","315-316","    Apparel and leather and allied products manufacturing",173,"(D)","(D)","(D)","(D)",61,"(D)","(D)","(D)","(D)","(D)","(D)","(D)","(NA)"
"10900","Allentown-Bethlehem-Easton, PA-NJ (Metropolitan Statistical Area)"," ","900","Real GDP by metropolitan area","29","322","    Paper products manufacturing","(D)","(D)","(D)","(D)","(D)","(D)","(D)","(D)","(D)","(D)","(D)","(D)","(D)","(NA)"
"10900","Allentown-Bethlehem-Easton, PA-NJ (Metropolitan Statistical Area)"," ","900","Real GDP by metropolitan area","30","323","    Printing and related support activities","(D)","(D)","(D)","(D)","(D)","(D)","(D)","(D)","(D)","(D)","(D)","(D)","(D)","(NA)"
"10900","Allentown-Bethlehem-Easton, PA-NJ (Metropolitan Statistical Area)"," ","900","Real GDP by metropolitan area","31","324","    Petroleum and coal products manufacturing","(D)","(D)","(D)","(D)","(D)","(D)","(D)","(D)","(D)","(D)","(D)","(D)",37,"(NA)"
"10900","Allentown-Bethlehem-Easton, PA-NJ (Metropolitan Statistical Area)"," ","900","Real GDP by metropolitan area","32","325","    Chemical products manufacturing",3165,3403,1404,904,999,931,1089,996,939,972,872,751,624,"(NA)"
"10900","Allentown-Bethlehem-Easton, PA-NJ (Metropolitan Statistical Area)"," ","900","Real GDP by metropolitan area","33","326","    Plastics and rubber products manufacturing","(D)","(D)","(D)","(D)","(D)","(D)","(D)","(D)","(D)","(D)","(D)","(D)","(D)","(NA)"
"10900","Allentown-Bethlehem-Easton, PA-NJ (Metropolitan Statistical Area)"," ","900","Real GDP by metropolitan area","34","42","  Wholesale trade",1395,1419,1487,1590,1743,"(D)","(D)","(D)","(D)","(D)","(D)",2134,"(D)","(D)"
"10900","Allentown-Bethlehem-Easton, PA-NJ (Metropolitan Statistical Area)"," ","900","Real GDP by metropolitan area","35","44-45","  Retail trade",1866,1935,2078,2097,2132,2128,2057,1960,1937,1985,2000,2000,1994,2035
"10900","Allentown-Bethlehem-Easton, PA-NJ (Metropolitan Statistical Area)"," ","900","Real GDP by metropolitan area","36","48-49","  Transportation and warehousing",933,1069,1082,1135,1242,1367,1300,1264,1196,1295,1392,1472,1511,1582
"10900","Allentown-Bethlehem-Easton, PA-NJ (Metropolitan Statistical Area)"," ","900","Real GDP by metropolitan area","37","481","   Air transportation","(D)","(D)","(D)","(D)","(D)","(D)","(D)","(D)","(D)","(D)","(D)","(D)","(D)","(NA)"
"10900","Allentown-Bethlehem-Easton, PA-NJ (Metropolitan Statistical Area)"," ","900","Real GDP by metropolitan area","38","482","   Rail transportation",50,"(D)","(D)","(D)",44,43,40,43,37,36,41,46,47,"(NA)"
"10900","Allentown-Bethlehem-Easton, PA-NJ (Metropolitan Statistical Area)"," ","900","Real GDP by metropolitan area","39","483","   Water transportation",1,"(D)","(D)","(D)",1,2,"(D)","(D)","(D)","(D)","(D)","(D)","(D)","(NA)"
"10900","Allentown-Bethlehem-Easton, PA-NJ (Metropolitan Statistical Area)"," ","900","Real GDP by metropolitan area","40","484","   Truck transportation",271,472,412,408,446,500,467,457,420,449,458,471,491,"(NA)"
"10900","Allentown-Bethlehem-Easton, PA-NJ (Metropolitan Statistical Area)"," ","900","Real GDP by metropolitan area","41","485","   Transit and ground passenger transportation",123,127,122,115,109,107,107,109,99,115,109,103,99,"(NA)"
"10900","Allentown-Bethlehem-Easton, PA-NJ (Metropolitan Statistical Area)"," ","900","Real GDP by metropolitan area","42","486","   Pipeline transportation","(D)","(D)","(D)","(D)","(D)","(D)","(D)","(D)","(D)","(D)","(D)","(D)","(D)","(NA)"
"10900","Allentown-Bethlehem-Easton, PA-NJ (Metropolitan Statistical Area)"," ","900","Real GDP by metropolitan area","43","487-488, 492","   Other transportation and support activities","(D)","(D)","(D)","(D)","(D)","(D)","(D)","(D)","(D)","(D)","(D)","(D)",140,"(NA)"
"10900","Allentown-Bethlehem-Easton, PA-NJ (Metropolitan Statistical Area)"," ","900","Real GDP by metropolitan area","44","493","   Warehousing and storage","(D)","(D)","(D)","(D)","(D)","(D)","(D)","(D)","(D)","(D)","(D)","(D)",675,"(NA)"
"10900","Allentown-Bethlehem-Easton, PA-NJ (Metropolitan Statistical Area)"," ","900","Real GDP by metropolitan area","45","51","  Information",933,879,1035,1242,1375,1345,1484,1745,1668,1602,1434,1365,1462,1535
"10900","Allentown-Bethlehem-Easton, PA-NJ (Metropolitan Statistical Area)"," ","900","Real GDP by metropolitan area","46","511","   Publishing industries, except Internet (includes software)","(D)","(D)","(D)","(D)","(D)","(D)","(D)","(D)","(D)","(D)","(D)","(D)","(D)","(NA)"
"10900","Allentown-Bethlehem-Easton, PA-NJ (Metropolitan Statistical Area)"," ","900","Real GDP by metropolitan area","47","512","   Motion picture and sound recording industries","(D)","(D)","(D)","(D)","(D)","(D)","(D)","(D)","(D)","(D)","(D)","(D)","(D)","(NA)"
"10900","Allentown-Bethlehem-Easton, PA-NJ (Metropolitan Statistical Area)"," ","900","Real GDP by metropolitan area","48","515, 517","   Broadcasting and telecommunications","(D)","(D)","(D)","(D)","(D)","(D)","(D)","(D)","(D)","(D)","(D)","(D)","(D)","(NA)"
"10900","Allentown-Bethlehem-Easton, PA-NJ (Metropolitan Statistical Area)"," ","900","Real GDP by metropolitan area","49","518, 519","   Data processing, internet publishing, and other information services","(D)","(D)","(D)","(D)","(D)","(D)","(D)","(D)","(D)","(D)","(D)","(D)",150,"(NA)"
"10900","Allentown-Bethlehem-Easton, PA-NJ (Metropolitan Statistical Area)"," ","900","Real GDP by metropolitan area","50","52, 53","  Finance, insurance, real estate, rental, and leasing",3453,3636,3799,3670,3955,3862,3794,3761,3914,4216,4370,4350,4522,4803
"10900","Allentown-Bethlehem-Easton, PA-NJ (Metropolitan Statistical Area)"," ","900","Real GDP by metropolitan area","51","52","   Finance and insurance",1325,1267,1325,1290,1381,1435,1456,1273,1374,1304,1320,1294,1349,1388
"10900","Allentown-Bethlehem-Easton, PA-NJ (Metropolitan Statistical Area)"," ","900","Real GDP by metropolitan area","52","521-522","    Federal Reserve banks, credit intermediation, and related services",382,"(D)","(D)",386,400,371,"(D)",345,395,346,323,319,321,"(NA)"
"10900","Allentown-Bethlehem-Easton, PA-NJ (Metropolitan Statistical Area)"," ","900","Real GDP by metropolitan area","53","523","    Securities, commodity contracts, and investments","(D)","(D)","(D)","(D)","(D)","(D)","(D)","(D)","(D)","(D)","(D)","(D)","(D)","(NA)"
"10900","Allentown-Bethlehem-Easton, PA-NJ (Metropolitan Statistical Area)"," ","900","Real GDP by metropolitan area","54","524","    Insurance carriers and related activities",826,745,"(D)",798,"(D)","(D)","(D)","(D)","(D)","(D)","(D)","(D)","(D)","(NA)"
"10900","Allentown-Bethlehem-Easton, PA-NJ (Metropolitan Statistical Area)"," ","900","Real GDP by metropolitan area","55","525","    Funds, trusts, and other financial vehicles","(D)","(D)","(D)","(D)","(D)",1,1,1,2,"(D)","(D)","(D)","(D)","(NA)"
"10900","Allentown-Bethlehem-Easton, PA-NJ (Metropolitan Statistical Area)"," ","900","Real GDP by metropolitan area","56","53","   Real estate and rental and leasing",2119,2372,2477,2382,2576,2420,2327,2490,2540,2915,3054,3061,3179,3423
"10900","Allentown-Bethlehem-Easton, PA-NJ (Metropolitan Statistical Area)"," ","900","Real GDP by metropolitan area","57","531","    Real estate",1649,1959,2131,2069,2262,2109,2049,"(D)","(D)","(D)","(D)","(D)","(D)","(NA)"
"10900","Allentown-Bethlehem-Easton, PA-NJ (Metropolitan Statistical Area)"," ","900","Real GDP by metropolitan area","58","532-533","    Rental and leasing services and lessors of intangible assets",482,421,349,315,315,313,279,"(D)","(D)","(D)","(D)","(D)","(D)","(NA)"
"10900","Allentown-Bethlehem-Easton, PA-NJ (Metropolitan Statistical Area)"," ","900","Real GDP by metropolitan area","59","54, 55, 56","  Professional and business services",2489,2598,3983,4013,4038,4157,4274,4113,3748,3990,4109,4187,4545,4845
"10900","Allentown-Bethlehem-Easton, PA-NJ (Metropolitan Statistical Area)"," ","900","Real GDP by metropolitan area","60","54","   Professional, scientific, and technical services","(D)",1026,1009,1129,"(D)","(D)","(D)","(D)",1220,"(D)",1250,1293,1258,1304
"10900","Allentown-Bethlehem-Easton, PA-NJ (Metropolitan Statistical Area)"," ","900","Real GDP by metropolitan area","64","55","   Management of companies and enterprises","(D)","(D)","(D)","(D)","(D)","(D)","(D)","(D)",1584,"(D)",1732,1788,"(D)","(D)"
"10900","Allentown-Bethlehem-Easton, PA-NJ (Metropolitan Statistical Area)"," ","900","Real GDP by metropolitan area","65","56","   Administrative and waste management services","(D)","(D)","(D)","(D)",959,"(D)",1007,1004,944,1095,1128,1107,"(D)","(D)"
"10900","Allentown-Bethlehem-Easton, PA-NJ (Metropolitan Statistical Area)"," ","900","Real GDP by metropolitan area","66","561","    Administrative and support services",640,652,672,742,813,867,895,894,824,951,1011,984,"(D)","(NA)"
"10900","Allentown-Bethlehem-Easton, PA-NJ (Metropolitan Statistical Area)"," ","900","Real GDP by metropolitan area","67","562","    Waste management and remediation services","(D)","(D)","(D)","(D)",148,"(D)",111,110,120,144,118,123,"(D)","(NA)"
"10900","Allentown-Bethlehem-Easton, PA-NJ (Metropolitan Statistical Area)"," ","900","Real GDP by metropolitan area","68","61, 62","  Educational services, health care, and social assistance",3158,3249,3344,3511,3569,3733,3771,3967,4025,4051,4143,4213,4308,4422
"10900","Allentown-Bethlehem-Easton, PA-NJ (Metropolitan Statistical Area)"," ","900","Real GDP by metropolitan area","69","61","   Educational services",473,474,480,503,502,508,515,520,542,550,540,537,526,529
"10900","Allentown-Bethlehem-Easton, PA-NJ (Metropolitan Statistical Area)"," ","900","Real GDP by metropolitan area","70","62","   Health care and social assistance",2688,2777,2865,3009,3067,3226,3256,3447,3484,3500,3603,3676,3784,3896
"10900","Allentown-Bethlehem-Easton, PA-NJ (Metropolitan Statistical Area)"," ","900","Real GDP by metropolitan area","71","621","    Ambulatory health care services",1170,1224,1238,1308,1366,1457,1465,1553,1569,1564,1621,1681,1752,"(NA)"
"10900","Allentown-Bethlehem-Easton, PA-NJ (Metropolitan Statistical Area)"," ","900","Real GDP by metropolitan area","72","622-623","    Hospitals and nursing and residential care facilities","(D)","(D)","(D)","(D)","(D)","(D)","(D)","(D)","(D)","(D)","(D)","(D)",1814,"(NA)"
"10900","Allentown-Bethlehem-Easton, PA-NJ (Metropolitan Statistical Area)"," ","900","Real GDP by metropolitan area","73","624","    Social assistance","(D)","(D)","(D)","(D)","(D)","(D)","(D)","(D)","(D)","(D)","(D)","(D)",219,"(NA)"
"10900","Allentown-Bethlehem-Easton, PA-NJ (Metropolitan Statistical Area)"," ","900","Real GDP by metropolitan area","74","71, 72","  Arts, entertainment, recreation, accommodation, and food services",888,914,957,1000,982,972,1032,989,961,1055,1149,1205,1245,1253
"10900","Allentown-Bethlehem-Easton, PA-NJ (Metropolitan Statistical Area)"," ","900","Real GDP by metropolitan area","75","71","   Arts, entertainment, and recreation",227,219,226,241,240,239,302,263,286,355,416,448,289,296
"10900","Allentown-Bethlehem-Easton, PA-NJ (Metropolitan Statistical Area)"," ","900","Real GDP by metropolitan area","76","711-712","    Performing arts, spectator sports, museums, and related activities",87,81,83,85,88,90,99,82,79,78,90,94,102,"(NA)"
"10900","Allentown-Bethlehem-Easton, PA-NJ (Metropolitan Statistical Area)"," ","900","Real GDP by metropolitan area","77","713","    Amusements, gambling, and recreation industries",141,139,143,156,152,149,202,181,207,278,327,355,187,"(NA)"
"10900","Allentown-Bethlehem-Easton, PA-NJ (Metropolitan Statistical Area)"," ","900","Real GDP by metropolitan area","78","72","   Accommodation and food services",662,698,733,762,744,735,730,727,675,700,733,758,953,954
"10900","Allentown-Bethlehem-Easton, PA-NJ (Metropolitan Statistical Area)"," ","900","Real GDP by metropolitan area","79","721","    Accommodation",110,125,124,127,127,119,121,122,105,106,110,121,324,"(NA)"
"10900","Allentown-Bethlehem-Easton, PA-NJ (Metropolitan Statistical Area)"," ","900","Real GDP by metropolitan area","80","722","    Food services and drinking places",551,572,609,634,617,617,608,604,570,594,623,637,630,"(NA)"
"10900","Allentown-Bethlehem-Easton, PA-NJ (Metropolitan Statistical Area)"," ","900","Real GDP by metropolitan area","81","81","  Other services, except government",960,989,924,939,946,940,885,835,776,743,734,728,726,713
"10900","Allentown-Bethlehem-Easton, PA-NJ (Metropolitan Statistical Area)"," ","900","Real GDP by metropolitan area","82","92"," Government",2868,2926,3033,3107,3165,3197,3255,3302,3330,3362,3259,3198,3200,3173
"10900","Allentown-Bethlehem-Easton, PA-NJ (Metropolitan Statistical Area)"," ","900","Real GDP by metropolitan area","83","...","  Federal civilian",296,293,287,286,279,282,283,269,261,271,255,251,246,"(NA)"
"10900","Allentown-Bethlehem-Easton, PA-NJ (Metropolitan Statistical Area)"," ","900","Real GDP by metropolitan area","84","...","  Federal military",109,122,149,146,157,148,143,149,159,155,148,143,139,"(NA)"
"10900","Allentown-Bethlehem-Easton, PA-NJ (Metropolitan Statistical Area)"," ","900","Real GDP by metropolitan area","85","...","  State and local",2460,2508,2595,2675,2728,2766,2829,2883,2909,2936,2857,2803,2815,"(NA)"
"10900","Allentown-Bethlehem-Easton, PA-NJ (Metropolitan Statistical Area)"," ","900","Real GDP by metropolitan area","86","11, 21","Natural resources and mining",199,182,"(D)","(D)",204,209,232,231,216,222,192,"(D)","(D)","(D)"
"10900","Allentown-Bethlehem-Easton, PA-NJ (Metropolitan Statistical Area)"," ","900","Real GDP by metropolitan area","87","42, 44-45","Trade",3280,3373,3588,3706,3890,"(D)","(D)","(D)","(D)","(D)","(D)",4135,"(D)","(D)"
"10900","Allentown-Bethlehem-Easton, PA-NJ (Metropolitan Statistical Area)"," ","900","Real GDP by metropolitan area","88","...","Transportation and utilities",2460,2525,"(D)","(D)",1908,"(D)","(D)","(D)","(D)","(D)","(D)","(D)","(D)","(D)"
"10900","Allentown-Bethlehem-Easton, PA-NJ (Metropolitan Statistical Area)"," ","900","Real GDP by metropolitan area","89","...","Private goods-producing industries",9058,9105,7155,6691,6762,6760,6684,6377,5975,6067,5973,"(D)",5692,5813
"10900","Allentown-Bethlehem-Easton, PA-NJ (Metropolitan Statistical Area)"," ","900","Real GDP by metropolitan area","90","...","Private services-providing industries",17624,18146,19483,20166,20663,21113,21374,21444,20736,21617,22052,"(D)",22943,23846
"10900","Allentown-Bethlehem-Easton, PA-NJ (Metropolitan Statistical Area)"," ","1000","Per capita real GDP by metropolitan area","1","...","All industry total",39389,39806,38654,38541,38826,38901,38771,38232,36734,37772,37918,38050,38477,39543
"Note: See the included footnote file."
NAICS Industry detail is based on the 2007 North American Industry Classification System (NAICS).
"Source: U.S. Department of Commerce / Bureau of Economic Analysis / Regional Product Division"
