"16180","Carson City, NV (Metropolitan Statistical Area)"," ","200","Gross domestic product (GDP) by metropolitan area","1","...","All industry total",2139,2211,2398,2616,2820,2952,3054,2909,2739,2806,2789,2811,2901,2918
"16180","Carson City, NV (Metropolitan Statistical Area)"," ","200","Gross domestic product (GDP) by metropolitan area","2","..."," Private industries",1515,1570,1697,1837,2009,2098,2156,2081,1878,1923,1907,1964,2033,2035
"16180","Carson City, NV (Metropolitan Statistical Area)"," ","200","Gross domestic product (GDP) by metropolitan area","3","11","  Agriculture, forestry, fishing, and hunting","(D)","(D)","(D)","(D)","(D)","(D)","(D)",1,1,2,1,"(D)","(D)","(D)"
"16180","Carson City, NV (Metropolitan Statistical Area)"," ","200","Gross domestic product (GDP) by metropolitan area","4","111-112","   Farms","(L)",1,1,1,"(L)",1,"(L)",1,1,1,1,"(L)",1,"(NA)"
"16180","Carson City, NV (Metropolitan Statistical Area)"," ","200","Gross domestic product (GDP) by metropolitan area","5","113-115","   Forestry, fishing, and related activities","(D)","(D)","(D)","(D)","(D)","(D)","(D)",1,1,1,1,"(D)","(D)","(NA)"
"16180","Carson City, NV (Metropolitan Statistical Area)"," ","200","Gross domestic product (GDP) by metropolitan area","6","21","  Mining","(D)","(D)","(L)","(D)","(D)","(D)","(D)","(D)","(D)","(D)","(D)","(D)","(D)","(D)"
"16180","Carson City, NV (Metropolitan Statistical Area)"," ","200","Gross domestic product (GDP) by metropolitan area","7","211","   Oil and gas extraction","(L)","(L)","(L)","(L)","(L)","(L)","(L)","(L)","(L)","(L)","(L)","(L)","(L)","(NA)"
"16180","Carson City, NV (Metropolitan Statistical Area)"," ","200","Gross domestic product (GDP) by metropolitan area","8","212","   Mining, except oil and gas",1,"(L)","(L)","(L)","(L)","(L)","(L)",4,7,10,21,15,13,"(NA)"
"16180","Carson City, NV (Metropolitan Statistical Area)"," ","200","Gross domestic product (GDP) by metropolitan area","9","213","   Support activities for mining","(D)","(D)","(L)","(D)","(D)","(D)","(D)","(D)","(D)","(D)","(D)","(D)","(D)","(NA)"
"16180","Carson City, NV (Metropolitan Statistical Area)"," ","200","Gross domestic product (GDP) by metropolitan area","10","22","  Utilities","(D)","(D)","(D)","(D)","(D)","(D)","(D)","(D)","(D)","(D)","(D)","(D)","(D)","(D)"
"16180","Carson City, NV (Metropolitan Statistical Area)"," ","200","Gross domestic product (GDP) by metropolitan area","11","23","  Construction","(D)","(D)","(D)","(D)","(D)","(D)","(D)","(D)","(D)","(D)","(D)",68,73,89
"16180","Carson City, NV (Metropolitan Statistical Area)"," ","200","Gross domestic product (GDP) by metropolitan area","12","31-33","  Manufacturing",218,199,203,219,243,262,286,280,249,273,265,280,276,268
"16180","Carson City, NV (Metropolitan Statistical Area)"," ","200","Gross domestic product (GDP) by metropolitan area","13","...","   Durable goods manufacturing",171,"(D)",170,186,212,"(D)",252,252,218,231,222,232,223,215
"16180","Carson City, NV (Metropolitan Statistical Area)"," ","200","Gross domestic product (GDP) by metropolitan area","14","321","    Wood products manufacturing","(D)","(D)","(D)","(D)","(L)","(L)","(D)","(D)","(D)","(D)","(D)","(D)","(D)","(NA)"
"16180","Carson City, NV (Metropolitan Statistical Area)"," ","200","Gross domestic product (GDP) by metropolitan area","15","327","    Nonmetallic mineral products manufacturing",10,11,11,10,14,11,12,9,6,5,5,6,5,"(NA)"
"16180","Carson City, NV (Metropolitan Statistical Area)"," ","200","Gross domestic product (GDP) by metropolitan area","16","331","    Primary metals manufacturing","(D)",16,18,"(D)","(D)","(D)","(D)","(D)","(D)","(D)","(D)","(D)","(D)","(NA)"
"16180","Carson City, NV (Metropolitan Statistical Area)"," ","200","Gross domestic product (GDP) by metropolitan area","17","332","    Fabricated metal products",34,33,32,36,44,53,62,56,49,41,50,54,59,"(NA)"
"16180","Carson City, NV (Metropolitan Statistical Area)"," ","200","Gross domestic product (GDP) by metropolitan area","18","333","    Machinery manufacturing",9,10,6,8,9,9,12,12,14,17,20,23,26,"(NA)"
"16180","Carson City, NV (Metropolitan Statistical Area)"," ","200","Gross domestic product (GDP) by metropolitan area","19","334","    Computer and electronic products manufacturing",31,30,37,34,37,33,34,31,32,37,30,25,32,"(NA)"
"16180","Carson City, NV (Metropolitan Statistical Area)"," ","200","Gross domestic product (GDP) by metropolitan area","20","335","    Electrical equipment, appliance, and components manufacturing","(D)",4,4,5,5,7,5,5,4,5,5,3,"(D)","(NA)"
"16180","Carson City, NV (Metropolitan Statistical Area)"," ","200","Gross domestic product (GDP) by metropolitan area","21","3361-3363","    Motor vehicles, bodies and trailers, and parts manufacturing",15,14,"(D)","(D)","(D)",12,12,9,"(D)",7,"(D)","(D)","(D)","(NA)"
"16180","Carson City, NV (Metropolitan Statistical Area)"," ","200","Gross domestic product (GDP) by metropolitan area","22","3364-3366, 3369","    Other transportation equipment manufacturing",41,39,"(D)","(D)","(D)",61,68,82,"(D)","(D)","(D)","(D)","(D)","(NA)"
"16180","Carson City, NV (Metropolitan Statistical Area)"," ","200","Gross domestic product (GDP) by metropolitan area","23","337","    Furniture and related products manufacturing",4,4,3,2,2,2,1,1,1,1,"(L)","(D)","(D)","(NA)"
"16180","Carson City, NV (Metropolitan Statistical Area)"," ","200","Gross domestic product (GDP) by metropolitan area","24","339","    Miscellaneous manufacturing",2,4,4,8,8,8,11,11,12,11,12,16,15,"(NA)"
"16180","Carson City, NV (Metropolitan Statistical Area)"," ","200","Gross domestic product (GDP) by metropolitan area","25","...","   Nondurable goods manufacturing",47,"(D)",33,33,31,"(D)",34,28,31,41,42,48,54,52
"16180","Carson City, NV (Metropolitan Statistical Area)"," ","200","Gross domestic product (GDP) by metropolitan area","26","311-312","    Food and beverage and tobacco products manufacturing","(D)","(D)","(D)",9,9,"(D)",9,8,11,9,9,14,19,"(NA)"
"16180","Carson City, NV (Metropolitan Statistical Area)"," ","200","Gross domestic product (GDP) by metropolitan area","27","313-314","    Textile mills and textile product mills","(D)","(D)","(D)","(D)","(D)","(L)",1,1,"(D)","(D)","(D)","(D)","(D)","(NA)"
"16180","Carson City, NV (Metropolitan Statistical Area)"," ","200","Gross domestic product (GDP) by metropolitan area","28","315-316","    Apparel and leather and allied products manufacturing","(D)","(D)","(D)","(D)","(D)","(D)","(D)","(D)","(D)","(D)","(L)","(L)","(L)","(NA)"
"16180","Carson City, NV (Metropolitan Statistical Area)"," ","200","Gross domestic product (GDP) by metropolitan area","29","322","    Paper products manufacturing","(D)","(D)","(D)","(D)","(D)","(D)","(D)","(D)","(L)","(L)","(L)","(L)","(L)","(NA)"
"16180","Carson City, NV (Metropolitan Statistical Area)"," ","200","Gross domestic product (GDP) by metropolitan area","30","323","    Printing and related support activities",2,2,2,2,3,3,3,2,1,1,1,1,"(L)","(NA)"
"16180","Carson City, NV (Metropolitan Statistical Area)"," ","200","Gross domestic product (GDP) by metropolitan area","31","324","    Petroleum and coal products manufacturing","(L)","(L)","(L)","(L)","(L)","(L)","(L)","(L)","(L)","(L)","(L)","(L)","(L)","(NA)"
"16180","Carson City, NV (Metropolitan Statistical Area)"," ","200","Gross domestic product (GDP) by metropolitan area","32","325","    Chemical products manufacturing",5,"(D)","(D)","(D)","(D)","(D)","(D)","(D)","(D)","(D)","(D)","(D)","(D)","(NA)"
"16180","Carson City, NV (Metropolitan Statistical Area)"," ","200","Gross domestic product (GDP) by metropolitan area","33","326","    Plastics and rubber products manufacturing",20,18,19,16,14,16,15,12,10,10,9,10,11,"(NA)"
"16180","Carson City, NV (Metropolitan Statistical Area)"," ","200","Gross domestic product (GDP) by metropolitan area","34","42","  Wholesale trade",61,62,67,77,88,94,100,90,74,68,74,82,82,82
"16180","Carson City, NV (Metropolitan Statistical Area)"," ","200","Gross domestic product (GDP) by metropolitan area","35","44-45","  Retail trade",215,225,211,227,254,259,247,218,201,193,205,206,228,243
"16180","Carson City, NV (Metropolitan Statistical Area)"," ","200","Gross domestic product (GDP) by metropolitan area","36","48-49","  Transportation and warehousing","(D)","(D)","(D)","(D)","(D)","(D)","(D)","(D)","(D)","(D)","(D)","(D)","(D)","(D)"
"16180","Carson City, NV (Metropolitan Statistical Area)"," ","200","Gross domestic product (GDP) by metropolitan area","37","481","   Air transportation","(D)","(D)",2,"(D)","(D)","(D)","(D)","(D)","(D)","(D)","(D)","(D)","(D)","(NA)"
"16180","Carson City, NV (Metropolitan Statistical Area)"," ","200","Gross domestic product (GDP) by metropolitan area","38","482","   Rail transportation","(L)","(L)","(L)","(L)","(L)","(L)","(L)","(L)","(L)","(L)","(L)","(L)","(L)","(NA)"
"16180","Carson City, NV (Metropolitan Statistical Area)"," ","200","Gross domestic product (GDP) by metropolitan area","39","483","   Water transportation","(L)","(L)","(L)","(L)","(L)","(L)","(L)","(L)","(L)","(L)","(L)","(L)","(L)","(NA)"
"16180","Carson City, NV (Metropolitan Statistical Area)"," ","200","Gross domestic product (GDP) by metropolitan area","40","484","   Truck transportation",6,6,8,9,11,11,8,7,7,7,8,9,10,"(NA)"
"16180","Carson City, NV (Metropolitan Statistical Area)"," ","200","Gross domestic product (GDP) by metropolitan area","41","485","   Transit and ground passenger transportation",2,6,"(D)",3,3,4,4,3,"(D)","(D)","(D)","(D)","(D)","(NA)"
"16180","Carson City, NV (Metropolitan Statistical Area)"," ","200","Gross domestic product (GDP) by metropolitan area","42","486","   Pipeline transportation","(L)","(L)","(L)","(L)","(L)","(L)","(L)","(L)","(L)","(L)","(L)","(L)","(L)","(NA)"
"16180","Carson City, NV (Metropolitan Statistical Area)"," ","200","Gross domestic product (GDP) by metropolitan area","43","487-488, 492","   Other transportation and support activities","(D)","(D)","(D)","(D)","(D)","(D)","(D)","(D)",7,7,"(D)","(D)","(D)","(NA)"
"16180","Carson City, NV (Metropolitan Statistical Area)"," ","200","Gross domestic product (GDP) by metropolitan area","44","493","   Warehousing and storage","(D)","(L)","(D)",1,2,2,3,2,1,1,"(L)","(L)","(L)","(NA)"
"16180","Carson City, NV (Metropolitan Statistical Area)"," ","200","Gross domestic product (GDP) by metropolitan area","45","51","  Information",32,42,38,43,43,46,61,67,56,52,54,43,44,47
"16180","Carson City, NV (Metropolitan Statistical Area)"," ","200","Gross domestic product (GDP) by metropolitan area","46","511","   Publishing industries, except Internet (includes software)",10,14,16,18,"(D)","(D)","(D)",26,24,21,20,21,22,"(NA)"
"16180","Carson City, NV (Metropolitan Statistical Area)"," ","200","Gross domestic product (GDP) by metropolitan area","47","512","   Motion picture and sound recording industries",5,7,5,7,6,9,8,"(D)","(D)","(D)","(D)","(D)","(D)","(NA)"
"16180","Carson City, NV (Metropolitan Statistical Area)"," ","200","Gross domestic product (GDP) by metropolitan area","48","515, 517","   Broadcasting and telecommunications",16,18,13,"(D)",12,"(D)","(D)","(D)","(D)","(D)","(D)","(D)","(D)","(NA)"
"16180","Carson City, NV (Metropolitan Statistical Area)"," ","200","Gross domestic product (GDP) by metropolitan area","49","518, 519","   Data processing, internet publishing, and other information services","(L)",3,4,"(D)","(D)","(D)","(D)",8,7,5,6,3,4,"(NA)"
"16180","Carson City, NV (Metropolitan Statistical Area)"," ","200","Gross domestic product (GDP) by metropolitan area","50","52, 53","  Finance, insurance, real estate, rental, and leasing",361,378,438,456,471,500,463,456,390,429,400,463,491,465
"16180","Carson City, NV (Metropolitan Statistical Area)"," ","200","Gross domestic product (GDP) by metropolitan area","51","52","   Finance and insurance",173,159,189,197,180,162,145,181,154,186,130,180,202,168
"16180","Carson City, NV (Metropolitan Statistical Area)"," ","200","Gross domestic product (GDP) by metropolitan area","52","521-522","    Federal Reserve banks, credit intermediation, and related services",126,119,150,157,139,123,112,135,128,151,96,124,126,"(NA)"
"16180","Carson City, NV (Metropolitan Statistical Area)"," ","200","Gross domestic product (GDP) by metropolitan area","53","523","    Securities, commodity contracts, and investments","(D)","(D)","(D)","(D)","(D)","(D)","(D)","(D)","(D)","(D)","(D)","(D)","(D)","(NA)"
"16180","Carson City, NV (Metropolitan Statistical Area)"," ","200","Gross domestic product (GDP) by metropolitan area","54","524","    Insurance carriers and related activities",34,27,28,32,33,28,30,28,24,25,24,26,31,"(NA)"
"16180","Carson City, NV (Metropolitan Statistical Area)"," ","200","Gross domestic product (GDP) by metropolitan area","55","525","    Funds, trusts, and other financial vehicles","(D)","(D)","(D)","(D)","(D)","(D)","(D)","(D)","(D)","(D)","(D)","(D)","(D)","(NA)"
"16180","Carson City, NV (Metropolitan Statistical Area)"," ","200","Gross domestic product (GDP) by metropolitan area","56","53","   Real estate and rental and leasing",188,220,249,259,291,338,318,275,236,243,271,283,289,297
"16180","Carson City, NV (Metropolitan Statistical Area)"," ","200","Gross domestic product (GDP) by metropolitan area","57","531","    Real estate",178,210,237,243,270,314,291,249,215,223,247,255,255,"(NA)"
"16180","Carson City, NV (Metropolitan Statistical Area)"," ","200","Gross domestic product (GDP) by metropolitan area","58","532-533","    Rental and leasing services and lessors of intangible assets",10,10,12,16,21,25,27,25,21,20,24,28,34,"(NA)"
"16180","Carson City, NV (Metropolitan Statistical Area)"," ","200","Gross domestic product (GDP) by metropolitan area","59","54, 55, 56","  Professional and business services",141,140,175,176,194,205,219,194,173,182,179,182,195,193
"16180","Carson City, NV (Metropolitan Statistical Area)"," ","200","Gross domestic product (GDP) by metropolitan area","60","54","   Professional, scientific, and technical services",89,82,113,109,115,128,130,117,108,102,106,102,103,98
"16180","Carson City, NV (Metropolitan Statistical Area)"," ","200","Gross domestic product (GDP) by metropolitan area","64","55","   Management of companies and enterprises",6,8,7,6,10,12,27,23,15,26,17,23,40,39
"16180","Carson City, NV (Metropolitan Statistical Area)"," ","200","Gross domestic product (GDP) by metropolitan area","65","56","   Administrative and waste management services",45,49,55,61,69,65,63,55,50,54,55,57,53,55
"16180","Carson City, NV (Metropolitan Statistical Area)"," ","200","Gross domestic product (GDP) by metropolitan area","66","561","    Administrative and support services",41,44,"(D)","(D)","(D)","(D)","(D)","(D)","(D)","(D)","(D)","(D)","(D)","(NA)"
"16180","Carson City, NV (Metropolitan Statistical Area)"," ","200","Gross domestic product (GDP) by metropolitan area","67","562","    Waste management and remediation services",4,5,"(D)","(D)","(D)","(D)","(D)","(D)","(D)","(D)","(D)","(D)","(D)","(NA)"
"16180","Carson City, NV (Metropolitan Statistical Area)"," ","200","Gross domestic product (GDP) by metropolitan area","68","61, 62","  Educational services, health care, and social assistance",112,132,142,155,170,165,174,261,271,283,300,308,304,317
"16180","Carson City, NV (Metropolitan Statistical Area)"," ","200","Gross domestic product (GDP) by metropolitan area","69","61","   Educational services",3,3,3,3,4,4,5,5,6,9,13,18,19,16
"16180","Carson City, NV (Metropolitan Statistical Area)"," ","200","Gross domestic product (GDP) by metropolitan area","70","62","   Health care and social assistance",109,129,139,151,166,161,170,256,265,275,287,291,285,300
"16180","Carson City, NV (Metropolitan Statistical Area)"," ","200","Gross domestic product (GDP) by metropolitan area","71","621","    Ambulatory health care services",87,109,116,127,136,126,132,142,142,141,151,150,155,"(NA)"
"16180","Carson City, NV (Metropolitan Statistical Area)"," ","200","Gross domestic product (GDP) by metropolitan area","72","622-623","    Hospitals and nursing and residential care facilities","(D)","(D)","(D)","(D)","(D)","(D)","(D)","(D)","(D)","(D)","(D)","(D)",118,"(NA)"
"16180","Carson City, NV (Metropolitan Statistical Area)"," ","200","Gross domestic product (GDP) by metropolitan area","73","624","    Social assistance","(D)","(D)","(D)","(D)","(D)","(D)","(D)","(D)","(D)","(D)","(D)","(D)",12,"(NA)"
"16180","Carson City, NV (Metropolitan Statistical Area)"," ","200","Gross domestic product (GDP) by metropolitan area","74","71, 72","  Arts, entertainment, recreation, accommodation, and food services",133,144,157,179,194,201,225,192,173,188,191,180,186,177
"16180","Carson City, NV (Metropolitan Statistical Area)"," ","200","Gross domestic product (GDP) by metropolitan area","75","71","   Arts, entertainment, and recreation",65,74,84,103,115,121,142,114,104,118,116,103,104,93
"16180","Carson City, NV (Metropolitan Statistical Area)"," ","200","Gross domestic product (GDP) by metropolitan area","76","711-712","    Performing arts, spectator sports, museums, and related activities",4,4,8,6,6,6,6,5,6,9,12,12,14,"(NA)"
"16180","Carson City, NV (Metropolitan Statistical Area)"," ","200","Gross domestic product (GDP) by metropolitan area","77","713","    Amusements, gambling, and recreation industries",62,71,77,97,109,115,136,108,99,109,104,91,90,"(NA)"
"16180","Carson City, NV (Metropolitan Statistical Area)"," ","200","Gross domestic product (GDP) by metropolitan area","78","72","   Accommodation and food services",67,70,73,76,78,81,84,79,69,70,75,77,82,84
"16180","Carson City, NV (Metropolitan Statistical Area)"," ","200","Gross domestic product (GDP) by metropolitan area","79","721","    Accommodation",25,28,30,32,31,34,35,32,24,24,25,25,26,"(NA)"
"16180","Carson City, NV (Metropolitan Statistical Area)"," ","200","Gross domestic product (GDP) by metropolitan area","80","722","    Food services and drinking places",42,43,42,44,47,47,49,47,45,45,50,52,56,"(NA)"
"16180","Carson City, NV (Metropolitan Statistical Area)"," ","200","Gross domestic product (GDP) by metropolitan area","81","81","  Other services, except government",56,56,64,67,71,73,74,73,69,61,57,57,60,59
"16180","Carson City, NV (Metropolitan Statistical Area)"," ","200","Gross domestic product (GDP) by metropolitan area","82","92"," Government",624,641,701,779,811,854,898,828,861,883,881,848,868,882
"16180","Carson City, NV (Metropolitan Statistical Area)"," ","200","Gross domestic product (GDP) by metropolitan area","83","...","  Federal civilian",48,50,53,56,58,62,65,69,71,73,69,66,63,"(NA)"
"16180","Carson City, NV (Metropolitan Statistical Area)"," ","200","Gross domestic product (GDP) by metropolitan area","84","...","  Federal military",2,3,4,4,5,4,5,5,6,6,6,6,5,"(NA)"
"16180","Carson City, NV (Metropolitan Statistical Area)"," ","200","Gross domestic product (GDP) by metropolitan area","85","...","  State and local",573,588,645,719,748,787,828,755,783,803,806,776,800,"(NA)"
"16180","Carson City, NV (Metropolitan Statistical Area)"," ","200","Gross domestic product (GDP) by metropolitan area","86","11, 21","Natural resources and mining","(D)","(D)","(D)","(D)","(D)","(D)","(D)","(D)","(D)","(D)","(D)",17,15,15
"16180","Carson City, NV (Metropolitan Statistical Area)"," ","200","Gross domestic product (GDP) by metropolitan area","87","42, 44-45","Trade",276,287,279,304,342,354,347,308,275,262,279,289,310,325
"16180","Carson City, NV (Metropolitan Statistical Area)"," ","200","Gross domestic product (GDP) by metropolitan area","88","...","Transportation and utilities",66,69,72,82,93,106,113,96,106,108,90,76,79,81
"16180","Carson City, NV (Metropolitan Statistical Area)"," ","200","Gross domestic product (GDP) by metropolitan area","89","...","Private goods-producing industries",339,321,332,374,432,449,479,433,364,357,357,366,365,372
"16180","Carson City, NV (Metropolitan Statistical Area)"," ","200","Gross domestic product (GDP) by metropolitan area","90","...","Private services-providing industries",1176,1249,1365,1463,1577,1650,1676,1648,1514,1566,1550,1598,1668,1664
"16180","Carson City, NV (Metropolitan Statistical Area)"," ","800","Quantity indexes for real GDP by metropolitan area","1","...","All industry total",96.522,97.782,103.828,109.682,114.359,115.497,115.834,108.312,100.000,101.084,99.068,97.681,98.847,97.375
"16180","Carson City, NV (Metropolitan Statistical Area)"," ","800","Quantity indexes for real GDP by metropolitan area","2","..."," Private industries",95.973,97.958,104.364,110.216,116.869,118.002,118.024,112.554,100.000,101.681,99.666,100.124,101.570,99.489
"16180","Carson City, NV (Metropolitan Statistical Area)"," ","800","Quantity indexes for real GDP by metropolitan area","3","11","  Agriculture, forestry, fishing, and hunting","(D)","(D)","(D)","(D)","(D)","(D)","(D)",96.568,100.000,118.142,92.291,"(D)","(D)","(D)"
"16180","Carson City, NV (Metropolitan Statistical Area)"," ","800","Quantity indexes for real GDP by metropolitan area","4","111-112","   Farms",74.831,158.401,80.438,63.319,73.094,92.469,39.259,62.097,100.000,81.572,53.771,46.925,58.653,"(NA)"
"16180","Carson City, NV (Metropolitan Statistical Area)"," ","800","Quantity indexes for real GDP by metropolitan area","5","113-115","   Forestry, fishing, and related activities","(D)","(D)","(D)","(D)","(D)","(D)","(D)",141.883,100.000,162.253,141.213,"(D)","(D)","(NA)"
"16180","Carson City, NV (Metropolitan Statistical Area)"," ","800","Quantity indexes for real GDP by metropolitan area","6","21","  Mining","(D)","(D)","(D)","(D)","(D)","(D)","(D)","(D)","(D)","(D)","(D)","(D)","(D)","(D)"
"16180","Carson City, NV (Metropolitan Statistical Area)"," ","800","Quantity indexes for real GDP by metropolitan area","7","211","   Oil and gas extraction",10.007,0.622,2.407,1.579,2.547,5.177,7.272,49.912,100.000,67.151,82.781,94.316,71.527,"(NA)"
"16180","Carson City, NV (Metropolitan Statistical Area)"," ","800","Quantity indexes for real GDP by metropolitan area","8","212","   Mining, except oil and gas",22.393,12.761,9.823,8.576,10.694,7.465,7.700,53.592,100.000,119.393,234.021,173.091,150.575,"(NA)"
"16180","Carson City, NV (Metropolitan Statistical Area)"," ","800","Quantity indexes for real GDP by metropolitan area","9","213","   Support activities for mining","(D)","(D)","(D)","(D)","(D)","(D)","(D)","(D)","(D)","(D)","(D)","(D)","(D)","(NA)"
"16180","Carson City, NV (Metropolitan Statistical Area)"," ","800","Quantity indexes for real GDP by metropolitan area","10","22","  Utilities","(D)","(D)","(D)","(D)","(D)","(D)","(D)","(D)","(D)","(D)","(D)","(D)","(D)","(D)"
"16180","Carson City, NV (Metropolitan Statistical Area)"," ","800","Quantity indexes for real GDP by metropolitan area","11","23","  Construction","(D)","(D)","(D)","(D)","(D)","(D)","(D)","(D)","(D)","(D)","(D)","(D)","(D)","(D)"
"16180","Carson City, NV (Metropolitan Statistical Area)"," ","800","Quantity indexes for real GDP by metropolitan area","12","31-33","  Manufacturing",90.604,83.212,86.393,92.766,101.557,107.570,117.335,115.093,100.000,109.734,105.588,109.212,106.558,101.336
"16180","Carson City, NV (Metropolitan Statistical Area)"," ","800","Quantity indexes for real GDP by metropolitan area","13","...","   Durable goods manufacturing",79.812,"(D)",81.974,88.648,99.606,"(D)",116.463,117.352,100.000,106.294,101.848,104.763,99.516,94.317
"16180","Carson City, NV (Metropolitan Statistical Area)"," ","800","Quantity indexes for real GDP by metropolitan area","14","321","    Wood products manufacturing","(D)","(D)","(D)","(D)","(D)","(D)","(D)","(D)","(D)","(D)","(D)","(D)","(D)","(NA)"
"16180","Carson City, NV (Metropolitan Statistical Area)"," ","800","Quantity indexes for real GDP by metropolitan area","15","327","    Nonmetallic mineral products manufacturing",190.265,218.315,211.715,196.168,249.848,182.823,206.396,152.385,100.000,84.805,79.861,93.294,80.368,"(NA)"
"16180","Carson City, NV (Metropolitan Statistical Area)"," ","800","Quantity indexes for real GDP by metropolitan area","16","331","    Primary metals manufacturing","(D)","(D)","(D)","(D)","(D)","(D)","(D)","(D)","(D)","(D)","(D)","(D)","(D)","(NA)"
"16180","Carson City, NV (Metropolitan Statistical Area)"," ","800","Quantity indexes for real GDP by metropolitan area","17","332","    Fabricated metal products",88.791,85.648,85.749,93.536,110.334,133.210,151.662,132.636,100.000,89.295,109.916,112.480,118.102,"(NA)"
"16180","Carson City, NV (Metropolitan Statistical Area)"," ","800","Quantity indexes for real GDP by metropolitan area","18","333","    Machinery manufacturing",70.998,80.756,45.356,61.675,70.928,68.212,90.364,93.679,100.000,124.330,147.032,160.251,175.527,"(NA)"
"16180","Carson City, NV (Metropolitan Statistical Area)"," ","800","Quantity indexes for real GDP by metropolitan area","19","334","    Computer and electronic products manufacturing",49.431,51.991,71.776,71.954,85.599,83.232,94.791,96.360,100.000,119.373,100.665,84.089,108.748,"(NA)"
"16180","Carson City, NV (Metropolitan Statistical Area)"," ","800","Quantity indexes for real GDP by metropolitan area","20","335","    Electrical equipment, appliance, and components manufacturing","(D)",100.249,121.183,142.090,151.758,196.178,128.979,124.912,100.000,116.414,117.919,72.786,"(D)","(NA)"
"16180","Carson City, NV (Metropolitan Statistical Area)"," ","800","Quantity indexes for real GDP by metropolitan area","21","3361-3363","    Motor vehicles, bodies and trailers, and parts manufacturing","(D)","(D)","(D)","(D)","(D)","(D)","(D)","(D)","(D)","(D)","(D)","(D)","(D)","(NA)"
"16180","Carson City, NV (Metropolitan Statistical Area)"," ","800","Quantity indexes for real GDP by metropolitan area","22","3364-3366, 3369","    Other transportation equipment manufacturing","(D)","(D)","(D)","(D)","(D)","(D)","(D)","(D)","(D)","(D)","(D)","(D)","(D)","(NA)"
"16180","Carson City, NV (Metropolitan Statistical Area)"," ","800","Quantity indexes for real GDP by metropolitan area","23","337","    Furniture and related products manufacturing",613.773,680.514,536.958,382.004,401.854,299.601,181.905,150.317,100.000,87.766,59.769,"(D)","(D)","(NA)"
"16180","Carson City, NV (Metropolitan Statistical Area)"," ","800","Quantity indexes for real GDP by metropolitan area","24","339","    Miscellaneous manufacturing",17.326,34.032,32.764,65.632,65.073,69.635,86.986,94.689,100.000,92.225,97.620,124.939,120.122,"(NA)"
"16180","Carson City, NV (Metropolitan Statistical Area)"," ","800","Quantity indexes for real GDP by metropolitan area","25","...","   Nondurable goods manufacturing",176.433,"(D)",122.181,126.239,117.664,"(D)",125.105,98.657,100.000,133.875,131.780,140.143,154.184,148.710
"16180","Carson City, NV (Metropolitan Statistical Area)"," ","800","Quantity indexes for real GDP by metropolitan area","26","311-312","    Food and beverage and tobacco products manufacturing","(D)","(D)","(D)",99.236,91.974,"(D)",98.315,82.388,100.000,85.288,82.140,120.097,161.773,"(NA)"
"16180","Carson City, NV (Metropolitan Statistical Area)"," ","800","Quantity indexes for real GDP by metropolitan area","27","313-314","    Textile mills and textile product mills","(D)","(D)","(D)","(D)","(D)","(D)","(D)","(D)","(D)","(D)","(D)","(D)","(D)","(NA)"
"16180","Carson City, NV (Metropolitan Statistical Area)"," ","800","Quantity indexes for real GDP by metropolitan area","28","315-316","    Apparel and leather and allied products manufacturing","(D)","(D)","(D)","(D)","(D)","(D)","(D)","(D)","(D)","(D)","(D)","(D)","(D)","(NA)"
"16180","Carson City, NV (Metropolitan Statistical Area)"," ","800","Quantity indexes for real GDP by metropolitan area","29","322","    Paper products manufacturing","(D)","(D)","(D)","(D)","(D)","(D)","(D)","(D)",0.000,0.000,0.000,0.000,0.000,"(NA)"
"16180","Carson City, NV (Metropolitan Statistical Area)"," ","800","Quantity indexes for real GDP by metropolitan area","30","323","    Printing and related support activities",170.569,199.766,185.278,158.702,267.196,220.238,245.496,147.228,100.000,74.578,78.404,98.592,40.448,"(NA)"
"16180","Carson City, NV (Metropolitan Statistical Area)"," ","800","Quantity indexes for real GDP by metropolitan area","31","324","    Petroleum and coal products manufacturing",0.000,0.000,0.000,0.000,0.000,0.000,0.000,0.000,0.000,0.000,0.000,0.000,0.000,"(NA)"
"16180","Carson City, NV (Metropolitan Statistical Area)"," ","800","Quantity indexes for real GDP by metropolitan area","32","325","    Chemical products manufacturing","(D)","(D)","(D)","(D)","(D)","(D)","(D)","(D)","(D)","(D)","(D)","(D)","(D)","(NA)"
"16180","Carson City, NV (Metropolitan Statistical Area)"," ","800","Quantity indexes for real GDP by metropolitan area","33","326","    Plastics and rubber products manufacturing",226.166,201.816,226.550,199.943,172.103,170.286,161.641,128.117,100.000,103.646,92.254,91.703,98.653,"(NA)"
"16180","Carson City, NV (Metropolitan Statistical Area)"," ","800","Quantity indexes for real GDP by metropolitan area","34","42","  Wholesale trade",99.839,102.810,112.111,124.077,138.619,143.505,148.917,129.908,100.000,89.850,95.241,102.355,99.744,99.187
"16180","Carson City, NV (Metropolitan Statistical Area)"," ","800","Quantity indexes for real GDP by metropolitan area","35","44-45","  Retail trade",120.776,126.500,119.727,126.390,138.026,136.843,126.885,109.958,100.000,95.643,99.177,97.139,105.666,110.929
"16180","Carson City, NV (Metropolitan Statistical Area)"," ","800","Quantity indexes for real GDP by metropolitan area","36","48-49","  Transportation and warehousing","(D)","(D)","(D)","(D)","(D)","(D)","(D)","(D)","(D)","(D)","(D)","(D)","(D)","(D)"
"16180","Carson City, NV (Metropolitan Statistical Area)"," ","800","Quantity indexes for real GDP by metropolitan area","37","481","   Air transportation","(D)","(D)","(D)","(D)","(D)","(D)","(D)","(D)","(D)","(D)","(D)","(D)","(D)","(NA)"
"16180","Carson City, NV (Metropolitan Statistical Area)"," ","800","Quantity indexes for real GDP by metropolitan area","38","482","   Rail transportation",0.000,0.000,0.000,0.000,0.000,0.000,0.000,0.000,0.000,0.000,0.000,0.000,0.000,"(NA)"
"16180","Carson City, NV (Metropolitan Statistical Area)"," ","800","Quantity indexes for real GDP by metropolitan area","39","483","   Water transportation",2.297,2.064,21.516,53.943,123.236,241.939,209.044,98.961,100.000,86.494,5.550,50.811,55.398,"(NA)"
"16180","Carson City, NV (Metropolitan Statistical Area)"," ","800","Quantity indexes for real GDP by metropolitan area","40","484","   Truck transportation",97.659,101.609,135.743,149.490,168.325,173.638,123.584,108.756,100.000,112.358,118.652,134.162,138.626,"(NA)"
"16180","Carson City, NV (Metropolitan Statistical Area)"," ","800","Quantity indexes for real GDP by metropolitan area","41","485","   Transit and ground passenger transportation","(D)","(D)","(D)","(D)","(D)","(D)","(D)","(D)","(D)","(D)","(D)","(D)","(D)","(NA)"
"16180","Carson City, NV (Metropolitan Statistical Area)"," ","800","Quantity indexes for real GDP by metropolitan area","42","486","   Pipeline transportation",0.000,0.000,0.000,0.000,0.000,0.000,0.000,0.000,0.000,0.000,0.000,0.000,0.000,"(NA)"
"16180","Carson City, NV (Metropolitan Statistical Area)"," ","800","Quantity indexes for real GDP by metropolitan area","43","487-488, 492","   Other transportation and support activities","(D)","(D)","(D)","(D)","(D)","(D)","(D)","(D)",100.000,102.348,"(D)","(D)","(D)","(NA)"
"16180","Carson City, NV (Metropolitan Statistical Area)"," ","800","Quantity indexes for real GDP by metropolitan area","44","493","   Warehousing and storage","(D)",0.000,"(D)",77.424,267.272,347.910,397.520,270.996,100.000,95.682,54.563,60.537,61.158,"(NA)"
"16180","Carson City, NV (Metropolitan Statistical Area)"," ","800","Quantity indexes for real GDP by metropolitan area","45","51","  Information",55.194,72.848,66.184,75.670,75.015,80.483,108.426,119.673,100.000,93.566,97.257,76.056,77.255,82.285
"16180","Carson City, NV (Metropolitan Statistical Area)"," ","800","Quantity indexes for real GDP by metropolitan area","46","511","   Publishing industries, except Internet (includes software)",47.175,63.826,68.323,81.937,"(D)","(D)","(D)",110.346,100.000,89.941,85.448,89.320,93.263,"(NA)"
"16180","Carson City, NV (Metropolitan Statistical Area)"," ","800","Quantity indexes for real GDP by metropolitan area","47","512","   Motion picture and sound recording industries","(D)","(D)","(D)","(D)","(D)","(D)","(D)","(D)","(D)","(D)","(D)","(D)","(D)","(NA)"
"16180","Carson City, NV (Metropolitan Statistical Area)"," ","800","Quantity indexes for real GDP by metropolitan area","48","515, 517","   Broadcasting and telecommunications","(D)","(D)","(D)","(D)","(D)","(D)","(D)","(D)","(D)","(D)","(D)","(D)","(D)","(NA)"
"16180","Carson City, NV (Metropolitan Statistical Area)"," ","800","Quantity indexes for real GDP by metropolitan area","49","518, 519","   Data processing, internet publishing, and other information services",6.807,47.739,64.393,"(D)","(D)","(D)","(D)",116.667,100.000,81.000,85.258,50.396,61.026,"(NA)"
"16180","Carson City, NV (Metropolitan Statistical Area)"," ","800","Quantity indexes for real GDP by metropolitan area","50","52, 53","  Finance, insurance, real estate, rental, and leasing",102.672,104.579,118.158,120.261,121.840,126.227,114.856,112.073,100.000,108.203,99.979,111.582,114.861,105.436
"16180","Carson City, NV (Metropolitan Statistical Area)"," ","800","Quantity indexes for real GDP by metropolitan area","51","52","   Finance and insurance",110.335,99.142,114.815,116.965,104.971,92.548,81.980,102.855,100.000,114.729,79.134,102.952,110.955,88.466
"16180","Carson City, NV (Metropolitan Statistical Area)"," ","800","Quantity indexes for real GDP by metropolitan area","52","521-522","    Federal Reserve banks, credit intermediation, and related services",93.706,86.730,106.687,109.483,95.938,82.834,74.416,90.242,100.000,111.813,70.728,86.073,84.270,"(NA)"
"16180","Carson City, NV (Metropolitan Statistical Area)"," ","800","Quantity indexes for real GDP by metropolitan area","53","523","    Securities, commodity contracts, and investments","(D)","(D)","(D)","(D)","(D)","(D)","(D)","(D)","(D)","(D)","(D)","(D)","(D)","(NA)"
"16180","Carson City, NV (Metropolitan Statistical Area)"," ","800","Quantity indexes for real GDP by metropolitan area","54","524","    Insurance carriers and related activities",159.682,122.203,122.546,134.908,137.426,115.274,126.376,119.225,100.000,103.054,95.481,100.721,119.761,"(NA)"
"16180","Carson City, NV (Metropolitan Statistical Area)"," ","800","Quantity indexes for real GDP by metropolitan area","55","525","    Funds, trusts, and other financial vehicles","(D)","(D)","(D)","(D)","(D)","(D)","(D)","(D)","(D)","(D)","(D)","(D)","(D)","(NA)"
"16180","Carson City, NV (Metropolitan Statistical Area)"," ","800","Quantity indexes for real GDP by metropolitan area","56","53","   Real estate and rental and leasing",95.481,107.754,119.541,121.583,133.873,151.426,139.527,118.609,100.000,103.809,114.536,117.468,117.274,117.658
"16180","Carson City, NV (Metropolitan Statistical Area)"," ","800","Quantity indexes for real GDP by metropolitan area","57","531","    Real estate",98.969,112.380,124.337,124.859,135.813,153.463,139.542,117.825,100.000,104.619,114.510,116.065,113.402,"(NA)"
"16180","Carson City, NV (Metropolitan Statistical Area)"," ","800","Quantity indexes for real GDP by metropolitan area","58","532-533","    Rental and leasing services and lessors of intangible assets",57.652,57.602,67.572,86.098,112.786,129.275,139.159,126.794,100.000,95.453,114.789,131.981,157.631,"(NA)"
"16180","Carson City, NV (Metropolitan Statistical Area)"," ","800","Quantity indexes for real GDP by metropolitan area","59","54, 55, 56","  Professional and business services",98.920,96.838,119.401,116.098,124.630,127.298,130.466,114.087,100.000,104.781,101.722,102.361,107.873,105.611
"16180","Carson City, NV (Metropolitan Statistical Area)"," ","800","Quantity indexes for real GDP by metropolitan area","60","54","   Professional, scientific, and technical services",101.198,92.016,123.576,116.180,117.845,125.889,123.486,109.441,100.000,93.399,95.605,90.156,89.124,83.846
"16180","Carson City, NV (Metropolitan Statistical Area)"," ","800","Quantity indexes for real GDP by metropolitan area","64","55","   Management of companies and enterprises",71.002,91.131,70.063,53.228,87.966,96.914,191.950,161.725,100.000,180.048,117.202,158.301,265.728,269.456
"16180","Carson City, NV (Metropolitan Statistical Area)"," ","800","Quantity indexes for real GDP by metropolitan area","65","56","   Administrative and waste management services",102.205,109.721,123.677,131.755,148.243,137.855,127.891,110.435,100.000,107.599,110.472,112.824,103.192,105.988
"16180","Carson City, NV (Metropolitan Statistical Area)"," ","800","Quantity indexes for real GDP by metropolitan area","66","561","    Administrative and support services","(D)","(D)","(D)","(D)","(D)","(D)","(D)","(D)","(D)","(D)","(D)","(D)","(D)","(NA)"
"16180","Carson City, NV (Metropolitan Statistical Area)"," ","800","Quantity indexes for real GDP by metropolitan area","67","562","    Waste management and remediation services","(D)","(D)","(D)","(D)","(D)","(D)","(D)","(D)","(D)","(D)","(D)","(D)","(D)","(NA)"
"16180","Carson City, NV (Metropolitan Statistical Area)"," ","800","Quantity indexes for real GDP by metropolitan area","68","61, 62","  Educational services, health care, and social assistance",51.086,58.774,61.897,65.510,70.124,66.908,67.866,100.037,100.000,102.344,107.028,107.778,104.723,107.852
"16180","Carson City, NV (Metropolitan Statistical Area)"," ","800","Quantity indexes for real GDP by metropolitan area","69","61","   Educational services",73.751,69.932,67.074,67.154,77.268,75.877,86.317,95.097,100.000,144.139,208.250,275.882,282.099,241.811
"16180","Carson City, NV (Metropolitan Statistical Area)"," ","800","Quantity indexes for real GDP by metropolitan area","70","62","   Health care and social assistance",50.630,58.540,61.782,65.467,69.967,66.713,67.467,100.145,100.000,101.425,104.788,104.028,100.757,104.910
"16180","Carson City, NV (Metropolitan Statistical Area)"," ","800","Quantity indexes for real GDP by metropolitan area","71","621","    Ambulatory health care services",73.930,91.375,94.593,101.755,106.367,97.799,97.883,104.013,100.000,97.290,103.040,100.824,103.643,"(NA)"
"16180","Carson City, NV (Metropolitan Statistical Area)"," ","800","Quantity indexes for real GDP by metropolitan area","72","622-623","    Hospitals and nursing and residential care facilities","(D)","(D)","(D)","(D)","(D)","(D)","(D)","(D)","(D)","(D)","(D)","(D)","(D)","(NA)"
"16180","Carson City, NV (Metropolitan Statistical Area)"," ","800","Quantity indexes for real GDP by metropolitan area","73","624","    Social assistance","(D)","(D)","(D)","(D)","(D)","(D)","(D)","(D)","(D)","(D)","(D)","(D)","(D)","(NA)"
"16180","Carson City, NV (Metropolitan Statistical Area)"," ","800","Quantity indexes for real GDP by metropolitan area","74","71, 72","  Arts, entertainment, recreation, accommodation, and food services",94.551,100.055,106.794,120.111,126.389,127.277,137.048,114.840,100.000,109.507,111.396,101.393,102.603,95.158
"16180","Carson City, NV (Metropolitan Statistical Area)"," ","800","Quantity indexes for real GDP by metropolitan area","75","71","   Arts, entertainment, and recreation",74.887,82.936,91.841,111.473,122.151,124.408,140.851,111.999,100.000,114.609,113.188,96.919,96.128,84.634
"16180","Carson City, NV (Metropolitan Statistical Area)"," ","800","Quantity indexes for real GDP by metropolitan area","76","711-712","    Performing arts, spectator sports, museums, and related activities",86.054,81.333,164.126,135.235,117.517,112.724,105.447,93.830,100.000,162.343,206.771,194.372,234.074,"(NA)"
"16180","Carson City, NV (Metropolitan Statistical Area)"," ","800","Quantity indexes for real GDP by metropolitan area","77","713","    Amusements, gambling, and recreation industries",74.246,82.954,87.978,110.205,122.456,125.112,142.911,113.060,100.000,111.796,107.639,91.136,87.948,"(NA)"
"16180","Carson City, NV (Metropolitan Statistical Area)"," ","800","Quantity indexes for real GDP by metropolitan area","78","72","   Accommodation and food services",126.647,127.975,131.136,133.970,133.107,131.813,131.038,119.188,100.000,101.811,108.658,108.018,112.191,110.660
"16180","Carson City, NV (Metropolitan Statistical Area)"," ","800","Quantity indexes for real GDP by metropolitan area","79","721","    Accommodation",127.329,136.633,149.406,153.545,143.941,147.887,147.107,129.778,100.000,103.205,101.920,102.087,102.485,"(NA)"
"16180","Carson City, NV (Metropolitan Statistical Area)"," ","800","Quantity indexes for real GDP by metropolitan area","80","722","    Food services and drinking places",126.501,123.113,120.731,122.819,127.025,122.640,121.866,113.237,100.000,101.069,112.262,111.188,117.376,"(NA)"
"16180","Carson City, NV (Metropolitan Statistical Area)"," ","800","Quantity indexes for real GDP by metropolitan area","81","81","  Other services, except government",109.121,106.093,116.770,119.307,120.618,118.903,115.562,110.236,100.000,86.206,78.274,76.062,76.961,74.779
"16180","Carson City, NV (Metropolitan Statistical Area)"," ","800","Quantity indexes for real GDP by metropolitan area","82","92"," Government",98.233,97.712,102.910,108.786,108.897,110.052,111.106,98.989,100.000,99.793,97.776,92.459,93.026,92.862
"16180","Carson City, NV (Metropolitan Statistical Area)"," ","800","Quantity indexes for real GDP by metropolitan area","83","...","  Federal civilian",92.180,90.705,90.196,91.890,91.110,94.053,95.479,98.013,100.000,98.746,91.062,87.349,81.042,"(NA)"
"16180","Carson City, NV (Metropolitan Statistical Area)"," ","800","Quantity indexes for real GDP by metropolitan area","84","...","  Federal military",46.616,56.318,75.149,76.727,83.764,76.931,77.388,84.467,100.000,101.030,93.784,88.435,84.677,"(NA)"
"16180","Carson City, NV (Metropolitan Statistical Area)"," ","800","Quantity indexes for real GDP by metropolitan area","85","...","  State and local",99.188,98.678,104.305,110.609,110.749,111.800,112.824,99.194,100.000,99.880,98.426,92.961,94.188,"(NA)"
"16180","Carson City, NV (Metropolitan Statistical Area)"," ","800","Quantity indexes for real GDP by metropolitan area","86","11, 21","Natural resources and mining","(D)","(D)","(D)","(D)","(D)","(D)","(D)","(D)","(D)","(D)","(D)","(D)","(D)","(D)"
"16180","Carson City, NV (Metropolitan Statistical Area)"," ","800","Quantity indexes for real GDP by metropolitan area","87","42, 44-45","Trade",115.598,120.627,117.939,125.965,138.363,138.740,132.723,115.238,100.000,94.067,98.110,98.584,104.051,107.712
"16180","Carson City, NV (Metropolitan Statistical Area)"," ","800","Quantity indexes for real GDP by metropolitan area","88","...","Transportation and utilities",83.775,89.783,88.859,98.678,105.673,113.540,119.028,100.460,100.000,103.444,85.548,73.417,73.402,72.034
"16180","Carson City, NV (Metropolitan Statistical Area)"," ","800","Quantity indexes for real GDP by metropolitan area","89","...","Private goods-producing industries",113.552,106.104,109.124,119.203,130.443,128.895,134.324,121.176,100.000,98.478,96.970,97.147,95.593,94.789
"16180","Carson City, NV (Metropolitan Statistical Area)"," ","800","Quantity indexes for real GDP by metropolitan area","90","...","Private services-providing industries",91.803,95.983,103.166,108.037,113.606,115.386,114.093,110.475,100.000,102.446,100.310,100.834,102.992,100.609
"16180","Carson City, NV (Metropolitan Statistical Area)"," ","900","Real GDP by metropolitan area","1","...","All industry total",2643,2678,2844,3004,3132,3163,3172,2966,2739,2768,2713,2675,2707,2667
"16180","Carson City, NV (Metropolitan Statistical Area)"," ","900","Real GDP by metropolitan area","2","..."," Private industries",1802,1839,1960,2070,2195,2216,2216,2114,1878,1909,1872,1880,1907,1868
"16180","Carson City, NV (Metropolitan Statistical Area)"," ","900","Real GDP by metropolitan area","3","11","  Agriculture, forestry, fishing, and hunting","(D)","(D)","(D)","(D)","(D)","(D)","(D)",1,1,1,1,"(D)","(D)","(D)"
"16180","Carson City, NV (Metropolitan Statistical Area)"," ","900","Real GDP by metropolitan area","4","111-112","   Farms","(L)",1,1,"(L)","(L)",1,"(L)","(L)",1,1,"(L)","(L)","(L)","(NA)"
"16180","Carson City, NV (Metropolitan Statistical Area)"," ","900","Real GDP by metropolitan area","5","113-115","   Forestry, fishing, and related activities","(D)","(D)","(D)","(D)","(D)","(D)","(D)",1,1,1,1,"(D)","(D)","(NA)"
"16180","Carson City, NV (Metropolitan Statistical Area)"," ","900","Real GDP by metropolitan area","6","21","  Mining","(D)","(D)",1,"(D)","(D)","(D)","(D)","(D)","(D)","(D)","(D)","(D)","(D)","(D)"
"16180","Carson City, NV (Metropolitan Statistical Area)"," ","900","Real GDP by metropolitan area","7","211","   Oil and gas extraction","(L)","(L)","(L)","(L)","(L)","(L)","(L)","(L)","(L)","(L)","(L)","(L)","(L)","(NA)"
"16180","Carson City, NV (Metropolitan Statistical Area)"," ","900","Real GDP by metropolitan area","8","212","   Mining, except oil and gas",2,1,1,1,1,1,1,4,7,9,17,13,11,"(NA)"
"16180","Carson City, NV (Metropolitan Statistical Area)"," ","900","Real GDP by metropolitan area","9","213","   Support activities for mining","(D)","(D)","(L)","(D)","(D)","(D)","(D)","(D)","(D)","(D)","(D)","(D)","(D)","(NA)"
"16180","Carson City, NV (Metropolitan Statistical Area)"," ","900","Real GDP by metropolitan area","10","22","  Utilities","(D)","(D)","(D)","(D)","(D)","(D)","(D)","(D)","(D)","(D)","(D)","(D)","(D)","(D)"
"16180","Carson City, NV (Metropolitan Statistical Area)"," ","900","Real GDP by metropolitan area","11","23","  Construction","(D)","(D)","(D)","(D)","(D)","(D)","(D)","(D)","(D)","(D)","(D)",66,69,79
"16180","Carson City, NV (Metropolitan Statistical Area)"," ","900","Real GDP by metropolitan area","12","31-33","  Manufacturing",225,207,215,231,253,268,292,286,249,273,263,272,265,252
"16180","Carson City, NV (Metropolitan Statistical Area)"," ","900","Real GDP by metropolitan area","13","...","   Durable goods manufacturing",174,"(D)",178,193,217,"(D)",253,255,218,231,222,228,216,205
"16180","Carson City, NV (Metropolitan Statistical Area)"," ","900","Real GDP by metropolitan area","14","321","    Wood products manufacturing","(D)","(D)","(D)","(D)","(L)","(L)","(D)","(D)","(D)","(D)","(D)","(D)","(D)","(NA)"
"16180","Carson City, NV (Metropolitan Statistical Area)"," ","900","Real GDP by metropolitan area","15","327","    Nonmetallic mineral products manufacturing",12,13,13,12,15,11,13,9,6,5,5,6,5,"(NA)"
"16180","Carson City, NV (Metropolitan Statistical Area)"," ","900","Real GDP by metropolitan area","16","331","    Primary metals manufacturing","(D)",18,20,"(D)","(D)","(D)","(D)","(D)","(D)","(D)","(D)","(D)","(D)","(NA)"
"16180","Carson City, NV (Metropolitan Statistical Area)"," ","900","Real GDP by metropolitan area","17","332","    Fabricated metal products",44,42,42,46,55,66,75,66,49,44,54,56,58,"(NA)"
"16180","Carson City, NV (Metropolitan Statistical Area)"," ","900","Real GDP by metropolitan area","18","333","    Machinery manufacturing",10,12,7,9,10,10,13,13,14,18,21,23,25,"(NA)"
"16180","Carson City, NV (Metropolitan Statistical Area)"," ","900","Real GDP by metropolitan area","19","334","    Computer and electronic products manufacturing",16,16,23,23,27,26,30,30,32,38,32,27,34,"(NA)"
"16180","Carson City, NV (Metropolitan Statistical Area)"," ","900","Real GDP by metropolitan area","20","335","    Electrical equipment, appliance, and components manufacturing","(D)",4,5,6,6,8,5,5,4,5,5,3,"(D)","(NA)"
"16180","Carson City, NV (Metropolitan Statistical Area)"," ","900","Real GDP by metropolitan area","21","3361-3363","    Motor vehicles, bodies and trailers, and parts manufacturing",11,11,"(D)","(D)","(D)",13,13,10,"(D)",8,"(D)","(D)","(D)","(NA)"
"16180","Carson City, NV (Metropolitan Statistical Area)"," ","900","Real GDP by metropolitan area","22","3364-3366, 3369","    Other transportation equipment manufacturing",50,47,"(D)","(D)","(D)",65,72,87,"(D)","(D)","(D)","(D)","(D)","(NA)"
"16180","Carson City, NV (Metropolitan Statistical Area)"," ","900","Real GDP by metropolitan area","23","337","    Furniture and related products manufacturing",4,5,4,3,3,2,1,1,1,1,"(L)","(D)","(D)","(NA)"
"16180","Carson City, NV (Metropolitan Statistical Area)"," ","900","Real GDP by metropolitan area","24","339","    Miscellaneous manufacturing",2,4,4,8,8,9,11,12,12,11,12,16,15,"(NA)"
"16180","Carson City, NV (Metropolitan Statistical Area)"," ","900","Real GDP by metropolitan area","25","...","   Nondurable goods manufacturing",55,"(D)",38,39,37,"(D)",39,31,31,42,41,44,48,47
"16180","Carson City, NV (Metropolitan Statistical Area)"," ","900","Real GDP by metropolitan area","26","311-312","    Food and beverage and tobacco products manufacturing","(D)","(D)","(D)",11,10,"(D)",11,9,11,9,9,13,18,"(NA)"
"16180","Carson City, NV (Metropolitan Statistical Area)"," ","900","Real GDP by metropolitan area","27","313-314","    Textile mills and textile product mills","(D)","(D)","(D)","(D)","(D)","(L)",1,1,"(D)","(D)","(D)","(D)","(D)","(NA)"
"16180","Carson City, NV (Metropolitan Statistical Area)"," ","900","Real GDP by metropolitan area","28","315-316","    Apparel and leather and allied products manufacturing","(D)","(D)","(D)","(D)","(D)","(D)","(D)","(D)","(D)","(D)","(L)","(L)","(L)","(NA)"
"16180","Carson City, NV (Metropolitan Statistical Area)"," ","900","Real GDP by metropolitan area","29","322","    Paper products manufacturing","(D)","(D)","(D)","(D)","(D)","(D)","(D)","(D)","(L)","(L)","(L)","(L)","(L)","(NA)"
"16180","Carson City, NV (Metropolitan Statistical Area)"," ","900","Real GDP by metropolitan area","30","323","    Printing and related support activities",2,2,2,2,3,3,3,2,1,1,1,1,1,"(NA)"
"16180","Carson City, NV (Metropolitan Statistical Area)"," ","900","Real GDP by metropolitan area","31","324","    Petroleum and coal products manufacturing","(L)","(L)","(L)","(L)","(L)","(L)","(L)","(L)","(L)","(L)","(L)","(L)","(L)","(NA)"
"16180","Carson City, NV (Metropolitan Statistical Area)"," ","900","Real GDP by metropolitan area","32","325","    Chemical products manufacturing",7,"(D)","(D)","(D)","(D)","(D)","(D)","(D)","(D)","(D)","(D)","(D)","(D)","(NA)"
"16180","Carson City, NV (Metropolitan Statistical Area)"," ","900","Real GDP by metropolitan area","33","326","    Plastics and rubber products manufacturing",23,20,23,20,17,17,16,13,10,10,9,9,10,"(NA)"
"16180","Carson City, NV (Metropolitan Statistical Area)"," ","900","Real GDP by metropolitan area","34","42","  Wholesale trade",74,77,83,92,103,107,111,97,74,67,71,76,74,74
"16180","Carson City, NV (Metropolitan Statistical Area)"," ","900","Real GDP by metropolitan area","35","44-45","  Retail trade",242,254,240,254,277,275,255,221,201,192,199,195,212,223
"16180","Carson City, NV (Metropolitan Statistical Area)"," ","900","Real GDP by metropolitan area","36","48-49","  Transportation and warehousing","(D)","(D)","(D)","(D)","(D)","(D)","(D)","(D)","(D)","(D)","(D)","(D)","(D)","(D)"
"16180","Carson City, NV (Metropolitan Statistical Area)"," ","900","Real GDP by metropolitan area","37","481","   Air transportation","(D)","(D)",2,"(D)","(D)","(D)","(D)","(D)","(D)","(D)","(D)","(D)","(D)","(NA)"
"16180","Carson City, NV (Metropolitan Statistical Area)"," ","900","Real GDP by metropolitan area","38","482","   Rail transportation","(L)","(L)","(L)","(L)","(L)","(L)","(L)","(L)","(L)","(L)","(L)","(L)","(L)","(NA)"
"16180","Carson City, NV (Metropolitan Statistical Area)"," ","900","Real GDP by metropolitan area","39","483","   Water transportation","(L)","(L)","(L)","(L)","(L)","(L)","(L)","(L)","(L)","(L)","(L)","(L)","(L)","(NA)"
"16180","Carson City, NV (Metropolitan Statistical Area)"," ","900","Real GDP by metropolitan area","40","484","   Truck transportation",7,7,9,10,12,12,9,7,7,8,8,9,10,"(NA)"
"16180","Carson City, NV (Metropolitan Statistical Area)"," ","900","Real GDP by metropolitan area","41","485","   Transit and ground passenger transportation",4,9,"(D)",4,4,4,5,4,"(D)","(D)","(D)","(D)","(D)","(NA)"
"16180","Carson City, NV (Metropolitan Statistical Area)"," ","900","Real GDP by metropolitan area","42","486","   Pipeline transportation","(L)","(L)","(L)","(L)","(L)","(L)","(L)","(L)","(L)","(L)","(L)","(L)","(L)","(NA)"
"16180","Carson City, NV (Metropolitan Statistical Area)"," ","900","Real GDP by metropolitan area","43","487-488, 492","   Other transportation and support activities","(D)","(D)","(D)","(D)","(D)","(D)","(D)","(D)",7,7,"(D)","(D)","(D)","(NA)"
"16180","Carson City, NV (Metropolitan Statistical Area)"," ","900","Real GDP by metropolitan area","44","493","   Warehousing and storage","(D)","(L)","(D)",1,2,3,3,2,1,1,"(L)","(L)","(L)","(NA)"
"16180","Carson City, NV (Metropolitan Statistical Area)"," ","900","Real GDP by metropolitan area","45","51","  Information",31,41,37,43,42,45,61,68,56,53,55,43,44,46
"16180","Carson City, NV (Metropolitan Statistical Area)"," ","900","Real GDP by metropolitan area","46","511","   Publishing industries, except Internet (includes software)",11,15,16,19,"(D)","(D)","(D)",26,24,21,20,21,22,"(NA)"
"16180","Carson City, NV (Metropolitan Statistical Area)"," ","900","Real GDP by metropolitan area","47","512","   Motion picture and sound recording industries",5,7,5,7,7,9,8,"(D)","(D)","(D)","(D)","(D)","(D)","(NA)"
"16180","Carson City, NV (Metropolitan Statistical Area)"," ","900","Real GDP by metropolitan area","48","515, 517","   Broadcasting and telecommunications",14,15,11,"(D)",11,"(D)","(D)","(D)","(D)","(D)","(D)","(D)","(D)","(NA)"
"16180","Carson City, NV (Metropolitan Statistical Area)"," ","900","Real GDP by metropolitan area","49","518, 519","   Data processing, internet publishing, and other information services","(L)",3,4,"(D)","(D)","(D)","(D)",8,7,5,6,3,4,"(NA)"
"16180","Carson City, NV (Metropolitan Statistical Area)"," ","900","Real GDP by metropolitan area","50","52, 53","  Finance, insurance, real estate, rental, and leasing",400,408,461,469,475,492,448,437,390,422,390,435,448,411
"16180","Carson City, NV (Metropolitan Statistical Area)"," ","900","Real GDP by metropolitan area","51","52","   Finance and insurance",170,153,177,180,162,143,126,159,154,177,122,159,171,136
"16180","Carson City, NV (Metropolitan Statistical Area)"," ","900","Real GDP by metropolitan area","52","521-522","    Federal Reserve banks, credit intermediation, and related services",119,111,136,140,122,106,95,115,128,143,90,110,107,"(NA)"
"16180","Carson City, NV (Metropolitan Statistical Area)"," ","900","Real GDP by metropolitan area","53","523","    Securities, commodity contracts, and investments","(D)","(D)","(D)","(D)","(D)","(D)","(D)","(D)","(D)","(D)","(D)","(D)","(D)","(NA)"
"16180","Carson City, NV (Metropolitan Statistical Area)"," ","900","Real GDP by metropolitan area","54","524","    Insurance carriers and related activities",39,30,30,33,33,28,31,29,24,25,23,24,29,"(NA)"
"16180","Carson City, NV (Metropolitan Statistical Area)"," ","900","Real GDP by metropolitan area","55","525","    Funds, trusts, and other financial vehicles","(D)","(D)","(D)","(D)","(D)","(D)","(D)","(D)","(D)","(D)","(D)","(D)","(D)","(NA)"
"16180","Carson City, NV (Metropolitan Statistical Area)"," ","900","Real GDP by metropolitan area","56","53","   Real estate and rental and leasing",225,254,282,286,315,357,329,279,236,245,270,277,276,277
"16180","Carson City, NV (Metropolitan Statistical Area)"," ","900","Real GDP by metropolitan area","57","531","    Real estate",213,241,267,268,292,330,300,253,215,225,246,249,244,"(NA)"
"16180","Carson City, NV (Metropolitan Statistical Area)"," ","900","Real GDP by metropolitan area","58","532-533","    Rental and leasing services and lessors of intangible assets",12,12,14,18,23,27,29,26,21,20,24,27,33,"(NA)"
"16180","Carson City, NV (Metropolitan Statistical Area)"," ","900","Real GDP by metropolitan area","59","54, 55, 56","  Professional and business services",171,167,206,200,215,220,225,197,173,181,176,177,186,182
"16180","Carson City, NV (Metropolitan Statistical Area)"," ","900","Real GDP by metropolitan area","60","54","   Professional, scientific, and technical services",109,99,134,126,127,136,133,118,108,101,103,97,96,91
"16180","Carson City, NV (Metropolitan Statistical Area)"," ","900","Real GDP by metropolitan area","64","55","   Management of companies and enterprises",10,13,10,8,13,14,28,23,15,26,17,23,39,39
"16180","Carson City, NV (Metropolitan Statistical Area)"," ","900","Real GDP by metropolitan area","65","56","   Administrative and waste management services",51,55,62,66,74,69,64,55,50,54,55,56,52,53
"16180","Carson City, NV (Metropolitan Statistical Area)"," ","900","Real GDP by metropolitan area","66","561","    Administrative and support services",46,49,"(D)","(D)","(D)","(D)","(D)","(D)","(D)","(D)","(D)","(D)","(D)","(NA)"
"16180","Carson City, NV (Metropolitan Statistical Area)"," ","900","Real GDP by metropolitan area","67","562","    Waste management and remediation services",5,5,"(D)","(D)","(D)","(D)","(D)","(D)","(D)","(D)","(D)","(D)","(D)","(NA)"
"16180","Carson City, NV (Metropolitan Statistical Area)"," ","900","Real GDP by metropolitan area","68","61, 62","  Educational services, health care, and social assistance",138,159,168,177,190,181,184,271,271,277,290,292,284,292
"16180","Carson City, NV (Metropolitan Statistical Area)"," ","900","Real GDP by metropolitan area","69","61","   Educational services",4,4,4,4,4,4,5,6,6,8,12,16,16,14
"16180","Carson City, NV (Metropolitan Statistical Area)"," ","900","Real GDP by metropolitan area","70","62","   Health care and social assistance",134,155,164,174,185,177,179,266,265,269,278,276,267,278
"16180","Carson City, NV (Metropolitan Statistical Area)"," ","900","Real GDP by metropolitan area","71","621","    Ambulatory health care services",105,129,134,144,151,139,139,147,142,138,146,143,147,"(NA)"
"16180","Carson City, NV (Metropolitan Statistical Area)"," ","900","Real GDP by metropolitan area","72","622-623","    Hospitals and nursing and residential care facilities","(D)","(D)","(D)","(D)","(D)","(D)","(D)","(D)","(D)","(D)","(D)","(D)",109,"(NA)"
"16180","Carson City, NV (Metropolitan Statistical Area)"," ","900","Real GDP by metropolitan area","73","624","    Social assistance","(D)","(D)","(D)","(D)","(D)","(D)","(D)","(D)","(D)","(D)","(D)","(D)",11,"(NA)"
"16180","Carson City, NV (Metropolitan Statistical Area)"," ","900","Real GDP by metropolitan area","74","71, 72","  Arts, entertainment, recreation, accommodation, and food services",164,173,185,208,219,220,237,199,173,190,193,175,178,165
"16180","Carson City, NV (Metropolitan Statistical Area)"," ","900","Real GDP by metropolitan area","75","71","   Arts, entertainment, and recreation",78,87,96,116,127,130,147,117,104,120,118,101,100,88
"16180","Carson City, NV (Metropolitan Statistical Area)"," ","900","Real GDP by metropolitan area","76","711-712","    Performing arts, spectator sports, museums, and related activities",5,5,9,8,7,6,6,5,6,9,12,11,13,"(NA)"
"16180","Carson City, NV (Metropolitan Statistical Area)"," ","900","Real GDP by metropolitan area","77","713","    Amusements, gambling, and recreation industries",73,82,87,109,121,123,141,111,99,110,106,90,87,"(NA)"
"16180","Carson City, NV (Metropolitan Statistical Area)"," ","900","Real GDP by metropolitan area","78","72","   Accommodation and food services",87,88,90,92,91,91,90,82,69,70,75,74,77,76
"16180","Carson City, NV (Metropolitan Statistical Area)"," ","900","Real GDP by metropolitan area","79","721","    Accommodation",30,33,36,37,34,35,35,31,24,25,24,24,25,"(NA)"
"16180","Carson City, NV (Metropolitan Statistical Area)"," ","900","Real GDP by metropolitan area","80","722","    Food services and drinking places",57,55,54,55,57,55,55,51,45,45,50,50,53,"(NA)"
"16180","Carson City, NV (Metropolitan Statistical Area)"," ","900","Real GDP by metropolitan area","81","81","  Other services, except government",76,74,81,83,84,83,80,77,69,60,54,53,53,52
"16180","Carson City, NV (Metropolitan Statistical Area)"," ","900","Real GDP by metropolitan area","82","92"," Government",846,841,886,937,937,947,956,852,861,859,842,796,801,799
"16180","Carson City, NV (Metropolitan Statistical Area)"," ","900","Real GDP by metropolitan area","83","...","  Federal civilian",66,65,64,66,65,67,68,70,71,70,65,62,58,"(NA)"
"16180","Carson City, NV (Metropolitan Statistical Area)"," ","900","Real GDP by metropolitan area","84","...","  Federal military",3,3,5,5,5,5,5,5,6,6,6,5,5,"(NA)"
"16180","Carson City, NV (Metropolitan Statistical Area)"," ","900","Real GDP by metropolitan area","85","...","  State and local",777,773,817,867,868,876,884,777,783,782,771,728,738,"(NA)"
"16180","Carson City, NV (Metropolitan Statistical Area)"," ","900","Real GDP by metropolitan area","86","11, 21","Natural resources and mining","(D)","(D)","(D)","(D)","(D)","(D)","(D)","(D)","(D)","(D)","(D)",14,13,13
"16180","Carson City, NV (Metropolitan Statistical Area)"," ","900","Real GDP by metropolitan area","87","42, 44-45","Trade",318,332,325,347,381,382,365,317,275,259,270,271,286,296
"16180","Carson City, NV (Metropolitan Statistical Area)"," ","900","Real GDP by metropolitan area","88","...","Transportation and utilities",89,96,95,105,112,121,127,107,106,110,91,78,78,77
"16180","Carson City, NV (Metropolitan Statistical Area)"," ","900","Real GDP by metropolitan area","89","...","Private goods-producing industries",413,386,397,434,475,469,489,441,364,358,353,353,348,345
"16180","Carson City, NV (Metropolitan Statistical Area)"," ","900","Real GDP by metropolitan area","90","...","Private services-providing industries",1390,1453,1562,1636,1720,1747,1727,1673,1514,1551,1519,1527,1559,1523
"16180","Carson City, NV (Metropolitan Statistical Area)"," ","1000","Per capita real GDP by metropolitan area","1","...","All industry total",49436,49134,51481,53644,55945,57085,57378,53397,49434,50094,49559,48981,50057,48912
"Note: See the included footnote file."
NAICS Industry detail is based on the 2007 North American Industry Classification System (NAICS).
"Source: U.S. Department of Commerce / Bureau of Economic Analysis / Regional Product Division"
