"29420","Lake Havasu City-Kingman, AZ (Metropolitan Statistical Area)"," ","200","Gross domestic product (GDP) by metropolitan area","1","...","All industry total",2437,2635,2884,3114,3506,3998,4165,3901,3615,3656,3653,3646,3733,3861
"29420","Lake Havasu City-Kingman, AZ (Metropolitan Statistical Area)"," ","200","Gross domestic product (GDP) by metropolitan area","2","..."," Private industries",2063,2253,2481,2683,3033,3478,3599,3304,3057,3050,3054,3027,3119,3239
"29420","Lake Havasu City-Kingman, AZ (Metropolitan Statistical Area)"," ","200","Gross domestic product (GDP) by metropolitan area","3","11","  Agriculture, forestry, fishing, and hunting","(D)","(D)",17,22,20,"(D)","(D)","(D)","(D)","(D)",31,15,"(D)","(D)"
"29420","Lake Havasu City-Kingman, AZ (Metropolitan Statistical Area)"," ","200","Gross domestic product (GDP) by metropolitan area","4","111-112","   Farms",11,8,15,20,18,17,11,11,2,15,30,13,19,"(NA)"
"29420","Lake Havasu City-Kingman, AZ (Metropolitan Statistical Area)"," ","200","Gross domestic product (GDP) by metropolitan area","5","113-115","   Forestry, fishing, and related activities","(D)","(D)",2,2,2,"(D)","(D)","(D)","(D)","(D)",2,2,"(D)","(NA)"
"29420","Lake Havasu City-Kingman, AZ (Metropolitan Statistical Area)"," ","200","Gross domestic product (GDP) by metropolitan area","6","21","  Mining","(D)","(D)",14,19,21,"(D)",44,66,93,160,248,212,179,181
"29420","Lake Havasu City-Kingman, AZ (Metropolitan Statistical Area)"," ","200","Gross domestic product (GDP) by metropolitan area","7","211","   Oil and gas extraction","(D)","(D)","(L)","(L)","(L)","(L)","(L)","(L)","(L)","(L)","(L)","(L)","(L)","(NA)"
"29420","Lake Havasu City-Kingman, AZ (Metropolitan Statistical Area)"," ","200","Gross domestic product (GDP) by metropolitan area","8","212","   Mining, except oil and gas",9,11,"(D)","(D)","(D)","(D)","(D)",65,93,159,247,211,178,"(NA)"
"29420","Lake Havasu City-Kingman, AZ (Metropolitan Statistical Area)"," ","200","Gross domestic product (GDP) by metropolitan area","9","213","   Support activities for mining","(D)","(D)","(D)","(D)","(D)","(D)","(D)",1,1,1,1,1,1,"(NA)"
"29420","Lake Havasu City-Kingman, AZ (Metropolitan Statistical Area)"," ","200","Gross domestic product (GDP) by metropolitan area","10","22","  Utilities",68,81,73,85,79,93,93,83,92,96,103,86,143,143
"29420","Lake Havasu City-Kingman, AZ (Metropolitan Statistical Area)"," ","200","Gross domestic product (GDP) by metropolitan area","11","23","  Construction",258,296,313,357,452,486,438,356,204,167,139,133,161,154
"29420","Lake Havasu City-Kingman, AZ (Metropolitan Statistical Area)"," ","200","Gross domestic product (GDP) by metropolitan area","12","31-33","  Manufacturing",181,194,209,238,280,326,361,291,250,247,244,257,255,264
"29420","Lake Havasu City-Kingman, AZ (Metropolitan Statistical Area)"," ","200","Gross domestic product (GDP) by metropolitan area","13","...","   Durable goods manufacturing",146,157,172,189,217,246,268,197,159,159,168,172,168,171
"29420","Lake Havasu City-Kingman, AZ (Metropolitan Statistical Area)"," ","200","Gross domestic product (GDP) by metropolitan area","14","321","    Wood products manufacturing",11,9,10,15,16,12,10,8,7,5,5,3,"(D)","(NA)"
"29420","Lake Havasu City-Kingman, AZ (Metropolitan Statistical Area)"," ","200","Gross domestic product (GDP) by metropolitan area","15","327","    Nonmetallic mineral products manufacturing",19,31,37,39,45,54,69,41,30,31,29,31,25,"(NA)"
"29420","Lake Havasu City-Kingman, AZ (Metropolitan Statistical Area)"," ","200","Gross domestic product (GDP) by metropolitan area","16","331","    Primary metals manufacturing",16,"(D)","(D)","(D)","(D)","(D)","(D)","(D)","(D)","(D)","(D)",23,30,"(NA)"
"29420","Lake Havasu City-Kingman, AZ (Metropolitan Statistical Area)"," ","200","Gross domestic product (GDP) by metropolitan area","17","332","    Fabricated metal products",14,18,16,18,22,22,35,42,31,30,28,33,28,"(NA)"
"29420","Lake Havasu City-Kingman, AZ (Metropolitan Statistical Area)"," ","200","Gross domestic product (GDP) by metropolitan area","18","333","    Machinery manufacturing",3,3,4,3,4,5,5,"(D)","(D)",6,6,5,5,"(NA)"
"29420","Lake Havasu City-Kingman, AZ (Metropolitan Statistical Area)"," ","200","Gross domestic product (GDP) by metropolitan area","19","334","    Computer and electronic products manufacturing","(D)","(D)","(D)",1,2,1,"(D)","(D)","(D)","(D)","(D)","(D)","(D)","(NA)"
"29420","Lake Havasu City-Kingman, AZ (Metropolitan Statistical Area)"," ","200","Gross domestic product (GDP) by metropolitan area","20","335","    Electrical equipment, appliance, and components manufacturing",4,4,"(D)","(D)","(D)","(D)","(D)","(D)","(D)","(D)","(D)","(D)","(L)","(NA)"
"29420","Lake Havasu City-Kingman, AZ (Metropolitan Statistical Area)"," ","200","Gross domestic product (GDP) by metropolitan area","21","3361-3363","    Motor vehicles, bodies and trailers, and parts manufacturing","(D)","(D)","(D)","(D)","(D)","(D)","(D)","(D)","(D)","(D)","(D)","(D)",7,"(NA)"
"29420","Lake Havasu City-Kingman, AZ (Metropolitan Statistical Area)"," ","200","Gross domestic product (GDP) by metropolitan area","22","3364-3366, 3369","    Other transportation equipment manufacturing","(D)","(D)","(D)","(D)","(D)","(D)","(D)","(D)","(D)",12,12,15,"(D)","(NA)"
"29420","Lake Havasu City-Kingman, AZ (Metropolitan Statistical Area)"," ","200","Gross domestic product (GDP) by metropolitan area","23","337","    Furniture and related products manufacturing",24,22,25,29,35,37,25,19,26,22,21,24,28,"(NA)"
"29420","Lake Havasu City-Kingman, AZ (Metropolitan Statistical Area)"," ","200","Gross domestic product (GDP) by metropolitan area","24","339","    Miscellaneous manufacturing",21,25,25,24,28,31,21,18,21,24,25,22,22,"(NA)"
"29420","Lake Havasu City-Kingman, AZ (Metropolitan Statistical Area)"," ","200","Gross domestic product (GDP) by metropolitan area","25","...","   Nondurable goods manufacturing",34,37,37,48,63,80,93,94,91,87,76,85,87,93
"29420","Lake Havasu City-Kingman, AZ (Metropolitan Statistical Area)"," ","200","Gross domestic product (GDP) by metropolitan area","26","311-312","    Food and beverage and tobacco products manufacturing",1,1,1,2,2,"(D)","(D)","(D)",4,"(D)",5,4,"(D)","(NA)"
"29420","Lake Havasu City-Kingman, AZ (Metropolitan Statistical Area)"," ","200","Gross domestic product (GDP) by metropolitan area","27","313-314","    Textile mills and textile product mills","(D)","(D)","(D)",1,2,1,1,"(D)","(D)",2,1,3,2,"(NA)"
"29420","Lake Havasu City-Kingman, AZ (Metropolitan Statistical Area)"," ","200","Gross domestic product (GDP) by metropolitan area","28","315-316","    Apparel and leather and allied products manufacturing","(D)","(D)","(D)","(D)","(L)","(L)","(D)","(L)","(L)","(D)","(D)","(D)","(D)","(NA)"
"29420","Lake Havasu City-Kingman, AZ (Metropolitan Statistical Area)"," ","200","Gross domestic product (GDP) by metropolitan area","29","322","    Paper products manufacturing","(L)","(L)","(L)","(L)","(D)","(D)","(D)","(D)","(D)","(D)","(D)","(D)","(D)","(NA)"
"29420","Lake Havasu City-Kingman, AZ (Metropolitan Statistical Area)"," ","200","Gross domestic product (GDP) by metropolitan area","30","323","    Printing and related support activities",5,6,6,7,8,8,7,5,5,5,4,4,5,"(NA)"
"29420","Lake Havasu City-Kingman, AZ (Metropolitan Statistical Area)"," ","200","Gross domestic product (GDP) by metropolitan area","31","324","    Petroleum and coal products manufacturing","(D)","(D)","(D)","(D)","(D)","(D)","(D)","(D)","(D)","(D)","(D)","(D)","(D)","(NA)"
"29420","Lake Havasu City-Kingman, AZ (Metropolitan Statistical Area)"," ","200","Gross domestic product (GDP) by metropolitan area","32","325","    Chemical products manufacturing",8,5,6,7,11,11,18,16,15,11,10,7,6,"(NA)"
"29420","Lake Havasu City-Kingman, AZ (Metropolitan Statistical Area)"," ","200","Gross domestic product (GDP) by metropolitan area","33","326","    Plastics and rubber products manufacturing","(D)","(D)","(D)",20,20,24,25,42,43,47,43,56,58,"(NA)"
"29420","Lake Havasu City-Kingman, AZ (Metropolitan Statistical Area)"," ","200","Gross domestic product (GDP) by metropolitan area","34","42","  Wholesale trade",66,64,65,74,81,101,98,92,82,79,80,81,75,78
"29420","Lake Havasu City-Kingman, AZ (Metropolitan Statistical Area)"," ","200","Gross domestic product (GDP) by metropolitan area","35","44-45","  Retail trade",354,389,446,471,536,587,585,523,487,474,488,496,509,529
"29420","Lake Havasu City-Kingman, AZ (Metropolitan Statistical Area)"," ","200","Gross domestic product (GDP) by metropolitan area","36","48-49","  Transportation and warehousing",62,72,86,91,98,108,104,110,104,115,131,138,138,145
"29420","Lake Havasu City-Kingman, AZ (Metropolitan Statistical Area)"," ","200","Gross domestic product (GDP) by metropolitan area","37","481","   Air transportation","(D)","(D)","(D)","(L)","(L)","(L)","(L)","(L)","(L)","(D)","(D)","(D)","(L)","(NA)"
"29420","Lake Havasu City-Kingman, AZ (Metropolitan Statistical Area)"," ","200","Gross domestic product (GDP) by metropolitan area","38","482","   Rail transportation",12,12,15,17,20,26,24,31,27,31,38,43,44,"(NA)"
"29420","Lake Havasu City-Kingman, AZ (Metropolitan Statistical Area)"," ","200","Gross domestic product (GDP) by metropolitan area","39","483","   Water transportation","(L)","(L)","(L)","(L)","(L)","(L)","(L)","(D)","(D)","(D)","(D)","(D)","(D)","(NA)"
"29420","Lake Havasu City-Kingman, AZ (Metropolitan Statistical Area)"," ","200","Gross domestic product (GDP) by metropolitan area","40","484","   Truck transportation",29,32,40,44,44,46,42,38,35,37,46,45,43,"(NA)"
"29420","Lake Havasu City-Kingman, AZ (Metropolitan Statistical Area)"," ","200","Gross domestic product (GDP) by metropolitan area","41","485","   Transit and ground passenger transportation",3,4,4,3,3,4,4,5,5,5,4,4,4,"(NA)"
"29420","Lake Havasu City-Kingman, AZ (Metropolitan Statistical Area)"," ","200","Gross domestic product (GDP) by metropolitan area","42","486","   Pipeline transportation","(D)",7,6,6,6,7,9,10,11,11,9,11,9,"(NA)"
"29420","Lake Havasu City-Kingman, AZ (Metropolitan Statistical Area)"," ","200","Gross domestic product (GDP) by metropolitan area","43","487-488, 492","   Other transportation and support activities",13,"(D)",17,"(D)",21,23,"(D)",24,24,29,30,"(D)","(D)","(NA)"
"29420","Lake Havasu City-Kingman, AZ (Metropolitan Statistical Area)"," ","200","Gross domestic product (GDP) by metropolitan area","44","493","   Warehousing and storage","(D)","(D)","(D)","(D)",2,2,"(D)","(D)","(D)",3,3,3,3,"(NA)"
"29420","Lake Havasu City-Kingman, AZ (Metropolitan Statistical Area)"," ","200","Gross domestic product (GDP) by metropolitan area","45","51","  Information",70,80,81,88,98,108,115,101,97,99,93,100,97,104
"29420","Lake Havasu City-Kingman, AZ (Metropolitan Statistical Area)"," ","200","Gross domestic product (GDP) by metropolitan area","46","511","   Publishing industries, except Internet (includes software)","(D)",21,22,24,26,27,35,28,24,24,24,22,23,"(NA)"
"29420","Lake Havasu City-Kingman, AZ (Metropolitan Statistical Area)"," ","200","Gross domestic product (GDP) by metropolitan area","47","512","   Motion picture and sound recording industries",3,7,6,6,4,6,10,9,12,12,11,9,8,"(NA)"
"29420","Lake Havasu City-Kingman, AZ (Metropolitan Statistical Area)"," ","200","Gross domestic product (GDP) by metropolitan area","48","515, 517","   Broadcasting and telecommunications",53,51,52,55,57,62,61,"(D)",48,51,54,67,64,"(NA)"
"29420","Lake Havasu City-Kingman, AZ (Metropolitan Statistical Area)"," ","200","Gross domestic product (GDP) by metropolitan area","49","518, 519","   Data processing, internet publishing, and other information services","(D)",1,2,2,10,12,9,"(D)",13,12,4,2,2,"(NA)"
"29420","Lake Havasu City-Kingman, AZ (Metropolitan Statistical Area)"," ","200","Gross domestic product (GDP) by metropolitan area","50","52, 53","  Finance, insurance, real estate, rental, and leasing",371,408,480,473,533,675,766,679,646,565,440,449,426,436
"29420","Lake Havasu City-Kingman, AZ (Metropolitan Statistical Area)"," ","200","Gross domestic product (GDP) by metropolitan area","51","52","   Finance and insurance",84,94,123,134,155,136,150,116,78,80,80,127,125,116
"29420","Lake Havasu City-Kingman, AZ (Metropolitan Statistical Area)"," ","200","Gross domestic product (GDP) by metropolitan area","52","521-522","    Federal Reserve banks, credit intermediation, and related services",40,51,73,68,98,82,103,82,50,43,45,77,75,"(NA)"
"29420","Lake Havasu City-Kingman, AZ (Metropolitan Statistical Area)"," ","200","Gross domestic product (GDP) by metropolitan area","53","523","    Securities, commodity contracts, and investments","(D)","(D)","(D)","(D)",5,"(D)","(D)","(D)","(D)","(D)","(D)","(D)",4,"(NA)"
"29420","Lake Havasu City-Kingman, AZ (Metropolitan Statistical Area)"," ","200","Gross domestic product (GDP) by metropolitan area","54","524","    Insurance carriers and related activities",39,40,45,61,50,47,42,31,26,34,32,44,42,"(NA)"
"29420","Lake Havasu City-Kingman, AZ (Metropolitan Statistical Area)"," ","200","Gross domestic product (GDP) by metropolitan area","55","525","    Funds, trusts, and other financial vehicles","(D)","(D)","(D)","(D)",2,"(D)","(D)","(D)","(D)","(D)","(D)","(D)",4,"(NA)"
"29420","Lake Havasu City-Kingman, AZ (Metropolitan Statistical Area)"," ","200","Gross domestic product (GDP) by metropolitan area","56","53","   Real estate and rental and leasing",287,314,357,339,378,539,617,563,568,485,360,321,301,320
"29420","Lake Havasu City-Kingman, AZ (Metropolitan Statistical Area)"," ","200","Gross domestic product (GDP) by metropolitan area","57","531","    Real estate","(D)","(D)",180,183,228,334,407,313,351,301,204,183,149,"(NA)"
"29420","Lake Havasu City-Kingman, AZ (Metropolitan Statistical Area)"," ","200","Gross domestic product (GDP) by metropolitan area","58","532-533","    Rental and leasing services and lessors of intangible assets","(D)","(D)",177,156,151,205,209,249,217,185,156,138,151,"(NA)"
"29420","Lake Havasu City-Kingman, AZ (Metropolitan Statistical Area)"," ","200","Gross domestic product (GDP) by metropolitan area","59","54, 55, 56","  Professional and business services",158,157,167,179,199,216,"(D)","(D)","(D)","(D)",197,202,"(D)","(D)"
"29420","Lake Havasu City-Kingman, AZ (Metropolitan Statistical Area)"," ","200","Gross domestic product (GDP) by metropolitan area","60","54","   Professional, scientific, and technical services",88,86,87,88,97,103,104,89,77,71,69,68,83,87
"29420","Lake Havasu City-Kingman, AZ (Metropolitan Statistical Area)"," ","200","Gross domestic product (GDP) by metropolitan area","64","55","   Management of companies and enterprises",7,8,8,8,9,11,"(D)","(D)","(D)","(D)",5,6,"(D)","(D)"
"29420","Lake Havasu City-Kingman, AZ (Metropolitan Statistical Area)"," ","200","Gross domestic product (GDP) by metropolitan area","65","56","   Administrative and waste management services",63,63,72,84,94,102,109,104,101,114,123,128,137,147
"29420","Lake Havasu City-Kingman, AZ (Metropolitan Statistical Area)"," ","200","Gross domestic product (GDP) by metropolitan area","66","561","    Administrative and support services",48,58,59,71,78,85,92,89,87,101,113,117,125,"(NA)"
"29420","Lake Havasu City-Kingman, AZ (Metropolitan Statistical Area)"," ","200","Gross domestic product (GDP) by metropolitan area","67","562","    Waste management and remediation services",15,5,12,13,15,17,18,15,14,13,10,10,12,"(NA)"
"29420","Lake Havasu City-Kingman, AZ (Metropolitan Statistical Area)"," ","200","Gross domestic product (GDP) by metropolitan area","68","61, 62","  Educational services, health care, and social assistance",233,261,275,309,333,391,425,480,512,546,563,556,567,593
"29420","Lake Havasu City-Kingman, AZ (Metropolitan Statistical Area)"," ","200","Gross domestic product (GDP) by metropolitan area","69","61","   Educational services",7,11,12,16,17,19,21,23,22,23,21,22,22,23
"29420","Lake Havasu City-Kingman, AZ (Metropolitan Statistical Area)"," ","200","Gross domestic product (GDP) by metropolitan area","70","62","   Health care and social assistance",226,250,263,293,316,372,404,457,490,523,541,534,544,570
"29420","Lake Havasu City-Kingman, AZ (Metropolitan Statistical Area)"," ","200","Gross domestic product (GDP) by metropolitan area","71","621","    Ambulatory health care services",116,126,125,144,158,186,191,222,233,239,242,239,243,"(NA)"
"29420","Lake Havasu City-Kingman, AZ (Metropolitan Statistical Area)"," ","200","Gross domestic product (GDP) by metropolitan area","72","622-623","    Hospitals and nursing and residential care facilities",98,112,124,137,146,172,199,220,245,272,287,283,290,"(NA)"
"29420","Lake Havasu City-Kingman, AZ (Metropolitan Statistical Area)"," ","200","Gross domestic product (GDP) by metropolitan area","73","624","    Social assistance",13,13,13,12,12,14,14,15,13,12,12,12,12,"(NA)"
"29420","Lake Havasu City-Kingman, AZ (Metropolitan Statistical Area)"," ","200","Gross domestic product (GDP) by metropolitan area","74","71, 72","  Arts, entertainment, recreation, accommodation, and food services",125,123,152,164,180,193,198,182,179,173,179,180,196,205
"29420","Lake Havasu City-Kingman, AZ (Metropolitan Statistical Area)"," ","200","Gross domestic product (GDP) by metropolitan area","75","71","   Arts, entertainment, and recreation",17,19,22,25,27,27,30,29,28,24,22,28,33,31
"29420","Lake Havasu City-Kingman, AZ (Metropolitan Statistical Area)"," ","200","Gross domestic product (GDP) by metropolitan area","76","711-712","    Performing arts, spectator sports, museums, and related activities",3,3,5,5,5,5,6,7,8,6,6,6,7,"(NA)"
"29420","Lake Havasu City-Kingman, AZ (Metropolitan Statistical Area)"," ","200","Gross domestic product (GDP) by metropolitan area","77","713","    Amusements, gambling, and recreation industries",14,16,18,20,22,22,24,22,20,18,17,22,25,"(NA)"
"29420","Lake Havasu City-Kingman, AZ (Metropolitan Statistical Area)"," ","200","Gross domestic product (GDP) by metropolitan area","78","72","   Accommodation and food services",107,104,129,138,153,166,168,153,151,149,157,152,163,174
"29420","Lake Havasu City-Kingman, AZ (Metropolitan Statistical Area)"," ","200","Gross domestic product (GDP) by metropolitan area","79","721","    Accommodation",29,29,38,40,41,45,44,43,38,35,40,43,49,"(NA)"
"29420","Lake Havasu City-Kingman, AZ (Metropolitan Statistical Area)"," ","200","Gross domestic product (GDP) by metropolitan area","80","722","    Food services and drinking places",78,74,91,98,112,122,123,111,112,114,117,109,114,"(NA)"
"29420","Lake Havasu City-Kingman, AZ (Metropolitan Statistical Area)"," ","200","Gross domestic product (GDP) by metropolitan area","81","81","  Other services, except government",94,108,105,114,124,140,139,129,125,120,117,121,125,141
"29420","Lake Havasu City-Kingman, AZ (Metropolitan Statistical Area)"," ","200","Gross domestic product (GDP) by metropolitan area","82","92"," Government",374,382,403,431,473,519,566,597,557,606,599,619,614,622
"29420","Lake Havasu City-Kingman, AZ (Metropolitan Statistical Area)"," ","200","Gross domestic product (GDP) by metropolitan area","83","...","  Federal civilian",39,40,41,44,46,47,49,49,49,59,52,52,48,"(NA)"
"29420","Lake Havasu City-Kingman, AZ (Metropolitan Statistical Area)"," ","200","Gross domestic product (GDP) by metropolitan area","84","...","  Federal military",8,11,17,18,22,20,21,25,31,31,29,27,27,"(NA)"
"29420","Lake Havasu City-Kingman, AZ (Metropolitan Statistical Area)"," ","200","Gross domestic product (GDP) by metropolitan area","85","...","  State and local",326,331,345,368,405,452,496,523,477,517,518,541,539,"(NA)"
"29420","Lake Havasu City-Kingman, AZ (Metropolitan Statistical Area)"," ","200","Gross domestic product (GDP) by metropolitan area","86","11, 21","Natural resources and mining",23,21,31,41,41,52,"(D)","(D)","(D)","(D)",279,227,"(D)","(D)"
"29420","Lake Havasu City-Kingman, AZ (Metropolitan Statistical Area)"," ","200","Gross domestic product (GDP) by metropolitan area","87","42, 44-45","Trade",420,453,510,545,616,688,683,615,569,553,567,578,584,608
"29420","Lake Havasu City-Kingman, AZ (Metropolitan Statistical Area)"," ","200","Gross domestic product (GDP) by metropolitan area","88","...","Transportation and utilities",130,153,158,176,177,202,196,193,196,211,234,224,282,288
"29420","Lake Havasu City-Kingman, AZ (Metropolitan Statistical Area)"," ","200","Gross domestic product (GDP) by metropolitan area","89","...","Private goods-producing industries",462,511,553,636,773,864,"(D)","(D)","(D)","(D)",663,617,"(D)","(D)"
"29420","Lake Havasu City-Kingman, AZ (Metropolitan Statistical Area)"," ","200","Gross domestic product (GDP) by metropolitan area","90","...","Private services-providing industries",1602,1742,1928,2047,2260,2614,"(D)","(D)","(D)","(D)",2391,2410,"(D)","(D)"
"29420","Lake Havasu City-Kingman, AZ (Metropolitan Statistical Area)"," ","800","Quantity indexes for real GDP by metropolitan area","1","...","All industry total",85.237,90.377,96.720,100.817,109.186,119.532,120.474,110.708,100.000,99.886,97.697,95.591,96.254,97.726
"29420","Lake Havasu City-Kingman, AZ (Metropolitan Statistical Area)"," ","800","Quantity indexes for real GDP by metropolitan area","2","..."," Private industries",84.307,90.524,97.734,102.258,111.203,122.471,122.753,110.832,100.000,98.780,96.781,93.964,95.244,97.079
"29420","Lake Havasu City-Kingman, AZ (Metropolitan Statistical Area)"," ","800","Quantity indexes for real GDP by metropolitan area","3","11","  Agriculture, forestry, fishing, and hunting","(D)","(D)","(D)","(D)","(D)","(D)","(D)","(D)","(D)","(D)","(D)","(D)","(D)","(D)"
"29420","Lake Havasu City-Kingman, AZ (Metropolitan Statistical Area)"," ","800","Quantity indexes for real GDP by metropolitan area","4","111-112","   Farms",560.124,446.627,710.020,832.625,878.347,901.050,432.963,409.629,100.000,657.735,944.747,396.004,569.472,"(NA)"
"29420","Lake Havasu City-Kingman, AZ (Metropolitan Statistical Area)"," ","800","Quantity indexes for real GDP by metropolitan area","5","113-115","   Forestry, fishing, and related activities","(D)","(D)","(D)","(D)","(D)","(D)","(D)","(D)","(D)","(D)","(D)","(D)","(D)","(NA)"
"29420","Lake Havasu City-Kingman, AZ (Metropolitan Statistical Area)"," ","800","Quantity indexes for real GDP by metropolitan area","6","21","  Mining","(D)","(D)",35.844,39.685,35.550,"(D)",57.362,77.154,100.000,155.480,218.357,188.813,165.414,169.855
"29420","Lake Havasu City-Kingman, AZ (Metropolitan Statistical Area)"," ","800","Quantity indexes for real GDP by metropolitan area","7","211","   Oil and gas extraction","(D)","(D)",12.316,5.990,17.864,33.791,48.648,33.871,100.000,177.378,534.895,567.075,521.680,"(NA)"
"29420","Lake Havasu City-Kingman, AZ (Metropolitan Statistical Area)"," ","800","Quantity indexes for real GDP by metropolitan area","8","212","   Mining, except oil and gas",25.179,28.838,"(D)","(D)","(D)","(D)","(D)",76.998,100.000,155.583,218.954,189.253,166.254,"(NA)"
"29420","Lake Havasu City-Kingman, AZ (Metropolitan Statistical Area)"," ","800","Quantity indexes for real GDP by metropolitan area","9","213","   Support activities for mining","(D)","(D)","(D)","(D)","(D)","(D)","(D)",92.992,100.000,143.439,143.150,133.080,62.555,"(NA)"
"29420","Lake Havasu City-Kingman, AZ (Metropolitan Statistical Area)"," ","800","Quantity indexes for real GDP by metropolitan area","10","22","  Utilities",102.802,128.269,107.098,120.579,106.098,116.165,114.076,102.350,100.000,106.897,114.386,98.511,158.140,149.428
"29420","Lake Havasu City-Kingman, AZ (Metropolitan Statistical Area)"," ","800","Quantity indexes for real GDP by metropolitan area","11","23","  Construction",195.927,214.674,216.628,229.414,262.074,257.069,217.869,176.957,100.000,83.659,68.571,63.414,73.935,67.001
"29420","Lake Havasu City-Kingman, AZ (Metropolitan Statistical Area)"," ","800","Quantity indexes for real GDP by metropolitan area","12","31-33","  Manufacturing",85.058,91.234,98.202,107.797,120.745,133.607,145.932,118.029,100.000,98.130,94.362,97.012,95.488,97.925
"29420","Lake Havasu City-Kingman, AZ (Metropolitan Statistical Area)"," ","800","Quantity indexes for real GDP by metropolitan area","13","...","   Durable goods manufacturing",105.467,112.494,123.445,130.690,144.136,156.732,169.221,125.489,100.000,100.745,105.933,107.191,104.119,104.085
"29420","Lake Havasu City-Kingman, AZ (Metropolitan Statistical Area)"," ","800","Quantity indexes for real GDP by metropolitan area","14","321","    Wood products manufacturing",149.022,118.430,121.258,163.521,183.587,147.264,138.251,123.035,100.000,72.188,73.588,51.396,"(D)","(NA)"
"29420","Lake Havasu City-Kingman, AZ (Metropolitan Statistical Area)"," ","800","Quantity indexes for real GDP by metropolitan area","15","327","    Nonmetallic mineral products manufacturing",74.440,121.489,146.398,152.827,166.567,182.804,231.460,145.320,100.000,105.962,100.868,105.302,79.064,"(NA)"
"29420","Lake Havasu City-Kingman, AZ (Metropolitan Statistical Area)"," ","800","Quantity indexes for real GDP by metropolitan area","16","331","    Primary metals manufacturing","(D)","(D)","(D)","(D)","(D)","(D)","(D)","(D)","(D)","(D)","(D)","(D)","(D)","(NA)"
"29420","Lake Havasu City-Kingman, AZ (Metropolitan Statistical Area)"," ","800","Quantity indexes for real GDP by metropolitan area","17","332","    Fabricated metal products",59.252,75.240,68.697,73.863,87.053,89.708,136.890,156.502,100.000,104.012,97.478,109.573,91.255,"(NA)"
"29420","Lake Havasu City-Kingman, AZ (Metropolitan Statistical Area)"," ","800","Quantity indexes for real GDP by metropolitan area","18","333","    Machinery manufacturing","(D)","(D)","(D)","(D)","(D)","(D)","(D)","(D)","(D)","(D)","(D)","(D)","(D)","(NA)"
"29420","Lake Havasu City-Kingman, AZ (Metropolitan Statistical Area)"," ","800","Quantity indexes for real GDP by metropolitan area","19","334","    Computer and electronic products manufacturing","(D)","(D)","(D)","(D)","(D)","(D)","(D)","(D)","(D)","(D)","(D)","(D)","(D)","(NA)"
"29420","Lake Havasu City-Kingman, AZ (Metropolitan Statistical Area)"," ","800","Quantity indexes for real GDP by metropolitan area","20","335","    Electrical equipment, appliance, and components manufacturing","(D)","(D)","(D)","(D)","(D)","(D)","(D)","(D)","(D)","(D)","(D)","(D)","(D)","(NA)"
"29420","Lake Havasu City-Kingman, AZ (Metropolitan Statistical Area)"," ","800","Quantity indexes for real GDP by metropolitan area","21","3361-3363","    Motor vehicles, bodies and trailers, and parts manufacturing","(D)","(D)","(D)","(D)","(D)","(D)","(D)","(D)","(D)","(D)","(D)","(D)","(D)","(NA)"
"29420","Lake Havasu City-Kingman, AZ (Metropolitan Statistical Area)"," ","800","Quantity indexes for real GDP by metropolitan area","22","3364-3366, 3369","    Other transportation equipment manufacturing","(D)","(D)","(D)","(D)","(D)","(D)","(D)","(D)","(D)","(D)","(D)","(D)","(D)","(NA)"
"29420","Lake Havasu City-Kingman, AZ (Metropolitan Statistical Area)"," ","800","Quantity indexes for real GDP by metropolitan area","23","337","    Furniture and related products manufacturing",104.315,96.562,108.241,133.689,153.874,165.930,105.671,81.916,100.000,86.006,84.727,92.455,105.826,"(NA)"
"29420","Lake Havasu City-Kingman, AZ (Metropolitan Statistical Area)"," ","800","Quantity indexes for real GDP by metropolitan area","24","339","    Miscellaneous manufacturing",100.728,118.089,116.024,114.005,134.468,153.683,103.109,89.275,100.000,116.375,120.219,103.814,101.830,"(NA)"
"29420","Lake Havasu City-Kingman, AZ (Metropolitan Statistical Area)"," ","800","Quantity indexes for real GDP by metropolitan area","25","...","   Nondurable goods manufacturing",48.062,52.782,52.155,66.722,79.105,92.619,104.710,104.869,100.000,93.646,75.500,80.274,81.114,87.291
"29420","Lake Havasu City-Kingman, AZ (Metropolitan Statistical Area)"," ","800","Quantity indexes for real GDP by metropolitan area","26","311-312","    Food and beverage and tobacco products manufacturing",38.815,33.222,32.767,58.105,64.629,"(D)","(D)","(D)",100.000,"(D)",109.824,95.334,"(D)","(NA)"
"29420","Lake Havasu City-Kingman, AZ (Metropolitan Statistical Area)"," ","800","Quantity indexes for real GDP by metropolitan area","27","313-314","    Textile mills and textile product mills","(D)","(D)","(D)","(D)","(D)","(D)","(D)","(D)","(D)","(D)","(D)","(D)","(D)","(NA)"
"29420","Lake Havasu City-Kingman, AZ (Metropolitan Statistical Area)"," ","800","Quantity indexes for real GDP by metropolitan area","28","315-316","    Apparel and leather and allied products manufacturing","(D)","(D)","(D)","(D)",665.130,572.051,"(D)",22.542,100.000,"(D)","(D)","(D)","(D)","(NA)"
"29420","Lake Havasu City-Kingman, AZ (Metropolitan Statistical Area)"," ","800","Quantity indexes for real GDP by metropolitan area","29","322","    Paper products manufacturing","(D)","(D)","(D)","(D)","(D)","(D)","(D)","(D)","(D)","(D)","(D)","(D)","(D)","(NA)"
"29420","Lake Havasu City-Kingman, AZ (Metropolitan Statistical Area)"," ","800","Quantity indexes for real GDP by metropolitan area","30","323","    Printing and related support activities",103.234,133.072,134.903,151.603,165.250,170.630,143.023,107.257,100.000,101.913,102.702,85.504,106.546,"(NA)"
"29420","Lake Havasu City-Kingman, AZ (Metropolitan Statistical Area)"," ","800","Quantity indexes for real GDP by metropolitan area","31","324","    Petroleum and coal products manufacturing","(D)","(D)","(D)","(D)","(D)","(D)","(D)","(D)","(D)","(D)","(D)","(D)","(D)","(NA)"
"29420","Lake Havasu City-Kingman, AZ (Metropolitan Statistical Area)"," ","800","Quantity indexes for real GDP by metropolitan area","32","325","    Chemical products manufacturing",68.925,46.772,51.455,58.332,91.448,90.995,141.726,114.967,100.000,73.408,63.132,42.114,32.413,"(NA)"
"29420","Lake Havasu City-Kingman, AZ (Metropolitan Statistical Area)"," ","800","Quantity indexes for real GDP by metropolitan area","33","326","    Plastics and rubber products manufacturing","(D)","(D)","(D)",56.966,54.131,61.050,65.360,107.246,100.000,113.649,100.576,122.224,125.535,"(NA)"
"29420","Lake Havasu City-Kingman, AZ (Metropolitan Statistical Area)"," ","800","Quantity indexes for real GDP by metropolitan area","34","42","  Wholesale trade",97.959,95.988,97.287,107.799,115.008,138.697,131.945,120.225,100.000,93.592,92.513,91.471,83.089,85.467
"29420","Lake Havasu City-Kingman, AZ (Metropolitan Statistical Area)"," ","800","Quantity indexes for real GDP by metropolitan area","35","44-45","  Retail trade",82.056,90.268,104.161,107.845,119.876,127.729,123.884,108.700,100.000,96.680,97.427,96.369,97.090,99.744
"29420","Lake Havasu City-Kingman, AZ (Metropolitan Statistical Area)"," ","800","Quantity indexes for real GDP by metropolitan area","36","48-49","  Transportation and warehousing",74.307,84.554,100.119,105.333,108.867,115.999,108.214,109.939,100.000,110.168,121.426,121.991,117.429,119.324
"29420","Lake Havasu City-Kingman, AZ (Metropolitan Statistical Area)"," ","800","Quantity indexes for real GDP by metropolitan area","37","481","   Air transportation","(D)","(D)","(D)",0.000,0.000,0.000,0.000,0.000,0.000,"(D)","(D)","(D)",0.000,"(NA)"
"29420","Lake Havasu City-Kingman, AZ (Metropolitan Statistical Area)"," ","800","Quantity indexes for real GDP by metropolitan area","38","482","   Rail transportation",63.244,61.794,79.086,84.771,95.691,111.669,99.401,116.229,100.000,112.289,129.096,134.772,131.279,"(NA)"
"29420","Lake Havasu City-Kingman, AZ (Metropolitan Statistical Area)"," ","800","Quantity indexes for real GDP by metropolitan area","39","483","   Water transportation","(D)","(D)","(D)","(D)","(D)","(D)","(D)","(D)","(D)","(D)","(D)","(D)","(D)","(NA)"
"29420","Lake Havasu City-Kingman, AZ (Metropolitan Statistical Area)"," ","800","Quantity indexes for real GDP by metropolitan area","40","484","   Truck transportation",95.570,105.659,129.695,141.885,137.473,140.927,127.400,111.584,100.000,112.932,141.461,132.690,124.403,"(NA)"
"29420","Lake Havasu City-Kingman, AZ (Metropolitan Statistical Area)"," ","800","Quantity indexes for real GDP by metropolitan area","41","485","   Transit and ground passenger transportation",85.675,106.437,101.806,81.380,84.265,84.095,87.432,101.168,100.000,88.921,70.499,75.808,70.081,"(NA)"
"29420","Lake Havasu City-Kingman, AZ (Metropolitan Statistical Area)"," ","800","Quantity indexes for real GDP by metropolitan area","42","486","   Pipeline transportation","(D)",66.552,66.093,70.875,75.750,77.434,93.812,114.252,100.000,93.301,81.101,90.079,69.590,"(NA)"
"29420","Lake Havasu City-Kingman, AZ (Metropolitan Statistical Area)"," ","800","Quantity indexes for real GDP by metropolitan area","43","487-488, 492","   Other transportation and support activities",67.302,"(D)",86.010,"(D)",99.421,107.342,"(D)",101.843,100.000,114.056,112.383,"(D)","(D)","(NA)"
"29420","Lake Havasu City-Kingman, AZ (Metropolitan Statistical Area)"," ","800","Quantity indexes for real GDP by metropolitan area","44","493","   Warehousing and storage","(D)","(D)","(D)","(D)","(D)","(D)","(D)","(D)","(D)","(D)","(D)","(D)","(D)","(NA)"
"29420","Lake Havasu City-Kingman, AZ (Metropolitan Statistical Area)"," ","800","Quantity indexes for real GDP by metropolitan area","45","51","  Information",67.330,77.009,77.741,85.747,97.451,109.261,118.096,105.276,100.000,102.671,97.238,104.895,100.874,108.077
"29420","Lake Havasu City-Kingman, AZ (Metropolitan Statistical Area)"," ","800","Quantity indexes for real GDP by metropolitan area","46","511","   Publishing industries, except Internet (includes software)","(D)",91.199,94.759,109.493,117.703,118.528,152.701,118.389,100.000,101.487,100.090,95.209,97.520,"(NA)"
"29420","Lake Havasu City-Kingman, AZ (Metropolitan Statistical Area)"," ","800","Quantity indexes for real GDP by metropolitan area","47","512","   Motion picture and sound recording industries",31.275,59.118,52.418,55.492,37.603,52.867,83.473,75.267,100.000,101.204,93.392,72.603,65.161,"(NA)"
"29420","Lake Havasu City-Kingman, AZ (Metropolitan Statistical Area)"," ","800","Quantity indexes for real GDP by metropolitan area","48","515, 517","   Broadcasting and telecommunications",93.702,92.293,93.127,100.620,108.402,123.691,124.255,"(D)",100.000,106.525,115.120,142.012,135.318,"(NA)"
"29420","Lake Havasu City-Kingman, AZ (Metropolitan Statistical Area)"," ","800","Quantity indexes for real GDP by metropolitan area","49","518, 519","   Data processing, internet publishing, and other information services","(D)",10.325,12.044,15.493,73.576,87.821,65.438,"(D)",100.000,92.203,30.872,17.177,14.430,"(NA)"
"29420","Lake Havasu City-Kingman, AZ (Metropolitan Statistical Area)"," ","800","Quantity indexes for real GDP by metropolitan area","50","52, 53","  Finance, insurance, real estate, rental, and leasing",67.453,72.604,82.916,79.810,88.075,108.854,121.327,105.725,100.000,87.425,67.441,67.172,62.415,62.641
"29420","Lake Havasu City-Kingman, AZ (Metropolitan Statistical Area)"," ","800","Quantity indexes for real GDP by metropolitan area","51","52","   Finance and insurance",109.473,119.504,151.554,160.700,182.460,157.459,172.133,133.854,100.000,98.304,97.676,147.780,140.605,125.939
"29420","Lake Havasu City-Kingman, AZ (Metropolitan Statistical Area)"," ","800","Quantity indexes for real GDP by metropolitan area","52","521-522","    Federal Reserve banks, credit intermediation, and related services",76.154,96.957,134.020,121.971,173.091,141.445,176.743,141.068,100.000,81.900,85.556,137.227,128.299,"(NA)"
"29420","Lake Havasu City-Kingman, AZ (Metropolitan Statistical Area)"," ","800","Quantity indexes for real GDP by metropolitan area","53","523","    Securities, commodity contracts, and investments","(D)","(D)","(D)","(D)","(D)","(D)","(D)","(D)","(D)","(D)","(D)","(D)","(D)","(NA)"
"29420","Lake Havasu City-Kingman, AZ (Metropolitan Statistical Area)"," ","800","Quantity indexes for real GDP by metropolitan area","54","524","    Insurance carriers and related activities",173.713,174.140,187.031,243.984,196.354,183.634,166.353,123.804,100.000,130.639,120.357,162.015,152.616,"(NA)"
"29420","Lake Havasu City-Kingman, AZ (Metropolitan Statistical Area)"," ","800","Quantity indexes for real GDP by metropolitan area","55","525","    Funds, trusts, and other financial vehicles","(D)","(D)","(D)","(D)","(D)","(D)","(D)","(D)","(D)","(D)","(D)","(D)","(D)","(NA)"
"29420","Lake Havasu City-Kingman, AZ (Metropolitan Statistical Area)"," ","800","Quantity indexes for real GDP by metropolitan area","56","53","   Real estate and rental and leasing",60.980,65.364,72.175,67.032,73.132,101.489,113.663,101.604,100.000,85.897,63.117,55.458,51.038,53.533
"29420","Lake Havasu City-Kingman, AZ (Metropolitan Statistical Area)"," ","800","Quantity indexes for real GDP by metropolitan area","57","531","    Real estate","(D)","(D)",57.757,57.503,69.999,99.913,119.465,90.639,100.000,86.158,57.815,50.960,40.602,"(NA)"
"29420","Lake Havasu City-Kingman, AZ (Metropolitan Statistical Area)"," ","800","Quantity indexes for real GDP by metropolitan area","58","532-533","    Rental and leasing services and lessors of intangible assets","(D)","(D)",96.395,82.958,78.212,103.857,103.529,119.576,100.000,85.476,71.686,62.727,68.068,"(NA)"
"29420","Lake Havasu City-Kingman, AZ (Metropolitan Statistical Area)"," ","800","Quantity indexes for real GDP by metropolitan area","59","54, 55, 56","  Professional and business services","(D)","(D)","(D)","(D)","(D)","(D)","(D)","(D)","(D)","(D)","(D)","(D)","(D)","(D)"
"29420","Lake Havasu City-Kingman, AZ (Metropolitan Statistical Area)"," ","800","Quantity indexes for real GDP by metropolitan area","60","54","   Professional, scientific, and technical services",138.063,133.625,133.335,130.147,138.982,143.104,138.475,116.971,100.000,90.546,86.923,85.043,101.313,103.551
"29420","Lake Havasu City-Kingman, AZ (Metropolitan Statistical Area)"," ","800","Quantity indexes for real GDP by metropolitan area","64","55","   Management of companies and enterprises","(D)","(D)","(D)","(D)","(D)","(D)","(D)","(D)","(D)","(D)","(D)","(D)","(D)","(D)"
"29420","Lake Havasu City-Kingman, AZ (Metropolitan Statistical Area)"," ","800","Quantity indexes for real GDP by metropolitan area","65","56","   Administrative and waste management services",71.289,70.254,79.636,90.697,100.637,106.913,111.136,104.566,100.000,114.146,122.323,125.938,133.251,140.230
"29420","Lake Havasu City-Kingman, AZ (Metropolitan Statistical Area)"," ","800","Quantity indexes for real GDP by metropolitan area","66","561","    Administrative and support services",62.478,74.525,76.802,88.243,97.307,103.288,107.490,103.207,100.000,117.960,130.829,135.255,142.467,"(NA)"
"29420","Lake Havasu City-Kingman, AZ (Metropolitan Statistical Area)"," ","800","Quantity indexes for real GDP by metropolitan area","67","562","    Waste management and remediation services",130.054,43.073,97.570,106.269,121.778,129.932,134.272,113.104,100.000,90.789,70.917,69.698,77.512,"(NA)"
"29420","Lake Havasu City-Kingman, AZ (Metropolitan Statistical Area)"," ","800","Quantity indexes for real GDP by metropolitan area","68","61, 62","  Educational services, health care, and social assistance",58.344,63.128,64.431,70.182,73.509,84.282,87.960,97.370,100.000,104.414,106.270,102.826,103.379,106.687
"29420","Lake Havasu City-Kingman, AZ (Metropolitan Statistical Area)"," ","800","Quantity indexes for real GDP by metropolitan area","69","61","   Educational services",44.972,66.026,72.077,90.133,92.289,97.773,102.332,111.048,100.000,100.578,92.704,91.227,89.550,88.567
"29420","Lake Havasu City-Kingman, AZ (Metropolitan Statistical Area)"," ","800","Quantity indexes for real GDP by metropolitan area","70","62","   Health care and social assistance",58.857,62.970,64.074,69.308,72.682,83.681,87.320,96.760,100.000,104.586,106.882,103.349,104.006,107.517
"29420","Lake Havasu City-Kingman, AZ (Metropolitan Statistical Area)"," ","800","Quantity indexes for real GDP by metropolitan area","71","621","    Ambulatory health care services",59.751,64.062,62.508,70.108,75.263,87.530,86.179,98.617,100.000,100.417,100.693,97.836,98.954,"(NA)"
"29420","Lake Havasu City-Kingman, AZ (Metropolitan Statistical Area)"," ","800","Quantity indexes for real GDP by metropolitan area","72","622-623","    Hospitals and nursing and residential care facilities",54.026,58.659,62.568,66.401,68.260,77.967,86.865,93.576,100.000,109.029,113.799,109.541,109.826,"(NA)"
"29420","Lake Havasu City-Kingman, AZ (Metropolitan Statistical Area)"," ","800","Quantity indexes for real GDP by metropolitan area","73","624","    Social assistance",133.650,124.661,124.057,111.152,109.957,122.237,117.346,123.873,100.000,95.602,87.489,85.501,85.053,"(NA)"
"29420","Lake Havasu City-Kingman, AZ (Metropolitan Statistical Area)"," ","800","Quantity indexes for real GDP by metropolitan area","74","71, 72","  Arts, entertainment, recreation, accommodation, and food services",90.410,86.028,104.926,111.208,117.739,122.046,120.183,107.104,100.000,97.243,100.829,97.492,103.160,105.118
"29420","Lake Havasu City-Kingman, AZ (Metropolitan Statistical Area)"," ","800","Quantity indexes for real GDP by metropolitan area","75","71","   Arts, entertainment, and recreation",76.554,82.313,93.619,104.407,107.888,105.811,114.670,106.888,100.000,88.224,81.757,99.667,114.418,107.732
"29420","Lake Havasu City-Kingman, AZ (Metropolitan Statistical Area)"," ","800","Quantity indexes for real GDP by metropolitan area","76","711-712","    Performing arts, spectator sports, museums, and related activities",54.715,58.295,77.284,77.441,75.054,76.860,87.148,92.961,100.000,73.792,74.366,80.986,93.110,"(NA)"
"29420","Lake Havasu City-Kingman, AZ (Metropolitan Statistical Area)"," ","800","Quantity indexes for real GDP by metropolitan area","77","713","    Amusements, gambling, and recreation industries",84.777,91.338,100.108,114.712,120.336,116.816,125.157,112.217,100.000,93.798,84.582,106.888,122.654,"(NA)"
"29420","Lake Havasu City-Kingman, AZ (Metropolitan Statistical Area)"," ","800","Quantity indexes for real GDP by metropolitan area","78","72","   Accommodation and food services",93.089,86.717,107.101,112.486,119.611,125.148,121.227,107.144,100.000,98.886,104.296,97.116,101.159,104.647
"29420","Lake Havasu City-Kingman, AZ (Metropolitan Statistical Area)"," ","800","Quantity indexes for real GDP by metropolitan area","79","721","    Accommodation",91.635,91.282,117.424,121.447,117.330,122.582,115.939,109.043,100.000,91.302,102.439,108.648,120.318,"(NA)"
"29420","Lake Havasu City-Kingman, AZ (Metropolitan Statistical Area)"," ","800","Quantity indexes for real GDP by metropolitan area","80","722","    Food services and drinking places",93.724,85.072,103.342,109.227,120.520,126.167,123.278,106.462,100.000,101.461,104.916,93.136,94.578,"(NA)"
"29420","Lake Havasu City-Kingman, AZ (Metropolitan Statistical Area)"," ","800","Quantity indexes for real GDP by metropolitan area","81","81","  Other services, except government",103.287,112.660,106.886,112.111,117.336,127.904,121.462,108.668,100.000,93.855,89.290,90.086,90.208,99.211
"29420","Lake Havasu City-Kingman, AZ (Metropolitan Statistical Area)"," ","800","Quantity indexes for real GDP by metropolitan area","82","92"," Government",91.111,89.900,91.236,92.908,98.040,103.206,107.855,110.030,100.000,105.897,102.682,104.430,101.743,101.250
"29420","Lake Havasu City-Kingman, AZ (Metropolitan Statistical Area)"," ","800","Quantity indexes for real GDP by metropolitan area","83","...","  Federal civilian",108.217,103.613,101.483,105.038,105.135,103.700,103.827,101.144,100.000,115.137,99.961,98.951,90.262,"(NA)"
"29420","Lake Havasu City-Kingman, AZ (Metropolitan Statistical Area)"," ","800","Quantity indexes for real GDP by metropolitan area","84","...","  Federal military",38.747,48.273,67.214,70.850,78.459,69.539,68.818,80.120,100.000,96.520,89.605,83.487,81.963,"(NA)"
"29420","Lake Havasu City-Kingman, AZ (Metropolitan Statistical Area)"," ","800","Quantity indexes for real GDP by metropolitan area","85","...","  State and local",92.679,91.150,91.710,93.051,98.554,105.374,110.863,112.924,100.000,105.551,103.820,106.360,104.214,"(NA)"
"29420","Lake Havasu City-Kingman, AZ (Metropolitan Statistical Area)"," ","800","Quantity indexes for real GDP by metropolitan area","86","11, 21","Natural resources and mining","(D)","(D)","(D)","(D)","(D)","(D)","(D)","(D)","(D)","(D)","(D)","(D)","(D)","(D)"
"29420","Lake Havasu City-Kingman, AZ (Metropolitan Statistical Area)"," ","800","Quantity indexes for real GDP by metropolitan area","87","42, 44-45","Trade",84.238,91.078,103.280,107.889,119.270,129.286,125.043,110.325,100.000,96.230,96.709,95.654,95.032,97.646
"29420","Lake Havasu City-Kingman, AZ (Metropolitan Statistical Area)"," ","800","Quantity indexes for real GDP by metropolitan area","88","...","Transportation and utilities",86.727,103.587,103.197,112.083,107.520,115.988,110.831,106.450,100.000,108.643,118.168,111.392,134.736,131.928
"29420","Lake Havasu City-Kingman, AZ (Metropolitan Statistical Area)"," ","800","Quantity indexes for real GDP by metropolitan area","89","...","Private goods-producing industries","(D)","(D)","(D)","(D)","(D)","(D)","(D)","(D)","(D)","(D)","(D)","(D)","(D)","(D)"
"29420","Lake Havasu City-Kingman, AZ (Metropolitan Statistical Area)"," ","800","Quantity indexes for real GDP by metropolitan area","90","...","Private services-providing industries","(D)","(D)","(D)","(D)","(D)","(D)","(D)","(D)","(D)","(D)","(D)","(D)","(D)","(D)"
"29420","Lake Havasu City-Kingman, AZ (Metropolitan Statistical Area)"," ","900","Real GDP by metropolitan area","1","...","All industry total",3081,3267,3496,3644,3947,4321,4355,4002,3615,3610,3531,3455,3479,3532
"29420","Lake Havasu City-Kingman, AZ (Metropolitan Statistical Area)"," ","900","Real GDP by metropolitan area","2","..."," Private industries",2578,2768,2988,3126,3400,3744,3753,3389,3057,3020,2959,2873,2912,2968
"29420","Lake Havasu City-Kingman, AZ (Metropolitan Statistical Area)"," ","900","Real GDP by metropolitan area","3","11","  Agriculture, forestry, fishing, and hunting","(D)","(D)",17,19,20,"(D)","(D)","(D)","(D)","(D)",21,9,"(D)","(D)"
"29420","Lake Havasu City-Kingman, AZ (Metropolitan Statistical Area)"," ","900","Real GDP by metropolitan area","4","111-112","   Farms",11,9,14,17,17,18,9,8,2,13,19,8,11,"(NA)"
"29420","Lake Havasu City-Kingman, AZ (Metropolitan Statistical Area)"," ","900","Real GDP by metropolitan area","5","113-115","   Forestry, fishing, and related activities","(D)","(D)",2,2,2,"(D)","(D)","(D)","(D)","(D)",2,2,"(D)","(NA)"
"29420","Lake Havasu City-Kingman, AZ (Metropolitan Statistical Area)"," ","900","Real GDP by metropolitan area","6","21","  Mining","(D)","(D)",34,37,33,"(D)",54,72,93,145,204,176,155,159
"29420","Lake Havasu City-Kingman, AZ (Metropolitan Statistical Area)"," ","900","Real GDP by metropolitan area","7","211","   Oil and gas extraction","(D)","(D)","(L)","(L)","(L)","(L)","(L)","(L)","(L)","(L)","(L)","(L)","(L)","(NA)"
"29420","Lake Havasu City-Kingman, AZ (Metropolitan Statistical Area)"," ","900","Real GDP by metropolitan area","8","212","   Mining, except oil and gas",23,27,"(D)","(D)","(D)","(D)","(D)",71,93,144,203,175,154,"(NA)"
"29420","Lake Havasu City-Kingman, AZ (Metropolitan Statistical Area)"," ","900","Real GDP by metropolitan area","9","213","   Support activities for mining","(D)","(D)","(D)","(D)","(D)","(D)","(D)",1,1,1,1,1,1,"(NA)"
"29420","Lake Havasu City-Kingman, AZ (Metropolitan Statistical Area)"," ","900","Real GDP by metropolitan area","10","22","  Utilities",95,119,99,111,98,107,105,95,92,99,106,91,146,138
"29420","Lake Havasu City-Kingman, AZ (Metropolitan Statistical Area)"," ","900","Real GDP by metropolitan area","11","23","  Construction",399,438,442,468,534,524,444,361,204,171,140,129,151,137
"29420","Lake Havasu City-Kingman, AZ (Metropolitan Statistical Area)"," ","900","Real GDP by metropolitan area","12","31-33","  Manufacturing",213,228,246,270,302,334,365,295,250,245,236,243,239,245
"29420","Lake Havasu City-Kingman, AZ (Metropolitan Statistical Area)"," ","900","Real GDP by metropolitan area","13","...","   Durable goods manufacturing",168,179,197,208,230,250,270,200,159,161,169,171,166,166
"29420","Lake Havasu City-Kingman, AZ (Metropolitan Statistical Area)"," ","900","Real GDP by metropolitan area","14","321","    Wood products manufacturing",10,8,8,11,12,10,9,8,7,5,5,3,"(D)","(NA)"
"29420","Lake Havasu City-Kingman, AZ (Metropolitan Statistical Area)"," ","900","Real GDP by metropolitan area","15","327","    Nonmetallic mineral products manufacturing",22,37,44,46,50,55,70,44,30,32,30,32,24,"(NA)"
"29420","Lake Havasu City-Kingman, AZ (Metropolitan Statistical Area)"," ","900","Real GDP by metropolitan area","16","331","    Primary metals manufacturing",18,"(D)","(D)","(D)","(D)","(D)","(D)","(D)","(D)","(D)","(D)",18,27,"(NA)"
"29420","Lake Havasu City-Kingman, AZ (Metropolitan Statistical Area)"," ","900","Real GDP by metropolitan area","17","332","    Fabricated metal products",18,23,21,23,27,28,42,48,31,32,30,34,28,"(NA)"
"29420","Lake Havasu City-Kingman, AZ (Metropolitan Statistical Area)"," ","900","Real GDP by metropolitan area","18","333","    Machinery manufacturing",3,4,5,4,5,5,5,"(D)","(D)",6,6,5,5,"(NA)"
"29420","Lake Havasu City-Kingman, AZ (Metropolitan Statistical Area)"," ","900","Real GDP by metropolitan area","19","334","    Computer and electronic products manufacturing","(D)","(D)","(D)",1,1,1,"(D)","(D)","(D)","(D)","(D)","(D)","(D)","(NA)"
"29420","Lake Havasu City-Kingman, AZ (Metropolitan Statistical Area)"," ","900","Real GDP by metropolitan area","20","335","    Electrical equipment, appliance, and components manufacturing",4,5,"(D)","(D)","(D)","(D)","(D)","(D)","(D)","(D)","(D)","(D)","(L)","(NA)"
"29420","Lake Havasu City-Kingman, AZ (Metropolitan Statistical Area)"," ","900","Real GDP by metropolitan area","21","3361-3363","    Motor vehicles, bodies and trailers, and parts manufacturing","(D)","(D)","(D)","(D)","(D)","(D)","(D)","(D)","(D)","(D)","(D)","(D)",7,"(NA)"
"29420","Lake Havasu City-Kingman, AZ (Metropolitan Statistical Area)"," ","900","Real GDP by metropolitan area","22","3364-3366, 3369","    Other transportation equipment manufacturing","(D)","(D)","(D)","(D)","(D)","(D)","(D)","(D)","(D)",12,12,14,"(D)","(NA)"
"29420","Lake Havasu City-Kingman, AZ (Metropolitan Statistical Area)"," ","900","Real GDP by metropolitan area","23","337","    Furniture and related products manufacturing",27,25,28,35,40,44,28,22,26,23,22,24,28,"(NA)"
"29420","Lake Havasu City-Kingman, AZ (Metropolitan Statistical Area)"," ","900","Real GDP by metropolitan area","24","339","    Miscellaneous manufacturing",21,25,25,24,28,33,22,19,21,25,25,22,22,"(NA)"
"29420","Lake Havasu City-Kingman, AZ (Metropolitan Statistical Area)"," ","900","Real GDP by metropolitan area","25","...","   Nondurable goods manufacturing",44,48,47,60,72,84,95,95,91,85,68,73,73,79
"29420","Lake Havasu City-Kingman, AZ (Metropolitan Statistical Area)"," ","900","Real GDP by metropolitan area","26","311-312","    Food and beverage and tobacco products manufacturing",2,1,1,2,3,"(D)","(D)","(D)",4,"(D)",5,4,"(D)","(NA)"
"29420","Lake Havasu City-Kingman, AZ (Metropolitan Statistical Area)"," ","900","Real GDP by metropolitan area","27","313-314","    Textile mills and textile product mills","(D)","(D)","(D)",2,2,2,2,"(D)","(D)",2,1,3,2,"(NA)"
"29420","Lake Havasu City-Kingman, AZ (Metropolitan Statistical Area)"," ","900","Real GDP by metropolitan area","28","315-316","    Apparel and leather and allied products manufacturing","(D)","(D)","(D)","(D)","(L)","(L)","(D)","(L)","(L)","(D)","(D)","(D)","(D)","(NA)"
"29420","Lake Havasu City-Kingman, AZ (Metropolitan Statistical Area)"," ","900","Real GDP by metropolitan area","29","322","    Paper products manufacturing","(L)","(L)","(L)","(L)","(D)","(D)","(D)","(D)","(D)","(D)","(D)","(D)","(D)","(NA)"
"29420","Lake Havasu City-Kingman, AZ (Metropolitan Statistical Area)"," ","900","Real GDP by metropolitan area","30","323","    Printing and related support activities",5,6,6,7,8,8,7,5,5,5,5,4,5,"(NA)"
"29420","Lake Havasu City-Kingman, AZ (Metropolitan Statistical Area)"," ","900","Real GDP by metropolitan area","31","324","    Petroleum and coal products manufacturing","(D)","(D)","(D)","(D)","(D)","(D)","(D)","(D)","(D)","(D)","(D)","(D)","(D)","(NA)"
"29420","Lake Havasu City-Kingman, AZ (Metropolitan Statistical Area)"," ","900","Real GDP by metropolitan area","32","325","    Chemical products manufacturing",10,7,8,9,14,14,21,17,15,11,10,6,5,"(NA)"
"29420","Lake Havasu City-Kingman, AZ (Metropolitan Statistical Area)"," ","900","Real GDP by metropolitan area","33","326","    Plastics and rubber products manufacturing","(D)","(D)","(D)",25,23,26,28,46,43,49,43,53,54,"(NA)"
"29420","Lake Havasu City-Kingman, AZ (Metropolitan Statistical Area)"," ","900","Real GDP by metropolitan area","34","42","  Wholesale trade",81,79,80,89,95,114,109,99,82,77,76,75,68,70
"29420","Lake Havasu City-Kingman, AZ (Metropolitan Statistical Area)"," ","900","Real GDP by metropolitan area","35","44-45","  Retail trade",400,440,507,525,584,622,603,529,487,471,474,469,473,486
"29420","Lake Havasu City-Kingman, AZ (Metropolitan Statistical Area)"," ","900","Real GDP by metropolitan area","36","48-49","  Transportation and warehousing",77,88,104,110,113,121,113,114,104,115,126,127,122,124
"29420","Lake Havasu City-Kingman, AZ (Metropolitan Statistical Area)"," ","900","Real GDP by metropolitan area","37","481","   Air transportation","(D)","(D)","(D)","(L)","(L)","(L)","(L)","(L)","(L)","(D)","(D)","(D)","(L)","(NA)"
"29420","Lake Havasu City-Kingman, AZ (Metropolitan Statistical Area)"," ","900","Real GDP by metropolitan area","38","482","   Rail transportation",17,17,22,23,26,30,27,32,27,31,35,37,36,"(NA)"
"29420","Lake Havasu City-Kingman, AZ (Metropolitan Statistical Area)"," ","900","Real GDP by metropolitan area","39","483","   Water transportation","(L)","(L)","(L)","(L)","(L)","(L)","(L)","(D)","(D)","(D)","(D)","(D)","(D)","(NA)"
"29420","Lake Havasu City-Kingman, AZ (Metropolitan Statistical Area)"," ","900","Real GDP by metropolitan area","40","484","   Truck transportation",33,37,45,49,48,49,44,39,35,39,49,46,43,"(NA)"
"29420","Lake Havasu City-Kingman, AZ (Metropolitan Statistical Area)"," ","900","Real GDP by metropolitan area","41","485","   Transit and ground passenger transportation",4,5,5,4,4,4,4,5,5,5,4,4,4,"(NA)"
"29420","Lake Havasu City-Kingman, AZ (Metropolitan Statistical Area)"," ","900","Real GDP by metropolitan area","42","486","   Pipeline transportation","(D)",7,7,7,8,8,10,12,11,10,9,10,7,"(NA)"
"29420","Lake Havasu City-Kingman, AZ (Metropolitan Statistical Area)"," ","900","Real GDP by metropolitan area","43","487-488, 492","   Other transportation and support activities",16,"(D)",21,"(D)",24,26,"(D)",24,24,27,27,"(D)","(D)","(NA)"
"29420","Lake Havasu City-Kingman, AZ (Metropolitan Statistical Area)"," ","900","Real GDP by metropolitan area","44","493","   Warehousing and storage","(D)","(D)","(D)","(D)",3,3,"(D)","(D)","(D)",3,3,3,3,"(NA)"
"29420","Lake Havasu City-Kingman, AZ (Metropolitan Statistical Area)"," ","900","Real GDP by metropolitan area","45","51","  Information",65,74,75,83,94,106,114,102,97,99,94,101,97,104
"29420","Lake Havasu City-Kingman, AZ (Metropolitan Statistical Area)"," ","900","Real GDP by metropolitan area","46","511","   Publishing industries, except Internet (includes software)","(D)",22,22,26,28,28,36,28,24,24,24,23,23,"(NA)"
"29420","Lake Havasu City-Kingman, AZ (Metropolitan Statistical Area)"," ","900","Real GDP by metropolitan area","47","512","   Motion picture and sound recording industries",4,7,6,7,4,6,10,9,12,12,11,9,8,"(NA)"
"29420","Lake Havasu City-Kingman, AZ (Metropolitan Statistical Area)"," ","900","Real GDP by metropolitan area","48","515, 517","   Broadcasting and telecommunications",45,44,45,48,52,59,59,"(D)",48,51,55,68,65,"(NA)"
"29420","Lake Havasu City-Kingman, AZ (Metropolitan Statistical Area)"," ","900","Real GDP by metropolitan area","49","518, 519","   Data processing, internet publishing, and other information services","(D)",1,2,2,10,12,9,"(D)",13,12,4,2,2,"(NA)"
"29420","Lake Havasu City-Kingman, AZ (Metropolitan Statistical Area)"," ","900","Real GDP by metropolitan area","50","52, 53","  Finance, insurance, real estate, rental, and leasing",436,469,536,515,569,703,784,683,646,565,436,434,403,405
"29420","Lake Havasu City-Kingman, AZ (Metropolitan Statistical Area)"," ","900","Real GDP by metropolitan area","51","52","   Finance and insurance",85,93,118,125,142,123,134,104,78,77,76,115,110,98
"29420","Lake Havasu City-Kingman, AZ (Metropolitan Statistical Area)"," ","900","Real GDP by metropolitan area","52","521-522","    Federal Reserve banks, credit intermediation, and related services",38,48,66,60,86,70,88,70,50,41,42,68,64,"(NA)"
"29420","Lake Havasu City-Kingman, AZ (Metropolitan Statistical Area)"," ","900","Real GDP by metropolitan area","53","523","    Securities, commodity contracts, and investments","(D)","(D)","(D)","(D)",5,"(D)","(D)","(D)","(D)","(D)","(D)","(D)",4,"(NA)"
"29420","Lake Havasu City-Kingman, AZ (Metropolitan Statistical Area)"," ","900","Real GDP by metropolitan area","54","524","    Insurance carriers and related activities",44,45,48,62,50,47,43,32,26,33,31,41,39,"(NA)"
"29420","Lake Havasu City-Kingman, AZ (Metropolitan Statistical Area)"," ","900","Real GDP by metropolitan area","55","525","    Funds, trusts, and other financial vehicles","(D)","(D)","(D)","(D)",2,"(D)","(D)","(D)","(D)","(D)","(D)","(D)",3,"(NA)"
"29420","Lake Havasu City-Kingman, AZ (Metropolitan Statistical Area)"," ","900","Real GDP by metropolitan area","56","53","   Real estate and rental and leasing",346,371,410,381,415,576,646,577,568,488,358,315,290,304
"29420","Lake Havasu City-Kingman, AZ (Metropolitan Statistical Area)"," ","900","Real GDP by metropolitan area","57","531","    Real estate","(D)","(D)",203,202,246,351,419,318,351,303,203,179,143,"(NA)"
"29420","Lake Havasu City-Kingman, AZ (Metropolitan Statistical Area)"," ","900","Real GDP by metropolitan area","58","532-533","    Rental and leasing services and lessors of intangible assets","(D)","(D)",209,180,170,225,224,259,217,185,155,136,148,"(NA)"
"29420","Lake Havasu City-Kingman, AZ (Metropolitan Statistical Area)"," ","900","Real GDP by metropolitan area","59","54, 55, 56","  Professional and business services",188,184,194,202,219,230,"(D)","(D)","(D)","(D)",195,197,"(D)","(D)"
"29420","Lake Havasu City-Kingman, AZ (Metropolitan Statistical Area)"," ","900","Real GDP by metropolitan area","60","54","   Professional, scientific, and technical services",106,103,102,100,107,110,106,90,77,70,67,65,78,80
"29420","Lake Havasu City-Kingman, AZ (Metropolitan Statistical Area)"," ","900","Real GDP by metropolitan area","64","55","   Management of companies and enterprises",11,12,13,11,11,13,"(D)","(D)","(D)","(D)",5,6,"(D)","(D)"
"29420","Lake Havasu City-Kingman, AZ (Metropolitan Statistical Area)"," ","900","Real GDP by metropolitan area","65","56","   Administrative and waste management services",72,71,80,91,101,108,112,105,101,115,123,127,134,141
"29420","Lake Havasu City-Kingman, AZ (Metropolitan Statistical Area)"," ","900","Real GDP by metropolitan area","66","561","    Administrative and support services",54,65,67,77,84,90,93,90,87,102,114,117,124,"(NA)"
"29420","Lake Havasu City-Kingman, AZ (Metropolitan Statistical Area)"," ","900","Real GDP by metropolitan area","67","562","    Waste management and remediation services",18,6,14,15,17,18,19,16,14,13,10,10,11,"(NA)"
"29420","Lake Havasu City-Kingman, AZ (Metropolitan Statistical Area)"," ","900","Real GDP by metropolitan area","68","61, 62","  Educational services, health care, and social assistance",299,323,330,359,376,431,450,498,512,534,544,526,529,546
"29420","Lake Havasu City-Kingman, AZ (Metropolitan Statistical Area)"," ","900","Real GDP by metropolitan area","69","61","   Educational services",10,14,16,20,20,21,22,24,22,22,20,20,20,19
"29420","Lake Havasu City-Kingman, AZ (Metropolitan Statistical Area)"," ","900","Real GDP by metropolitan area","70","62","   Health care and social assistance",288,308,314,339,356,410,428,474,490,512,524,506,509,527
"29420","Lake Havasu City-Kingman, AZ (Metropolitan Statistical Area)"," ","900","Real GDP by metropolitan area","71","621","    Ambulatory health care services",139,149,145,163,175,204,200,229,233,234,234,228,230,"(NA)"
"29420","Lake Havasu City-Kingman, AZ (Metropolitan Statistical Area)"," ","900","Real GDP by metropolitan area","72","622-623","    Hospitals and nursing and residential care facilities",132,143,153,162,167,191,212,229,245,267,278,268,269,"(NA)"
"29420","Lake Havasu City-Kingman, AZ (Metropolitan Statistical Area)"," ","900","Real GDP by metropolitan area","73","624","    Social assistance",17,16,16,14,14,15,15,16,13,12,11,11,11,"(NA)"
"29420","Lake Havasu City-Kingman, AZ (Metropolitan Statistical Area)"," ","900","Real GDP by metropolitan area","74","71, 72","  Arts, entertainment, recreation, accommodation, and food services",161,154,187,199,210,218,215,191,179,174,180,174,184,188
"29420","Lake Havasu City-Kingman, AZ (Metropolitan Statistical Area)"," ","900","Real GDP by metropolitan area","75","71","   Arts, entertainment, and recreation",21,23,26,29,30,29,32,30,28,24,23,28,32,30
"29420","Lake Havasu City-Kingman, AZ (Metropolitan Statistical Area)"," ","900","Real GDP by metropolitan area","76","711-712","    Performing arts, spectator sports, museums, and related activities",4,4,6,6,6,6,7,7,8,6,6,6,7,"(NA)"
"29420","Lake Havasu City-Kingman, AZ (Metropolitan Statistical Area)"," ","900","Real GDP by metropolitan area","77","713","    Amusements, gambling, and recreation industries",17,18,20,23,24,23,25,22,20,19,17,21,25,"(NA)"
"29420","Lake Havasu City-Kingman, AZ (Metropolitan Statistical Area)"," ","900","Real GDP by metropolitan area","78","72","   Accommodation and food services",140,131,162,170,180,189,183,162,151,149,157,147,153,158
"29420","Lake Havasu City-Kingman, AZ (Metropolitan Statistical Area)"," ","900","Real GDP by metropolitan area","79","721","    Accommodation",35,35,45,47,45,47,45,42,38,35,39,42,46,"(NA)"
"29420","Lake Havasu City-Kingman, AZ (Metropolitan Statistical Area)"," ","900","Real GDP by metropolitan area","80","722","    Food services and drinking places",105,96,116,123,136,142,139,120,112,114,118,105,106,"(NA)"
"29420","Lake Havasu City-Kingman, AZ (Metropolitan Statistical Area)"," ","900","Real GDP by metropolitan area","81","81","  Other services, except government",129,140,133,140,146,159,151,135,125,117,111,112,112,124
"29420","Lake Havasu City-Kingman, AZ (Metropolitan Statistical Area)"," ","900","Real GDP by metropolitan area","82","92"," Government",508,501,508,518,546,575,601,613,557,590,572,582,567,564
"29420","Lake Havasu City-Kingman, AZ (Metropolitan Statistical Area)"," ","900","Real GDP by metropolitan area","83","...","  Federal civilian",53,51,50,51,51,51,51,50,49,56,49,48,44,"(NA)"
"29420","Lake Havasu City-Kingman, AZ (Metropolitan Statistical Area)"," ","900","Real GDP by metropolitan area","84","...","  Federal military",12,15,21,22,24,22,21,25,31,30,28,26,25,"(NA)"
"29420","Lake Havasu City-Kingman, AZ (Metropolitan Statistical Area)"," ","900","Real GDP by metropolitan area","85","...","  State and local",442,435,438,444,470,503,529,539,477,504,495,508,497,"(NA)"
"29420","Lake Havasu City-Kingman, AZ (Metropolitan Statistical Area)"," ","900","Real GDP by metropolitan area","86","11, 21","Natural resources and mining",42,39,54,61,59,71,"(D)","(D)","(D)","(D)",225,184,"(D)","(D)"
"29420","Lake Havasu City-Kingman, AZ (Metropolitan Statistical Area)"," ","900","Real GDP by metropolitan area","87","42, 44-45","Trade",480,518,588,614,679,736,712,628,569,548,551,545,541,556
"29420","Lake Havasu City-Kingman, AZ (Metropolitan Statistical Area)"," ","900","Real GDP by metropolitan area","88","...","Transportation and utilities",170,204,203,220,211,228,218,209,196,213,232,219,265,259
"29420","Lake Havasu City-Kingman, AZ (Metropolitan Statistical Area)"," ","900","Real GDP by metropolitan area","89","...","Private goods-producing industries",656,707,743,800,899,932,"(D)","(D)","(D)","(D)",614,564,"(D)","(D)"
"29420","Lake Havasu City-Kingman, AZ (Metropolitan Statistical Area)"," ","900","Real GDP by metropolitan area","90","...","Private services-providing industries",1920,2059,2241,2324,2501,2810,"(D)","(D)","(D)","(D)",2343,2309,"(D)","(D)"
"29420","Lake Havasu City-Kingman, AZ (Metropolitan Statistical Area)"," ","1000","Per capita real GDP by metropolitan area","1","...","All industry total",19218,19661,20251,20186,20906,22025,21799,20000,18100,18040,17447,17009,17136,17370
"Note: See the included footnote file."
NAICS Industry detail is based on the 2007 North American Industry Classification System (NAICS).
"Source: U.S. Department of Commerce / Bureau of Economic Analysis / Regional Product Division"
