"26580","Huntington-Ashland, WV-KY-OH (Metropolitan Statistical Area)"," ","200","Gross domestic product (GDP) by metropolitan area","1","...","All industry total",8309,8659,9016,9624,10311,10963,11455,12073,12154,12569,12913,13269,14016,14376
"26580","Huntington-Ashland, WV-KY-OH (Metropolitan Statistical Area)"," ","200","Gross domestic product (GDP) by metropolitan area","2","..."," Private industries",7184,7465,7756,8311,8920,9499,9946,10492,10501,10891,11224,11547,12290,12636
"26580","Huntington-Ashland, WV-KY-OH (Metropolitan Statistical Area)"," ","200","Gross domestic product (GDP) by metropolitan area","3","11","  Agriculture, forestry, fishing, and hunting","(D)","(D)","(D)","(D)","(D)","(D)","(D)","(D)","(D)","(D)","(D)","(D)",17,21
"26580","Huntington-Ashland, WV-KY-OH (Metropolitan Statistical Area)"," ","200","Gross domestic product (GDP) by metropolitan area","4","111-112","   Farms",3,13,6,5,6,7,4,6,5,4,8,9,14,"(NA)"
"26580","Huntington-Ashland, WV-KY-OH (Metropolitan Statistical Area)"," ","200","Gross domestic product (GDP) by metropolitan area","5","113-115","   Forestry, fishing, and related activities","(D)","(D)","(D)","(D)","(D)","(D)","(D)","(D)","(D)","(D)","(D)","(D)",3,"(NA)"
"26580","Huntington-Ashland, WV-KY-OH (Metropolitan Statistical Area)"," ","200","Gross domestic product (GDP) by metropolitan area","6","21","  Mining","(D)","(D)","(D)","(D)","(D)","(D)","(D)","(D)","(D)","(D)","(D)","(D)",558,598
"26580","Huntington-Ashland, WV-KY-OH (Metropolitan Statistical Area)"," ","200","Gross domestic product (GDP) by metropolitan area","7","211","   Oil and gas extraction","(D)","(D)","(D)","(D)","(D)","(D)","(D)","(D)","(D)","(D)","(D)","(D)",143,"(NA)"
"26580","Huntington-Ashland, WV-KY-OH (Metropolitan Statistical Area)"," ","200","Gross domestic product (GDP) by metropolitan area","8","212","   Mining, except oil and gas","(D)","(D)","(D)","(D)","(D)","(D)","(D)","(D)","(D)","(D)","(D)","(D)","(D)","(NA)"
"26580","Huntington-Ashland, WV-KY-OH (Metropolitan Statistical Area)"," ","200","Gross domestic product (GDP) by metropolitan area","9","213","   Support activities for mining","(D)","(D)","(D)","(D)","(D)","(D)","(D)","(D)","(D)","(D)","(D)","(D)","(D)","(NA)"
"26580","Huntington-Ashland, WV-KY-OH (Metropolitan Statistical Area)"," ","200","Gross domestic product (GDP) by metropolitan area","10","22","  Utilities","(D)","(D)","(D)","(D)","(D)","(D)","(D)","(D)","(D)","(D)","(D)","(D)",317,319
"26580","Huntington-Ashland, WV-KY-OH (Metropolitan Statistical Area)"," ","200","Gross domestic product (GDP) by metropolitan area","11","23","  Construction",464,398,522,"(D)",600,"(D)",712,810,673,"(D)",646,761,756,788
"26580","Huntington-Ashland, WV-KY-OH (Metropolitan Statistical Area)"," ","200","Gross domestic product (GDP) by metropolitan area","12","31-33","  Manufacturing",1417,1502,1526,1728,1953,2131,2132,2185,2168,"(D)","(D)","(D)",3054,3205
"26580","Huntington-Ashland, WV-KY-OH (Metropolitan Statistical Area)"," ","200","Gross domestic product (GDP) by metropolitan area","13","...","   Durable goods manufacturing",587,"(D)","(D)","(D)","(D)","(D)","(D)","(D)","(D)","(D)","(D)","(D)",1326,"(D)"
"26580","Huntington-Ashland, WV-KY-OH (Metropolitan Statistical Area)"," ","200","Gross domestic product (GDP) by metropolitan area","14","321","    Wood products manufacturing","(D)","(D)","(D)","(D)","(D)","(D)","(D)","(D)","(D)","(D)","(D)","(D)",19,"(NA)"
"26580","Huntington-Ashland, WV-KY-OH (Metropolitan Statistical Area)"," ","200","Gross domestic product (GDP) by metropolitan area","15","327","    Nonmetallic mineral products manufacturing","(D)","(D)","(D)","(D)","(D)","(D)","(D)","(D)","(D)","(D)","(D)","(D)",46,"(NA)"
"26580","Huntington-Ashland, WV-KY-OH (Metropolitan Statistical Area)"," ","200","Gross domestic product (GDP) by metropolitan area","16","331","    Primary metals manufacturing","(D)","(D)",299,308,428,497,"(D)","(D)",221,"(D)","(D)","(D)",464,"(NA)"
"26580","Huntington-Ashland, WV-KY-OH (Metropolitan Statistical Area)"," ","200","Gross domestic product (GDP) by metropolitan area","17","332","    Fabricated metal products","(D)","(D)","(D)","(D)","(D)","(D)","(D)","(D)","(D)","(D)",112,116,114,"(NA)"
"26580","Huntington-Ashland, WV-KY-OH (Metropolitan Statistical Area)"," ","200","Gross domestic product (GDP) by metropolitan area","18","333","    Machinery manufacturing","(D)","(D)","(D)","(D)","(D)","(D)","(D)","(D)","(D)","(D)","(D)","(D)",62,"(NA)"
"26580","Huntington-Ashland, WV-KY-OH (Metropolitan Statistical Area)"," ","200","Gross domestic product (GDP) by metropolitan area","19","334","    Computer and electronic products manufacturing","(D)","(D)","(D)","(D)","(D)","(D)","(D)","(D)","(D)","(D)","(D)","(D)","(D)","(NA)"
"26580","Huntington-Ashland, WV-KY-OH (Metropolitan Statistical Area)"," ","200","Gross domestic product (GDP) by metropolitan area","20","335","    Electrical equipment, appliance, and components manufacturing","(D)","(D)","(D)","(D)","(D)","(D)","(D)","(D)","(D)","(D)","(D)","(D)",17,"(NA)"
"26580","Huntington-Ashland, WV-KY-OH (Metropolitan Statistical Area)"," ","200","Gross domestic product (GDP) by metropolitan area","21","3361-3363","    Motor vehicles, bodies and trailers, and parts manufacturing","(D)","(D)","(D)","(D)","(D)","(D)","(D)","(D)","(D)","(D)","(D)","(D)","(D)","(NA)"
"26580","Huntington-Ashland, WV-KY-OH (Metropolitan Statistical Area)"," ","200","Gross domestic product (GDP) by metropolitan area","22","3364-3366, 3369","    Other transportation equipment manufacturing","(D)","(D)","(D)","(D)","(D)","(D)","(D)","(D)","(D)","(D)","(D)","(D)",15,"(NA)"
"26580","Huntington-Ashland, WV-KY-OH (Metropolitan Statistical Area)"," ","200","Gross domestic product (GDP) by metropolitan area","23","337","    Furniture and related products manufacturing","(D)","(D)","(D)","(D)","(D)","(D)","(D)","(D)","(D)","(D)","(D)","(D)",4,"(NA)"
"26580","Huntington-Ashland, WV-KY-OH (Metropolitan Statistical Area)"," ","200","Gross domestic product (GDP) by metropolitan area","24","339","    Miscellaneous manufacturing","(D)","(D)","(D)","(D)","(D)","(D)","(D)","(D)","(D)","(D)","(D)","(D)",81,"(NA)"
"26580","Huntington-Ashland, WV-KY-OH (Metropolitan Statistical Area)"," ","200","Gross domestic product (GDP) by metropolitan area","25","...","   Nondurable goods manufacturing",830,"(D)","(D)","(D)","(D)","(D)","(D)","(D)","(D)","(D)","(D)","(D)",1728,"(D)"
"26580","Huntington-Ashland, WV-KY-OH (Metropolitan Statistical Area)"," ","200","Gross domestic product (GDP) by metropolitan area","26","311-312","    Food and beverage and tobacco products manufacturing","(D)","(D)","(D)","(D)","(D)","(D)","(D)","(D)","(D)","(D)","(D)","(D)",46,"(NA)"
"26580","Huntington-Ashland, WV-KY-OH (Metropolitan Statistical Area)"," ","200","Gross domestic product (GDP) by metropolitan area","27","313-314","    Textile mills and textile product mills","(D)","(D)","(D)",1,"(D)","(D)","(D)","(D)","(D)","(D)","(D)","(D)",1,"(NA)"
"26580","Huntington-Ashland, WV-KY-OH (Metropolitan Statistical Area)"," ","200","Gross domestic product (GDP) by metropolitan area","28","315-316","    Apparel and leather and allied products manufacturing","(D)","(D)","(D)","(D)","(D)","(D)","(D)","(D)","(D)","(D)","(D)","(D)","(D)","(NA)"
"26580","Huntington-Ashland, WV-KY-OH (Metropolitan Statistical Area)"," ","200","Gross domestic product (GDP) by metropolitan area","29","322","    Paper products manufacturing","(D)","(D)","(D)","(D)","(D)","(D)","(D)","(D)","(D)","(D)","(D)","(D)","(D)","(NA)"
"26580","Huntington-Ashland, WV-KY-OH (Metropolitan Statistical Area)"," ","200","Gross domestic product (GDP) by metropolitan area","30","323","    Printing and related support activities","(D)","(D)","(D)","(D)","(D)","(D)","(D)","(D)","(D)","(D)","(D)","(D)",19,"(NA)"
"26580","Huntington-Ashland, WV-KY-OH (Metropolitan Statistical Area)"," ","200","Gross domestic product (GDP) by metropolitan area","31","324","    Petroleum and coal products manufacturing","(D)","(D)","(D)","(D)","(D)","(D)","(D)","(D)","(D)","(D)","(D)","(D)","(D)","(NA)"
"26580","Huntington-Ashland, WV-KY-OH (Metropolitan Statistical Area)"," ","200","Gross domestic product (GDP) by metropolitan area","32","325","    Chemical products manufacturing","(D)","(D)","(D)","(D)","(D)","(D)","(D)","(D)","(D)","(D)","(D)","(D)","(D)","(NA)"
"26580","Huntington-Ashland, WV-KY-OH (Metropolitan Statistical Area)"," ","200","Gross domestic product (GDP) by metropolitan area","33","326","    Plastics and rubber products manufacturing","(D)","(D)","(D)","(D)","(D)","(D)","(D)","(D)","(D)","(D)","(D)","(D)",41,"(NA)"
"26580","Huntington-Ashland, WV-KY-OH (Metropolitan Statistical Area)"," ","200","Gross domestic product (GDP) by metropolitan area","34","42","  Wholesale trade","(D)","(D)","(D)","(D)","(D)","(D)","(D)","(D)","(D)","(D)","(D)","(D)",802,805
"26580","Huntington-Ashland, WV-KY-OH (Metropolitan Statistical Area)"," ","200","Gross domestic product (GDP) by metropolitan area","35","44-45","  Retail trade",689,715,750,776,823,838,842,854,860,883,908,924,937,947
"26580","Huntington-Ashland, WV-KY-OH (Metropolitan Statistical Area)"," ","200","Gross domestic product (GDP) by metropolitan area","36","48-49","  Transportation and warehousing",466,"(D)",479,518,575,608,"(D)","(D)","(D)",640,670,712,719,731
"26580","Huntington-Ashland, WV-KY-OH (Metropolitan Statistical Area)"," ","200","Gross domestic product (GDP) by metropolitan area","37","481","   Air transportation","(D)","(D)","(D)","(D)","(D)","(D)","(D)","(D)","(D)","(D)","(D)","(D)","(D)","(NA)"
"26580","Huntington-Ashland, WV-KY-OH (Metropolitan Statistical Area)"," ","200","Gross domestic product (GDP) by metropolitan area","38","482","   Rail transportation","(D)",173,181,189,206,225,226,280,252,258,280,305,303,"(NA)"
"26580","Huntington-Ashland, WV-KY-OH (Metropolitan Statistical Area)"," ","200","Gross domestic product (GDP) by metropolitan area","39","483","   Water transportation","(D)","(D)","(D)","(D)","(D)","(D)","(D)","(D)","(D)","(D)","(D)","(D)","(D)","(NA)"
"26580","Huntington-Ashland, WV-KY-OH (Metropolitan Statistical Area)"," ","200","Gross domestic product (GDP) by metropolitan area","40","484","   Truck transportation",124,126,129,138,153,"(D)",153,141,118,"(D)","(D)","(D)",138,"(NA)"
"26580","Huntington-Ashland, WV-KY-OH (Metropolitan Statistical Area)"," ","200","Gross domestic product (GDP) by metropolitan area","41","485","   Transit and ground passenger transportation","(D)","(D)","(D)","(D)","(D)","(D)","(D)","(D)","(D)","(D)","(D)","(D)",8,"(NA)"
"26580","Huntington-Ashland, WV-KY-OH (Metropolitan Statistical Area)"," ","200","Gross domestic product (GDP) by metropolitan area","42","486","   Pipeline transportation","(D)","(D)","(D)","(D)","(D)","(D)","(D)","(D)","(D)","(D)","(D)","(D)",23,"(NA)"
"26580","Huntington-Ashland, WV-KY-OH (Metropolitan Statistical Area)"," ","200","Gross domestic product (GDP) by metropolitan area","43","487-488, 492","   Other transportation and support activities","(D)","(D)","(D)","(D)","(D)","(D)","(D)","(D)",94,"(D)","(D)","(D)",106,"(NA)"
"26580","Huntington-Ashland, WV-KY-OH (Metropolitan Statistical Area)"," ","200","Gross domestic product (GDP) by metropolitan area","44","493","   Warehousing and storage","(D)","(D)","(D)","(D)","(D)","(D)","(D)","(D)","(D)","(D)","(D)","(D)",39,"(NA)"
"26580","Huntington-Ashland, WV-KY-OH (Metropolitan Statistical Area)"," ","200","Gross domestic product (GDP) by metropolitan area","45","51","  Information","(D)",214,"(D)",243,263,260,279,296,276,291,286,256,241,233
"26580","Huntington-Ashland, WV-KY-OH (Metropolitan Statistical Area)"," ","200","Gross domestic product (GDP) by metropolitan area","46","511","   Publishing industries, except Internet (includes software)","(D)","(D)","(D)","(D)","(D)","(D)","(D)","(D)","(D)","(D)","(D)","(D)",43,"(NA)"
"26580","Huntington-Ashland, WV-KY-OH (Metropolitan Statistical Area)"," ","200","Gross domestic product (GDP) by metropolitan area","47","512","   Motion picture and sound recording industries","(D)","(D)","(D)","(D)","(D)","(D)","(D)","(D)","(D)","(D)","(D)","(D)",10,"(NA)"
"26580","Huntington-Ashland, WV-KY-OH (Metropolitan Statistical Area)"," ","200","Gross domestic product (GDP) by metropolitan area","48","515, 517","   Broadcasting and telecommunications","(D)","(D)","(D)","(D)","(D)","(D)","(D)","(D)","(D)","(D)","(D)","(D)","(D)","(NA)"
"26580","Huntington-Ashland, WV-KY-OH (Metropolitan Statistical Area)"," ","200","Gross domestic product (GDP) by metropolitan area","49","518, 519","   Data processing, internet publishing, and other information services","(D)","(D)","(D)","(D)","(D)","(D)","(D)","(D)","(D)","(D)","(D)","(D)","(D)","(NA)"
"26580","Huntington-Ashland, WV-KY-OH (Metropolitan Statistical Area)"," ","200","Gross domestic product (GDP) by metropolitan area","50","52, 53","  Finance, insurance, real estate, rental, and leasing",1090,1094,1072,1070,1121,1163,1308,1396,1366,1429,1398,1597,1710,1677
"26580","Huntington-Ashland, WV-KY-OH (Metropolitan Statistical Area)"," ","200","Gross domestic product (GDP) by metropolitan area","51","52","   Finance and insurance",415,423,"(D)",373,401,390,380,355,338,318,329,349,345,350
"26580","Huntington-Ashland, WV-KY-OH (Metropolitan Statistical Area)"," ","200","Gross domestic product (GDP) by metropolitan area","52","521-522","    Federal Reserve banks, credit intermediation, and related services","(D)","(D)","(D)",251,260,238,233,225,204,177,190,183,179,"(NA)"
"26580","Huntington-Ashland, WV-KY-OH (Metropolitan Statistical Area)"," ","200","Gross domestic product (GDP) by metropolitan area","53","523","    Securities, commodity contracts, and investments","(D)","(D)","(D)","(D)","(D)","(D)","(D)","(D)","(D)","(D)","(D)","(D)","(D)","(NA)"
"26580","Huntington-Ashland, WV-KY-OH (Metropolitan Statistical Area)"," ","200","Gross domestic product (GDP) by metropolitan area","54","524","    Insurance carriers and related activities","(D)","(D)","(D)","(D)","(D)","(D)","(D)","(D)","(D)","(D)","(D)","(D)","(D)","(NA)"
"26580","Huntington-Ashland, WV-KY-OH (Metropolitan Statistical Area)"," ","200","Gross domestic product (GDP) by metropolitan area","55","525","    Funds, trusts, and other financial vehicles","(D)","(D)","(D)","(D)","(D)","(D)","(D)","(D)","(D)","(D)","(D)","(D)","(D)","(NA)"
"26580","Huntington-Ashland, WV-KY-OH (Metropolitan Statistical Area)"," ","200","Gross domestic product (GDP) by metropolitan area","56","53","   Real estate and rental and leasing",676,671,"(D)",697,720,773,928,1041,1028,1111,1069,1248,1365,1327
"26580","Huntington-Ashland, WV-KY-OH (Metropolitan Statistical Area)"," ","200","Gross domestic product (GDP) by metropolitan area","57","531","    Real estate","(D)","(D)","(D)","(D)","(D)","(D)","(D)","(D)","(D)","(D)","(D)","(D)","(D)","(NA)"
"26580","Huntington-Ashland, WV-KY-OH (Metropolitan Statistical Area)"," ","200","Gross domestic product (GDP) by metropolitan area","58","532-533","    Rental and leasing services and lessors of intangible assets","(D)","(D)","(D)","(D)","(D)","(D)","(D)","(D)","(D)","(D)","(D)","(D)","(D)","(NA)"
"26580","Huntington-Ashland, WV-KY-OH (Metropolitan Statistical Area)"," ","200","Gross domestic product (GDP) by metropolitan area","59","54, 55, 56","  Professional and business services",519,566,598,609,635,670,742,776,765,763,888,802,"(D)",886
"26580","Huntington-Ashland, WV-KY-OH (Metropolitan Statistical Area)"," ","200","Gross domestic product (GDP) by metropolitan area","60","54","   Professional, scientific, and technical services","(D)","(D)",348,"(D)","(D)","(D)","(D)",392,"(D)","(D)","(D)","(D)","(D)","(D)"
"26580","Huntington-Ashland, WV-KY-OH (Metropolitan Statistical Area)"," ","200","Gross domestic product (GDP) by metropolitan area","64","55","   Management of companies and enterprises","(D)","(D)","(D)","(D)","(D)","(D)","(D)","(D)","(D)","(D)","(D)","(D)","(D)","(D)"
"26580","Huntington-Ashland, WV-KY-OH (Metropolitan Statistical Area)"," ","200","Gross domestic product (GDP) by metropolitan area","65","56","   Administrative and waste management services","(D)","(D)","(D)",226,"(D)","(D)","(D)","(D)","(D)","(D)","(D)",309,326,372
"26580","Huntington-Ashland, WV-KY-OH (Metropolitan Statistical Area)"," ","200","Gross domestic product (GDP) by metropolitan area","66","561","    Administrative and support services","(D)","(D)","(D)","(D)","(D)","(D)","(D)","(D)","(D)",237,257,"(D)",283,"(NA)"
"26580","Huntington-Ashland, WV-KY-OH (Metropolitan Statistical Area)"," ","200","Gross domestic product (GDP) by metropolitan area","67","562","    Waste management and remediation services","(D)","(D)","(D)","(D)","(D)","(D)","(D)","(D)","(D)","(D)","(D)","(D)",43,"(NA)"
"26580","Huntington-Ashland, WV-KY-OH (Metropolitan Statistical Area)"," ","200","Gross domestic product (GDP) by metropolitan area","68","61, 62","  Educational services, health care, and social assistance",876,948,1013,1096,1149,1224,1284,1387,1527,1576,1612,1671,1689,1727
"26580","Huntington-Ashland, WV-KY-OH (Metropolitan Statistical Area)"," ","200","Gross domestic product (GDP) by metropolitan area","69","61","   Educational services","(D)","(D)","(D)",20,"(D)","(D)","(D)","(D)","(D)","(D)","(D)","(D)","(D)","(D)"
"26580","Huntington-Ashland, WV-KY-OH (Metropolitan Statistical Area)"," ","200","Gross domestic product (GDP) by metropolitan area","70","62","   Health care and social assistance","(D)","(D)","(D)",1076,"(D)","(D)","(D)","(D)","(D)","(D)","(D)","(D)","(D)","(D)"
"26580","Huntington-Ashland, WV-KY-OH (Metropolitan Statistical Area)"," ","200","Gross domestic product (GDP) by metropolitan area","71","621","    Ambulatory health care services",424,460,488,528,530,555,571,"(D)",673,"(D)",728,"(D)","(D)","(NA)"
"26580","Huntington-Ashland, WV-KY-OH (Metropolitan Statistical Area)"," ","200","Gross domestic product (GDP) by metropolitan area","72","622-623","    Hospitals and nursing and residential care facilities","(D)","(D)","(D)","(D)","(D)","(D)","(D)","(D)","(D)","(D)","(D)","(D)",801,"(NA)"
"26580","Huntington-Ashland, WV-KY-OH (Metropolitan Statistical Area)"," ","200","Gross domestic product (GDP) by metropolitan area","73","624","    Social assistance","(D)","(D)","(D)","(D)","(D)","(D)","(D)","(D)","(D)","(D)","(D)","(D)",74,"(NA)"
"26580","Huntington-Ashland, WV-KY-OH (Metropolitan Statistical Area)"," ","200","Gross domestic product (GDP) by metropolitan area","74","71, 72","  Arts, entertainment, recreation, accommodation, and food services",261,288,283,295,303,305,311,321,331,341,355,376,"(D)",398
"26580","Huntington-Ashland, WV-KY-OH (Metropolitan Statistical Area)"," ","200","Gross domestic product (GDP) by metropolitan area","75","71","   Arts, entertainment, and recreation","(D)","(D)","(D)","(D)",42,"(D)",44,"(D)","(D)",49,"(D)",61,"(D)","(D)"
"26580","Huntington-Ashland, WV-KY-OH (Metropolitan Statistical Area)"," ","200","Gross domestic product (GDP) by metropolitan area","76","711-712","    Performing arts, spectator sports, museums, and related activities","(D)","(D)","(D)","(D)","(D)","(D)","(D)","(D)","(D)","(D)","(D)","(D)","(D)","(NA)"
"26580","Huntington-Ashland, WV-KY-OH (Metropolitan Statistical Area)"," ","200","Gross domestic product (GDP) by metropolitan area","77","713","    Amusements, gambling, and recreation industries","(D)",26,"(D)","(D)","(D)","(D)","(D)","(D)","(D)","(D)","(D)","(D)",52,"(NA)"
"26580","Huntington-Ashland, WV-KY-OH (Metropolitan Statistical Area)"," ","200","Gross domestic product (GDP) by metropolitan area","78","72","   Accommodation and food services","(D)","(D)","(D)","(D)",262,"(D)",268,"(D)","(D)",292,"(D)",315,316,"(D)"
"26580","Huntington-Ashland, WV-KY-OH (Metropolitan Statistical Area)"," ","200","Gross domestic product (GDP) by metropolitan area","79","721","    Accommodation","(D)","(D)","(D)","(D)","(D)","(D)","(D)","(D)","(D)","(D)","(D)","(D)",32,"(NA)"
"26580","Huntington-Ashland, WV-KY-OH (Metropolitan Statistical Area)"," ","200","Gross domestic product (GDP) by metropolitan area","80","722","    Food services and drinking places","(D)","(D)","(D)","(D)","(D)","(D)","(D)","(D)","(D)","(D)","(D)","(D)",284,"(NA)"
"26580","Huntington-Ashland, WV-KY-OH (Metropolitan Statistical Area)"," ","200","Gross domestic product (GDP) by metropolitan area","81","81","  Other services, except government",219,255,264,276,287,298,295,280,280,275,275,283,286,301
"26580","Huntington-Ashland, WV-KY-OH (Metropolitan Statistical Area)"," ","200","Gross domestic product (GDP) by metropolitan area","82","92"," Government",1125,1194,1259,1314,1391,1464,1509,1581,1653,1678,1689,1722,1727,1740
"26580","Huntington-Ashland, WV-KY-OH (Metropolitan Statistical Area)"," ","200","Gross domestic product (GDP) by metropolitan area","83","...","  Federal civilian",257,284,296,312,323,338,354,381,411,389,385,377,377,"(NA)"
"26580","Huntington-Ashland, WV-KY-OH (Metropolitan Statistical Area)"," ","200","Gross domestic product (GDP) by metropolitan area","84","...","  Federal military",42,50,64,70,80,78,80,88,95,93,95,95,92,"(NA)"
"26580","Huntington-Ashland, WV-KY-OH (Metropolitan Statistical Area)"," ","200","Gross domestic product (GDP) by metropolitan area","85","...","  State and local",826,860,899,932,988,1047,1075,1112,1148,1197,1208,1249,1257,"(NA)"
"26580","Huntington-Ashland, WV-KY-OH (Metropolitan Statistical Area)"," ","200","Gross domestic product (GDP) by metropolitan area","86","11, 21","Natural resources and mining",168,"(D)",148,186,277,367,382,396,480,504,598,500,575,619
"26580","Huntington-Ashland, WV-KY-OH (Metropolitan Statistical Area)"," ","200","Gross domestic product (GDP) by metropolitan area","87","42, 44-45","Trade","(D)","(D)","(D)","(D)","(D)","(D)","(D)","(D)","(D)","(D)","(D)","(D)",1739,1752
"26580","Huntington-Ashland, WV-KY-OH (Metropolitan Statistical Area)"," ","200","Gross domestic product (GDP) by metropolitan area","88","...","Transportation and utilities","(D)",770,"(D)","(D)","(D)","(D)","(D)","(D)","(D)","(D)","(D)","(D)",1035,1050
"26580","Huntington-Ashland, WV-KY-OH (Metropolitan Statistical Area)"," ","200","Gross domestic product (GDP) by metropolitan area","89","...","Private goods-producing industries",2048,2060,2195,2478,2830,3125,3226,3392,3321,3514,3637,3827,4385,4611
"26580","Huntington-Ashland, WV-KY-OH (Metropolitan Statistical Area)"," ","200","Gross domestic product (GDP) by metropolitan area","90","...","Private services-providing industries",5136,5404,5561,5833,6090,6374,6719,7101,7180,7377,7586,7720,7905,8025
"26580","Huntington-Ashland, WV-KY-OH (Metropolitan Statistical Area)"," ","800","Quantity indexes for real GDP by metropolitan area","1","...","All industry total",85.639,88.799,89.735,91.687,92.804,94.074,95.039,98.472,100.000,99.391,96.884,97.472,102.818,105.592
"26580","Huntington-Ashland, WV-KY-OH (Metropolitan Statistical Area)"," ","800","Quantity indexes for real GDP by metropolitan area","2","..."," Private industries",84.630,87.957,88.872,91.214,92.262,93.558,94.812,98.546,100.000,99.510,96.822,97.423,103.782,107.095
"26580","Huntington-Ashland, WV-KY-OH (Metropolitan Statistical Area)"," ","800","Quantity indexes for real GDP by metropolitan area","3","11","  Agriculture, forestry, fishing, and hunting","(D)","(D)","(D)","(D)","(D)","(D)","(D)","(D)","(D)","(D)","(D)","(D)","(D)","(D)"
"26580","Huntington-Ashland, WV-KY-OH (Metropolitan Statistical Area)"," ","800","Quantity indexes for real GDP by metropolitan area","4","111-112","   Farms",68.921,285.342,117.634,72.890,110.965,138.780,59.335,89.347,100.000,75.184,99.834,106.785,164.226,"(NA)"
"26580","Huntington-Ashland, WV-KY-OH (Metropolitan Statistical Area)"," ","800","Quantity indexes for real GDP by metropolitan area","5","113-115","   Forestry, fishing, and related activities","(D)","(D)","(D)","(D)","(D)","(D)","(D)","(D)","(D)","(D)","(D)","(D)","(D)","(NA)"
"26580","Huntington-Ashland, WV-KY-OH (Metropolitan Statistical Area)"," ","800","Quantity indexes for real GDP by metropolitan area","6","21","  Mining","(D)","(D)","(D)","(D)","(D)","(D)","(D)","(D)","(D)","(D)","(D)","(D)","(D)","(D)"
"26580","Huntington-Ashland, WV-KY-OH (Metropolitan Statistical Area)"," ","800","Quantity indexes for real GDP by metropolitan area","7","211","   Oil and gas extraction","(D)","(D)","(D)","(D)","(D)","(D)","(D)","(D)","(D)","(D)","(D)","(D)","(D)","(NA)"
"26580","Huntington-Ashland, WV-KY-OH (Metropolitan Statistical Area)"," ","800","Quantity indexes for real GDP by metropolitan area","8","212","   Mining, except oil and gas","(D)","(D)","(D)","(D)","(D)","(D)","(D)","(D)","(D)","(D)","(D)","(D)","(D)","(NA)"
"26580","Huntington-Ashland, WV-KY-OH (Metropolitan Statistical Area)"," ","800","Quantity indexes for real GDP by metropolitan area","9","213","   Support activities for mining","(D)","(D)","(D)","(D)","(D)","(D)","(D)","(D)","(D)","(D)","(D)","(D)","(D)","(NA)"
"26580","Huntington-Ashland, WV-KY-OH (Metropolitan Statistical Area)"," ","800","Quantity indexes for real GDP by metropolitan area","10","22","  Utilities","(D)","(D)","(D)","(D)","(D)","(D)","(D)","(D)","(D)","(D)","(D)","(D)","(D)","(D)"
"26580","Huntington-Ashland, WV-KY-OH (Metropolitan Statistical Area)"," ","800","Quantity indexes for real GDP by metropolitan area","11","23","  Construction",106.542,87.429,109.384,"(D)",105.333,"(D)",107.238,121.998,100.000,"(D)",96.230,109.923,105.319,103.518
"26580","Huntington-Ashland, WV-KY-OH (Metropolitan Statistical Area)"," ","800","Quantity indexes for real GDP by metropolitan area","12","31-33","  Manufacturing",75.226,85.963,83.061,86.297,85.601,86.217,83.288,87.022,100.000,"(D)","(D)","(D)",103.748,117.868
"26580","Huntington-Ashland, WV-KY-OH (Metropolitan Statistical Area)"," ","800","Quantity indexes for real GDP by metropolitan area","13","...","   Durable goods manufacturing","(D)","(D)","(D)","(D)","(D)","(D)","(D)","(D)","(D)","(D)","(D)","(D)","(D)","(D)"
"26580","Huntington-Ashland, WV-KY-OH (Metropolitan Statistical Area)"," ","800","Quantity indexes for real GDP by metropolitan area","14","321","    Wood products manufacturing","(D)","(D)","(D)","(D)","(D)","(D)","(D)","(D)","(D)","(D)","(D)","(D)","(D)","(NA)"
"26580","Huntington-Ashland, WV-KY-OH (Metropolitan Statistical Area)"," ","800","Quantity indexes for real GDP by metropolitan area","15","327","    Nonmetallic mineral products manufacturing","(D)","(D)","(D)","(D)","(D)","(D)","(D)","(D)","(D)","(D)","(D)","(D)","(D)","(NA)"
"26580","Huntington-Ashland, WV-KY-OH (Metropolitan Statistical Area)"," ","800","Quantity indexes for real GDP by metropolitan area","16","331","    Primary metals manufacturing","(D)","(D)",149.977,120.809,150.986,144.392,"(D)","(D)",100.000,"(D)","(D)","(D)",187.009,"(NA)"
"26580","Huntington-Ashland, WV-KY-OH (Metropolitan Statistical Area)"," ","800","Quantity indexes for real GDP by metropolitan area","17","332","    Fabricated metal products","(D)","(D)","(D)","(D)","(D)","(D)","(D)","(D)","(D)","(D)","(D)","(D)","(D)","(NA)"
"26580","Huntington-Ashland, WV-KY-OH (Metropolitan Statistical Area)"," ","800","Quantity indexes for real GDP by metropolitan area","18","333","    Machinery manufacturing","(D)","(D)","(D)","(D)","(D)","(D)","(D)","(D)","(D)","(D)","(D)","(D)","(D)","(NA)"
"26580","Huntington-Ashland, WV-KY-OH (Metropolitan Statistical Area)"," ","800","Quantity indexes for real GDP by metropolitan area","19","334","    Computer and electronic products manufacturing","(D)","(D)","(D)","(D)","(D)","(D)","(D)","(D)","(D)","(D)","(D)","(D)","(D)","(NA)"
"26580","Huntington-Ashland, WV-KY-OH (Metropolitan Statistical Area)"," ","800","Quantity indexes for real GDP by metropolitan area","20","335","    Electrical equipment, appliance, and components manufacturing","(D)","(D)","(D)","(D)","(D)","(D)","(D)","(D)","(D)","(D)","(D)","(D)","(D)","(NA)"
"26580","Huntington-Ashland, WV-KY-OH (Metropolitan Statistical Area)"," ","800","Quantity indexes for real GDP by metropolitan area","21","3361-3363","    Motor vehicles, bodies and trailers, and parts manufacturing","(D)","(D)","(D)","(D)","(D)","(D)","(D)","(D)","(D)","(D)","(D)","(D)","(D)","(NA)"
"26580","Huntington-Ashland, WV-KY-OH (Metropolitan Statistical Area)"," ","800","Quantity indexes for real GDP by metropolitan area","22","3364-3366, 3369","    Other transportation equipment manufacturing","(D)","(D)","(D)","(D)","(D)","(D)","(D)","(D)","(D)","(D)","(D)","(D)","(D)","(NA)"
"26580","Huntington-Ashland, WV-KY-OH (Metropolitan Statistical Area)"," ","800","Quantity indexes for real GDP by metropolitan area","23","337","    Furniture and related products manufacturing","(D)","(D)","(D)","(D)","(D)","(D)","(D)","(D)","(D)","(D)","(D)","(D)","(D)","(NA)"
"26580","Huntington-Ashland, WV-KY-OH (Metropolitan Statistical Area)"," ","800","Quantity indexes for real GDP by metropolitan area","24","339","    Miscellaneous manufacturing","(D)","(D)","(D)","(D)","(D)","(D)","(D)","(D)","(D)","(D)","(D)","(D)","(D)","(NA)"
"26580","Huntington-Ashland, WV-KY-OH (Metropolitan Statistical Area)"," ","800","Quantity indexes for real GDP by metropolitan area","25","...","   Nondurable goods manufacturing","(D)","(D)","(D)","(D)","(D)","(D)","(D)","(D)","(D)","(D)","(D)","(D)","(D)","(D)"
"26580","Huntington-Ashland, WV-KY-OH (Metropolitan Statistical Area)"," ","800","Quantity indexes for real GDP by metropolitan area","26","311-312","    Food and beverage and tobacco products manufacturing","(D)","(D)","(D)","(D)","(D)","(D)","(D)","(D)","(D)","(D)","(D)","(D)","(D)","(NA)"
"26580","Huntington-Ashland, WV-KY-OH (Metropolitan Statistical Area)"," ","800","Quantity indexes for real GDP by metropolitan area","27","313-314","    Textile mills and textile product mills","(D)","(D)","(D)","(D)","(D)","(D)","(D)","(D)","(D)","(D)","(D)","(D)","(D)","(NA)"
"26580","Huntington-Ashland, WV-KY-OH (Metropolitan Statistical Area)"," ","800","Quantity indexes for real GDP by metropolitan area","28","315-316","    Apparel and leather and allied products manufacturing","(D)","(D)","(D)","(D)","(D)","(D)","(D)","(D)","(D)","(D)","(D)","(D)","(D)","(NA)"
"26580","Huntington-Ashland, WV-KY-OH (Metropolitan Statistical Area)"," ","800","Quantity indexes for real GDP by metropolitan area","29","322","    Paper products manufacturing","(D)","(D)","(D)","(D)","(D)","(D)","(D)","(D)","(D)","(D)","(D)","(D)","(D)","(NA)"
"26580","Huntington-Ashland, WV-KY-OH (Metropolitan Statistical Area)"," ","800","Quantity indexes for real GDP by metropolitan area","30","323","    Printing and related support activities","(D)","(D)","(D)","(D)","(D)","(D)","(D)","(D)","(D)","(D)","(D)","(D)","(D)","(NA)"
"26580","Huntington-Ashland, WV-KY-OH (Metropolitan Statistical Area)"," ","800","Quantity indexes for real GDP by metropolitan area","31","324","    Petroleum and coal products manufacturing","(D)","(D)","(D)","(D)","(D)","(D)","(D)","(D)","(D)","(D)","(D)","(D)","(D)","(NA)"
"26580","Huntington-Ashland, WV-KY-OH (Metropolitan Statistical Area)"," ","800","Quantity indexes for real GDP by metropolitan area","32","325","    Chemical products manufacturing","(D)","(D)","(D)","(D)","(D)","(D)","(D)","(D)","(D)","(D)","(D)","(D)","(D)","(NA)"
"26580","Huntington-Ashland, WV-KY-OH (Metropolitan Statistical Area)"," ","800","Quantity indexes for real GDP by metropolitan area","33","326","    Plastics and rubber products manufacturing","(D)","(D)","(D)","(D)","(D)","(D)","(D)","(D)","(D)","(D)","(D)","(D)","(D)","(NA)"
"26580","Huntington-Ashland, WV-KY-OH (Metropolitan Statistical Area)"," ","800","Quantity indexes for real GDP by metropolitan area","34","42","  Wholesale trade","(D)","(D)","(D)","(D)","(D)","(D)","(D)","(D)","(D)","(D)","(D)","(D)","(D)","(D)"
"26580","Huntington-Ashland, WV-KY-OH (Metropolitan Statistical Area)"," ","800","Quantity indexes for real GDP by metropolitan area","35","44-45","  Retail trade",90.352,94.005,99.179,100.670,104.292,103.218,100.927,100.560,100.000,101.908,102.720,101.598,101.278,101.040
"26580","Huntington-Ashland, WV-KY-OH (Metropolitan Statistical Area)"," ","800","Quantity indexes for real GDP by metropolitan area","36","48-49","  Transportation and warehousing","(D)","(D)","(D)","(D)","(D)","(D)","(D)","(D)","(D)","(D)","(D)","(D)","(D)","(D)"
"26580","Huntington-Ashland, WV-KY-OH (Metropolitan Statistical Area)"," ","800","Quantity indexes for real GDP by metropolitan area","37","481","   Air transportation","(D)","(D)","(D)","(D)","(D)","(D)","(D)","(D)","(D)","(D)","(D)","(D)","(D)","(NA)"
"26580","Huntington-Ashland, WV-KY-OH (Metropolitan Statistical Area)"," ","800","Quantity indexes for real GDP by metropolitan area","38","482","   Rail transportation","(D)",96.557,101.894,105.012,104.801,103.447,101.894,113.824,100.000,100.718,103.114,104.562,98.683,"(NA)"
"26580","Huntington-Ashland, WV-KY-OH (Metropolitan Statistical Area)"," ","800","Quantity indexes for real GDP by metropolitan area","39","483","   Water transportation","(D)","(D)","(D)","(D)","(D)","(D)","(D)","(D)","(D)","(D)","(D)","(D)","(D)","(NA)"
"26580","Huntington-Ashland, WV-KY-OH (Metropolitan Statistical Area)"," ","800","Quantity indexes for real GDP by metropolitan area","40","484","   Truck transportation",122.207,122.224,122.903,130.492,140.415,"(D)",136.704,122.741,100.000,"(D)","(D)","(D)",116.535,"(NA)"
"26580","Huntington-Ashland, WV-KY-OH (Metropolitan Statistical Area)"," ","800","Quantity indexes for real GDP by metropolitan area","41","485","   Transit and ground passenger transportation","(D)","(D)","(D)","(D)","(D)","(D)","(D)","(D)","(D)","(D)","(D)","(D)","(D)","(NA)"
"26580","Huntington-Ashland, WV-KY-OH (Metropolitan Statistical Area)"," ","800","Quantity indexes for real GDP by metropolitan area","42","486","   Pipeline transportation","(D)","(D)","(D)","(D)","(D)","(D)","(D)","(D)","(D)","(D)","(D)","(D)","(D)","(NA)"
"26580","Huntington-Ashland, WV-KY-OH (Metropolitan Statistical Area)"," ","800","Quantity indexes for real GDP by metropolitan area","43","487-488, 492","   Other transportation and support activities","(D)","(D)","(D)","(D)","(D)","(D)","(D)","(D)",100.000,"(D)","(D)","(D)",92.270,"(NA)"
"26580","Huntington-Ashland, WV-KY-OH (Metropolitan Statistical Area)"," ","800","Quantity indexes for real GDP by metropolitan area","44","493","   Warehousing and storage","(D)","(D)","(D)","(D)","(D)","(D)","(D)","(D)","(D)","(D)","(D)","(D)","(D)","(NA)"
"26580","Huntington-Ashland, WV-KY-OH (Metropolitan Statistical Area)"," ","800","Quantity indexes for real GDP by metropolitan area","45","51","  Information","(D)",69.552,"(D)",79.505,89.447,90.762,98.997,106.746,100.000,105.876,104.558,93.485,87.562,84.311
"26580","Huntington-Ashland, WV-KY-OH (Metropolitan Statistical Area)"," ","800","Quantity indexes for real GDP by metropolitan area","46","511","   Publishing industries, except Internet (includes software)","(D)","(D)","(D)","(D)","(D)","(D)","(D)","(D)","(D)","(D)","(D)","(D)","(D)","(NA)"
"26580","Huntington-Ashland, WV-KY-OH (Metropolitan Statistical Area)"," ","800","Quantity indexes for real GDP by metropolitan area","47","512","   Motion picture and sound recording industries","(D)","(D)","(D)","(D)","(D)","(D)","(D)","(D)","(D)","(D)","(D)","(D)","(D)","(NA)"
"26580","Huntington-Ashland, WV-KY-OH (Metropolitan Statistical Area)"," ","800","Quantity indexes for real GDP by metropolitan area","48","515, 517","   Broadcasting and telecommunications","(D)","(D)","(D)","(D)","(D)","(D)","(D)","(D)","(D)","(D)","(D)","(D)","(D)","(NA)"
"26580","Huntington-Ashland, WV-KY-OH (Metropolitan Statistical Area)"," ","800","Quantity indexes for real GDP by metropolitan area","49","518, 519","   Data processing, internet publishing, and other information services","(D)","(D)","(D)","(D)","(D)","(D)","(D)","(D)","(D)","(D)","(D)","(D)","(D)","(NA)"
"26580","Huntington-Ashland, WV-KY-OH (Metropolitan Statistical Area)"," ","800","Quantity indexes for real GDP by metropolitan area","50","52, 53","  Finance, insurance, real estate, rental, and leasing",91.781,89.505,85.543,83.468,85.681,86.824,95.895,101.179,100.000,104.085,100.772,112.258,117.328,112.158
"26580","Huntington-Ashland, WV-KY-OH (Metropolitan Statistical Area)"," ","800","Quantity indexes for real GDP by metropolitan area","51","52","   Finance and insurance",124.887,124.887,"(D)",104.341,110.221,105.321,101.293,94.993,100.000,90.274,91.890,92.994,89.125,87.847
"26580","Huntington-Ashland, WV-KY-OH (Metropolitan Statistical Area)"," ","800","Quantity indexes for real GDP by metropolitan area","52","521-522","    Federal Reserve banks, credit intermediation, and related services","(D)","(D)","(D)",109.645,112.051,99.966,96.745,93.608,100.000,82.187,87.585,79.602,74.672,"(NA)"
"26580","Huntington-Ashland, WV-KY-OH (Metropolitan Statistical Area)"," ","800","Quantity indexes for real GDP by metropolitan area","53","523","    Securities, commodity contracts, and investments","(D)","(D)","(D)","(D)","(D)","(D)","(D)","(D)","(D)","(D)","(D)","(D)","(D)","(NA)"
"26580","Huntington-Ashland, WV-KY-OH (Metropolitan Statistical Area)"," ","800","Quantity indexes for real GDP by metropolitan area","54","524","    Insurance carriers and related activities","(D)","(D)","(D)","(D)","(D)","(D)","(D)","(D)","(D)","(D)","(D)","(D)","(D)","(NA)"
"26580","Huntington-Ashland, WV-KY-OH (Metropolitan Statistical Area)"," ","800","Quantity indexes for real GDP by metropolitan area","55","525","    Funds, trusts, and other financial vehicles","(D)","(D)","(D)","(D)","(D)","(D)","(D)","(D)","(D)","(D)","(D)","(D)","(D)","(NA)"
"26580","Huntington-Ashland, WV-KY-OH (Metropolitan Statistical Area)"," ","800","Quantity indexes for real GDP by metropolitan area","56","53","   Real estate and rental and leasing",79.042,75.887,"(D)",75.429,76.227,79.687,93.729,103.347,100.000,108.738,103.723,118.843,127.112,120.552
"26580","Huntington-Ashland, WV-KY-OH (Metropolitan Statistical Area)"," ","800","Quantity indexes for real GDP by metropolitan area","57","531","    Real estate","(D)","(D)","(D)","(D)","(D)","(D)","(D)","(D)","(D)","(D)","(D)","(D)","(D)","(NA)"
"26580","Huntington-Ashland, WV-KY-OH (Metropolitan Statistical Area)"," ","800","Quantity indexes for real GDP by metropolitan area","58","532-533","    Rental and leasing services and lessors of intangible assets","(D)","(D)","(D)","(D)","(D)","(D)","(D)","(D)","(D)","(D)","(D)","(D)","(D)","(NA)"
"26580","Huntington-Ashland, WV-KY-OH (Metropolitan Statistical Area)"," ","800","Quantity indexes for real GDP by metropolitan area","59","54, 55, 56","  Professional and business services",84.081,90.152,93.631,91.534,92.510,94.110,99.727,102.866,100.000,98.982,113.972,101.522,"(D)",108.767
"26580","Huntington-Ashland, WV-KY-OH (Metropolitan Statistical Area)"," ","800","Quantity indexes for real GDP by metropolitan area","60","54","   Professional, scientific, and technical services","(D)","(D)","(D)","(D)","(D)","(D)","(D)","(D)","(D)","(D)","(D)","(D)","(D)","(D)"
"26580","Huntington-Ashland, WV-KY-OH (Metropolitan Statistical Area)"," ","800","Quantity indexes for real GDP by metropolitan area","64","55","   Management of companies and enterprises","(D)","(D)","(D)","(D)","(D)","(D)","(D)","(D)","(D)","(D)","(D)","(D)","(D)","(D)"
"26580","Huntington-Ashland, WV-KY-OH (Metropolitan Statistical Area)"," ","800","Quantity indexes for real GDP by metropolitan area","65","56","   Administrative and waste management services","(D)","(D)","(D)","(D)","(D)","(D)","(D)","(D)","(D)","(D)","(D)","(D)","(D)","(D)"
"26580","Huntington-Ashland, WV-KY-OH (Metropolitan Statistical Area)"," ","800","Quantity indexes for real GDP by metropolitan area","66","561","    Administrative and support services","(D)","(D)","(D)","(D)","(D)","(D)","(D)","(D)","(D)","(D)","(D)","(D)","(D)","(NA)"
"26580","Huntington-Ashland, WV-KY-OH (Metropolitan Statistical Area)"," ","800","Quantity indexes for real GDP by metropolitan area","67","562","    Waste management and remediation services","(D)","(D)","(D)","(D)","(D)","(D)","(D)","(D)","(D)","(D)","(D)","(D)","(D)","(NA)"
"26580","Huntington-Ashland, WV-KY-OH (Metropolitan Statistical Area)"," ","800","Quantity indexes for real GDP by metropolitan area","68","61, 62","  Educational services, health care, and social assistance",73.370,76.822,79.448,83.375,84.915,88.288,89.023,94.223,100.000,100.994,102.029,103.686,103.409,104.371
"26580","Huntington-Ashland, WV-KY-OH (Metropolitan Statistical Area)"," ","800","Quantity indexes for real GDP by metropolitan area","69","61","   Educational services","(D)","(D)","(D)","(D)","(D)","(D)","(D)","(D)","(D)","(D)","(D)","(D)","(D)","(D)"
"26580","Huntington-Ashland, WV-KY-OH (Metropolitan Statistical Area)"," ","800","Quantity indexes for real GDP by metropolitan area","70","62","   Health care and social assistance","(D)","(D)","(D)","(D)","(D)","(D)","(D)","(D)","(D)","(D)","(D)","(D)","(D)","(D)"
"26580","Huntington-Ashland, WV-KY-OH (Metropolitan Statistical Area)"," ","800","Quantity indexes for real GDP by metropolitan area","71","621","    Ambulatory health care services",75.744,81.221,84.210,89.010,87.299,90.490,88.961,"(D)",100.000,"(D)",104.482,"(D)","(D)","(NA)"
"26580","Huntington-Ashland, WV-KY-OH (Metropolitan Statistical Area)"," ","800","Quantity indexes for real GDP by metropolitan area","72","622-623","    Hospitals and nursing and residential care facilities","(D)","(D)","(D)","(D)","(D)","(D)","(D)","(D)","(D)","(D)","(D)","(D)","(D)","(NA)"
"26580","Huntington-Ashland, WV-KY-OH (Metropolitan Statistical Area)"," ","800","Quantity indexes for real GDP by metropolitan area","73","624","    Social assistance","(D)","(D)","(D)","(D)","(D)","(D)","(D)","(D)","(D)","(D)","(D)","(D)","(D)","(NA)"
"26580","Huntington-Ashland, WV-KY-OH (Metropolitan Statistical Area)"," ","800","Quantity indexes for real GDP by metropolitan area","74","71, 72","  Arts, entertainment, recreation, accommodation, and food services",103.860,109.919,106.752,108.833,108.377,105.297,103.294,103.186,100.000,103.025,107.632,109.556,"(D)",110.065
"26580","Huntington-Ashland, WV-KY-OH (Metropolitan Statistical Area)"," ","800","Quantity indexes for real GDP by metropolitan area","75","71","   Arts, entertainment, and recreation","(D)","(D)","(D)","(D)","(D)","(D)","(D)","(D)","(D)","(D)","(D)","(D)","(D)","(D)"
"26580","Huntington-Ashland, WV-KY-OH (Metropolitan Statistical Area)"," ","800","Quantity indexes for real GDP by metropolitan area","76","711-712","    Performing arts, spectator sports, museums, and related activities","(D)","(D)","(D)","(D)","(D)","(D)","(D)","(D)","(D)","(D)","(D)","(D)","(D)","(NA)"
"26580","Huntington-Ashland, WV-KY-OH (Metropolitan Statistical Area)"," ","800","Quantity indexes for real GDP by metropolitan area","77","713","    Amusements, gambling, and recreation industries","(D)","(D)","(D)","(D)","(D)","(D)","(D)","(D)","(D)","(D)","(D)","(D)","(D)","(NA)"
"26580","Huntington-Ashland, WV-KY-OH (Metropolitan Statistical Area)"," ","800","Quantity indexes for real GDP by metropolitan area","78","72","   Accommodation and food services","(D)","(D)","(D)","(D)","(D)","(D)","(D)","(D)","(D)","(D)","(D)","(D)","(D)","(D)"
"26580","Huntington-Ashland, WV-KY-OH (Metropolitan Statistical Area)"," ","800","Quantity indexes for real GDP by metropolitan area","79","721","    Accommodation","(D)","(D)","(D)","(D)","(D)","(D)","(D)","(D)","(D)","(D)","(D)","(D)","(D)","(NA)"
"26580","Huntington-Ashland, WV-KY-OH (Metropolitan Statistical Area)"," ","800","Quantity indexes for real GDP by metropolitan area","80","722","    Food services and drinking places","(D)","(D)","(D)","(D)","(D)","(D)","(D)","(D)","(D)","(D)","(D)","(D)","(D)","(NA)"
"26580","Huntington-Ashland, WV-KY-OH (Metropolitan Statistical Area)"," ","800","Quantity indexes for real GDP by metropolitan area","81","81","  Other services, except government",106.547,118.871,119.664,121.307,121.197,121.063,114.875,104.996,100.000,95.712,93.418,93.401,91.557,94.202
"26580","Huntington-Ashland, WV-KY-OH (Metropolitan Statistical Area)"," ","800","Quantity indexes for real GDP by metropolitan area","82","92"," Government",92.421,94.434,95.511,94.884,96.462,97.562,96.576,98.005,100.000,98.632,97.330,97.830,96.407,95.634
"26580","Huntington-Ashland, WV-KY-OH (Metropolitan Statistical Area)"," ","800","Quantity indexes for real GDP by metropolitan area","83","...","  Federal civilian",85.048,88.702,87.854,88.164,87.622,88.850,89.887,94.566,100.000,91.154,88.193,86.369,84.492,"(NA)"
"26580","Huntington-Ashland, WV-KY-OH (Metropolitan Statistical Area)"," ","800","Quantity indexes for real GDP by metropolitan area","84","...","  Federal military",62.740,70.638,83.584,87.199,93.883,87.777,85.602,91.564,100.000,95.657,96.708,95.436,92.216,"(NA)"
"26580","Huntington-Ashland, WV-KY-OH (Metropolitan Statistical Area)"," ","800","Quantity indexes for real GDP by metropolitan area","85","...","  State and local",97.520,98.475,99.282,97.950,99.881,101.556,99.929,99.785,100.000,101.567,100.674,102.156,101.042,"(NA)"
"26580","Huntington-Ashland, WV-KY-OH (Metropolitan Statistical Area)"," ","800","Quantity indexes for real GDP by metropolitan area","86","11, 21","Natural resources and mining",81.652,"(D)",62.416,66.368,78.358,90.954,87.117,79.100,100.000,96.122,103.568,88.043,101.072,109.999
"26580","Huntington-Ashland, WV-KY-OH (Metropolitan Statistical Area)"," ","800","Quantity indexes for real GDP by metropolitan area","87","42, 44-45","Trade","(D)","(D)","(D)","(D)","(D)","(D)","(D)","(D)","(D)","(D)","(D)","(D)","(D)","(D)"
"26580","Huntington-Ashland, WV-KY-OH (Metropolitan Statistical Area)"," ","800","Quantity indexes for real GDP by metropolitan area","88","...","Transportation and utilities","(D)","(D)","(D)","(D)","(D)","(D)","(D)","(D)","(D)","(D)","(D)","(D)","(D)","(D)"
"26580","Huntington-Ashland, WV-KY-OH (Metropolitan Statistical Area)"," ","800","Quantity indexes for real GDP by metropolitan area","89","...","Private goods-producing industries",81.120,85.089,85.865,88.666,88.604,89.607,88.302,92.519,100.000,95.292,84.801,87.195,104.095,114.719
"26580","Huntington-Ashland, WV-KY-OH (Metropolitan Statistical Area)"," ","800","Quantity indexes for real GDP by metropolitan area","90","...","Private services-providing industries",86.295,89.364,90.339,92.491,94.070,95.518,98.121,101.593,100.000,101.576,103.232,102.781,103.113,102.504
"26580","Huntington-Ashland, WV-KY-OH (Metropolitan Statistical Area)"," ","900","Real GDP by metropolitan area","1","...","All industry total",10409,10793,10906,11144,11279,11434,11551,11968,12154,12080,11775,11847,12497,12834
"26580","Huntington-Ashland, WV-KY-OH (Metropolitan Statistical Area)"," ","900","Real GDP by metropolitan area","2","..."," Private industries",8887,9236,9332,9578,9688,9824,9956,10348,10501,10449,10167,10230,10898,11246
"26580","Huntington-Ashland, WV-KY-OH (Metropolitan Statistical Area)"," ","900","Real GDP by metropolitan area","3","11","  Agriculture, forestry, fishing, and hunting","(D)","(D)","(D)","(D)","(D)","(D)","(D)","(D)","(D)","(D)","(D)","(D)",12,14
"26580","Huntington-Ashland, WV-KY-OH (Metropolitan Statistical Area)"," ","900","Real GDP by metropolitan area","4","111-112","   Farms",3,14,6,4,6,7,3,5,5,4,5,5,8,"(NA)"
"26580","Huntington-Ashland, WV-KY-OH (Metropolitan Statistical Area)"," ","900","Real GDP by metropolitan area","5","113-115","   Forestry, fishing, and related activities","(D)","(D)","(D)","(D)","(D)","(D)","(D)","(D)","(D)","(D)","(D)","(D)",2,"(NA)"
"26580","Huntington-Ashland, WV-KY-OH (Metropolitan Statistical Area)"," ","900","Real GDP by metropolitan area","6","21","  Mining","(D)","(D)","(D)","(D)","(D)","(D)","(D)","(D)","(D)","(D)","(D)","(D)",473,513
"26580","Huntington-Ashland, WV-KY-OH (Metropolitan Statistical Area)"," ","900","Real GDP by metropolitan area","7","211","   Oil and gas extraction","(D)","(D)","(D)","(D)","(D)","(D)","(D)","(D)","(D)","(D)","(D)","(D)",100,"(NA)"
"26580","Huntington-Ashland, WV-KY-OH (Metropolitan Statistical Area)"," ","900","Real GDP by metropolitan area","8","212","   Mining, except oil and gas","(D)","(D)","(D)","(D)","(D)","(D)","(D)","(D)","(D)","(D)","(D)","(D)","(D)","(NA)"
"26580","Huntington-Ashland, WV-KY-OH (Metropolitan Statistical Area)"," ","900","Real GDP by metropolitan area","9","213","   Support activities for mining","(D)","(D)","(D)","(D)","(D)","(D)","(D)","(D)","(D)","(D)","(D)","(D)","(D)","(NA)"
"26580","Huntington-Ashland, WV-KY-OH (Metropolitan Statistical Area)"," ","900","Real GDP by metropolitan area","10","22","  Utilities","(D)","(D)","(D)","(D)","(D)","(D)","(D)","(D)","(D)","(D)","(D)","(D)",323,309
"26580","Huntington-Ashland, WV-KY-OH (Metropolitan Statistical Area)"," ","900","Real GDP by metropolitan area","11","23","  Construction",717,589,737,"(D)",709,"(D)",722,822,673,"(D)",648,740,709,697
"26580","Huntington-Ashland, WV-KY-OH (Metropolitan Statistical Area)"," ","900","Real GDP by metropolitan area","12","31-33","  Manufacturing",1631,1863,1801,1871,1856,1869,1805,1886,2168,"(D)","(D)","(D)",2249,2555
"26580","Huntington-Ashland, WV-KY-OH (Metropolitan Statistical Area)"," ","900","Real GDP by metropolitan area","13","...","   Durable goods manufacturing",620,"(D)","(D)","(D)","(D)","(D)","(D)","(D)","(D)","(D)","(D)","(D)",1309,"(D)"
"26580","Huntington-Ashland, WV-KY-OH (Metropolitan Statistical Area)"," ","900","Real GDP by metropolitan area","14","321","    Wood products manufacturing","(D)","(D)","(D)","(D)","(D)","(D)","(D)","(D)","(D)","(D)","(D)","(D)",16,"(NA)"
"26580","Huntington-Ashland, WV-KY-OH (Metropolitan Statistical Area)"," ","900","Real GDP by metropolitan area","15","327","    Nonmetallic mineral products manufacturing","(D)","(D)","(D)","(D)","(D)","(D)","(D)","(D)","(D)","(D)","(D)","(D)",44,"(NA)"
"26580","Huntington-Ashland, WV-KY-OH (Metropolitan Statistical Area)"," ","900","Real GDP by metropolitan area","16","331","    Primary metals manufacturing","(D)","(D)",332,268,334,320,"(D)","(D)",221,"(D)","(D)","(D)",414,"(NA)"
"26580","Huntington-Ashland, WV-KY-OH (Metropolitan Statistical Area)"," ","900","Real GDP by metropolitan area","17","332","    Fabricated metal products","(D)","(D)","(D)","(D)","(D)","(D)","(D)","(D)","(D)","(D)",121,119,113,"(NA)"
"26580","Huntington-Ashland, WV-KY-OH (Metropolitan Statistical Area)"," ","900","Real GDP by metropolitan area","18","333","    Machinery manufacturing","(D)","(D)","(D)","(D)","(D)","(D)","(D)","(D)","(D)","(D)","(D)","(D)",60,"(NA)"
"26580","Huntington-Ashland, WV-KY-OH (Metropolitan Statistical Area)"," ","900","Real GDP by metropolitan area","19","334","    Computer and electronic products manufacturing","(D)","(D)","(D)","(D)","(D)","(D)","(D)","(D)","(D)","(D)","(D)","(D)","(D)","(NA)"
"26580","Huntington-Ashland, WV-KY-OH (Metropolitan Statistical Area)"," ","900","Real GDP by metropolitan area","20","335","    Electrical equipment, appliance, and components manufacturing","(D)","(D)","(D)","(D)","(D)","(D)","(D)","(D)","(D)","(D)","(D)","(D)",16,"(NA)"
"26580","Huntington-Ashland, WV-KY-OH (Metropolitan Statistical Area)"," ","900","Real GDP by metropolitan area","21","3361-3363","    Motor vehicles, bodies and trailers, and parts manufacturing","(D)","(D)","(D)","(D)","(D)","(D)","(D)","(D)","(D)","(D)","(D)","(D)","(D)","(NA)"
"26580","Huntington-Ashland, WV-KY-OH (Metropolitan Statistical Area)"," ","900","Real GDP by metropolitan area","22","3364-3366, 3369","    Other transportation equipment manufacturing","(D)","(D)","(D)","(D)","(D)","(D)","(D)","(D)","(D)","(D)","(D)","(D)",14,"(NA)"
"26580","Huntington-Ashland, WV-KY-OH (Metropolitan Statistical Area)"," ","900","Real GDP by metropolitan area","23","337","    Furniture and related products manufacturing","(D)","(D)","(D)","(D)","(D)","(D)","(D)","(D)","(D)","(D)","(D)","(D)",4,"(NA)"
"26580","Huntington-Ashland, WV-KY-OH (Metropolitan Statistical Area)"," ","900","Real GDP by metropolitan area","24","339","    Miscellaneous manufacturing","(D)","(D)","(D)","(D)","(D)","(D)","(D)","(D)","(D)","(D)","(D)","(D)",79,"(NA)"
"26580","Huntington-Ashland, WV-KY-OH (Metropolitan Statistical Area)"," ","900","Real GDP by metropolitan area","25","...","   Nondurable goods manufacturing",1078,"(D)","(D)","(D)","(D)","(D)","(D)","(D)","(D)","(D)","(D)","(D)",1039,"(D)"
"26580","Huntington-Ashland, WV-KY-OH (Metropolitan Statistical Area)"," ","900","Real GDP by metropolitan area","26","311-312","    Food and beverage and tobacco products manufacturing","(D)","(D)","(D)","(D)","(D)","(D)","(D)","(D)","(D)","(D)","(D)","(D)",43,"(NA)"
"26580","Huntington-Ashland, WV-KY-OH (Metropolitan Statistical Area)"," ","900","Real GDP by metropolitan area","27","313-314","    Textile mills and textile product mills","(D)","(D)","(D)",1,"(D)","(D)","(D)","(D)","(D)","(D)","(D)","(D)",1,"(NA)"
"26580","Huntington-Ashland, WV-KY-OH (Metropolitan Statistical Area)"," ","900","Real GDP by metropolitan area","28","315-316","    Apparel and leather and allied products manufacturing","(D)","(D)","(D)","(D)","(D)","(D)","(D)","(D)","(D)","(D)","(D)","(D)","(D)","(NA)"
"26580","Huntington-Ashland, WV-KY-OH (Metropolitan Statistical Area)"," ","900","Real GDP by metropolitan area","29","322","    Paper products manufacturing","(D)","(D)","(D)","(D)","(D)","(D)","(D)","(D)","(D)","(D)","(D)","(D)","(D)","(NA)"
"26580","Huntington-Ashland, WV-KY-OH (Metropolitan Statistical Area)"," ","900","Real GDP by metropolitan area","30","323","    Printing and related support activities","(D)","(D)","(D)","(D)","(D)","(D)","(D)","(D)","(D)","(D)","(D)","(D)",20,"(NA)"
"26580","Huntington-Ashland, WV-KY-OH (Metropolitan Statistical Area)"," ","900","Real GDP by metropolitan area","31","324","    Petroleum and coal products manufacturing","(D)","(D)","(D)","(D)","(D)","(D)","(D)","(D)","(D)","(D)","(D)","(D)","(D)","(NA)"
"26580","Huntington-Ashland, WV-KY-OH (Metropolitan Statistical Area)"," ","900","Real GDP by metropolitan area","32","325","    Chemical products manufacturing","(D)","(D)","(D)","(D)","(D)","(D)","(D)","(D)","(D)","(D)","(D)","(D)","(D)","(NA)"
"26580","Huntington-Ashland, WV-KY-OH (Metropolitan Statistical Area)"," ","900","Real GDP by metropolitan area","33","326","    Plastics and rubber products manufacturing","(D)","(D)","(D)","(D)","(D)","(D)","(D)","(D)","(D)","(D)","(D)","(D)",38,"(NA)"
"26580","Huntington-Ashland, WV-KY-OH (Metropolitan Statistical Area)"," ","900","Real GDP by metropolitan area","34","42","  Wholesale trade","(D)","(D)","(D)","(D)","(D)","(D)","(D)","(D)","(D)","(D)","(D)","(D)",729,722
"26580","Huntington-Ashland, WV-KY-OH (Metropolitan Statistical Area)"," ","900","Real GDP by metropolitan area","35","44-45","  Retail trade",777,808,853,866,897,888,868,865,860,876,883,874,871,869
"26580","Huntington-Ashland, WV-KY-OH (Metropolitan Statistical Area)"," ","900","Real GDP by metropolitan area","36","48-49","  Transportation and warehousing",551,"(D)",546,588,632,643,"(D)","(D)","(D)",623,647,667,652,635
"26580","Huntington-Ashland, WV-KY-OH (Metropolitan Statistical Area)"," ","900","Real GDP by metropolitan area","37","481","   Air transportation","(D)","(D)","(D)","(D)","(D)","(D)","(D)","(D)","(D)","(D)","(D)","(D)","(D)","(NA)"
"26580","Huntington-Ashland, WV-KY-OH (Metropolitan Statistical Area)"," ","900","Real GDP by metropolitan area","38","482","   Rail transportation","(D)",244,257,265,264,261,257,287,252,254,260,264,249,"(NA)"
"26580","Huntington-Ashland, WV-KY-OH (Metropolitan Statistical Area)"," ","900","Real GDP by metropolitan area","39","483","   Water transportation","(D)","(D)","(D)","(D)","(D)","(D)","(D)","(D)","(D)","(D)","(D)","(D)","(D)","(NA)"
"26580","Huntington-Ashland, WV-KY-OH (Metropolitan Statistical Area)"," ","900","Real GDP by metropolitan area","40","484","   Truck transportation",144,144,145,154,166,"(D)",161,145,118,"(D)","(D)","(D)",137,"(NA)"
"26580","Huntington-Ashland, WV-KY-OH (Metropolitan Statistical Area)"," ","900","Real GDP by metropolitan area","41","485","   Transit and ground passenger transportation","(D)","(D)","(D)","(D)","(D)","(D)","(D)","(D)","(D)","(D)","(D)","(D)",7,"(NA)"
"26580","Huntington-Ashland, WV-KY-OH (Metropolitan Statistical Area)"," ","900","Real GDP by metropolitan area","42","486","   Pipeline transportation","(D)","(D)","(D)","(D)","(D)","(D)","(D)","(D)","(D)","(D)","(D)","(D)",19,"(NA)"
"26580","Huntington-Ashland, WV-KY-OH (Metropolitan Statistical Area)"," ","900","Real GDP by metropolitan area","43","487-488, 492","   Other transportation and support activities","(D)","(D)","(D)","(D)","(D)","(D)","(D)","(D)",94,"(D)","(D)","(D)",87,"(NA)"
"26580","Huntington-Ashland, WV-KY-OH (Metropolitan Statistical Area)"," ","900","Real GDP by metropolitan area","44","493","   Warehousing and storage","(D)","(D)","(D)","(D)","(D)","(D)","(D)","(D)","(D)","(D)","(D)","(D)",46,"(NA)"
"26580","Huntington-Ashland, WV-KY-OH (Metropolitan Statistical Area)"," ","900","Real GDP by metropolitan area","45","51","  Information","(D)",192,"(D)",220,247,251,274,295,276,293,289,258,242,233
"26580","Huntington-Ashland, WV-KY-OH (Metropolitan Statistical Area)"," ","900","Real GDP by metropolitan area","46","511","   Publishing industries, except Internet (includes software)","(D)","(D)","(D)","(D)","(D)","(D)","(D)","(D)","(D)","(D)","(D)","(D)",43,"(NA)"
"26580","Huntington-Ashland, WV-KY-OH (Metropolitan Statistical Area)"," ","900","Real GDP by metropolitan area","47","512","   Motion picture and sound recording industries","(D)","(D)","(D)","(D)","(D)","(D)","(D)","(D)","(D)","(D)","(D)","(D)",10,"(NA)"
"26580","Huntington-Ashland, WV-KY-OH (Metropolitan Statistical Area)"," ","900","Real GDP by metropolitan area","48","515, 517","   Broadcasting and telecommunications","(D)","(D)","(D)","(D)","(D)","(D)","(D)","(D)","(D)","(D)","(D)","(D)","(D)","(NA)"
"26580","Huntington-Ashland, WV-KY-OH (Metropolitan Statistical Area)"," ","900","Real GDP by metropolitan area","49","518, 519","   Data processing, internet publishing, and other information services","(D)","(D)","(D)","(D)","(D)","(D)","(D)","(D)","(D)","(D)","(D)","(D)","(D)","(NA)"
"26580","Huntington-Ashland, WV-KY-OH (Metropolitan Statistical Area)"," ","900","Real GDP by metropolitan area","50","52, 53","  Finance, insurance, real estate, rental, and leasing",1254,1222,1168,1140,1170,1186,1310,1382,1366,1422,1376,1533,1602,1532
"26580","Huntington-Ashland, WV-KY-OH (Metropolitan Statistical Area)"," ","900","Real GDP by metropolitan area","51","52","   Finance and insurance",422,422,"(D)",353,373,356,342,321,338,305,311,314,301,297
"26580","Huntington-Ashland, WV-KY-OH (Metropolitan Statistical Area)"," ","900","Real GDP by metropolitan area","52","521-522","    Federal Reserve banks, credit intermediation, and related services","(D)","(D)","(D)",224,229,204,197,191,204,168,179,162,152,"(NA)"
"26580","Huntington-Ashland, WV-KY-OH (Metropolitan Statistical Area)"," ","900","Real GDP by metropolitan area","53","523","    Securities, commodity contracts, and investments","(D)","(D)","(D)","(D)","(D)","(D)","(D)","(D)","(D)","(D)","(D)","(D)","(D)","(NA)"
"26580","Huntington-Ashland, WV-KY-OH (Metropolitan Statistical Area)"," ","900","Real GDP by metropolitan area","54","524","    Insurance carriers and related activities","(D)","(D)","(D)","(D)","(D)","(D)","(D)","(D)","(D)","(D)","(D)","(D)","(D)","(NA)"
"26580","Huntington-Ashland, WV-KY-OH (Metropolitan Statistical Area)"," ","900","Real GDP by metropolitan area","55","525","    Funds, trusts, and other financial vehicles","(D)","(D)","(D)","(D)","(D)","(D)","(D)","(D)","(D)","(D)","(D)","(D)","(D)","(NA)"
"26580","Huntington-Ashland, WV-KY-OH (Metropolitan Statistical Area)"," ","900","Real GDP by metropolitan area","56","53","   Real estate and rental and leasing",812,780,"(D)",775,783,819,963,1062,1028,1117,1066,1221,1306,1239
"26580","Huntington-Ashland, WV-KY-OH (Metropolitan Statistical Area)"," ","900","Real GDP by metropolitan area","57","531","    Real estate","(D)","(D)","(D)","(D)","(D)","(D)","(D)","(D)","(D)","(D)","(D)","(D)","(D)","(NA)"
"26580","Huntington-Ashland, WV-KY-OH (Metropolitan Statistical Area)"," ","900","Real GDP by metropolitan area","58","532-533","    Rental and leasing services and lessors of intangible assets","(D)","(D)","(D)","(D)","(D)","(D)","(D)","(D)","(D)","(D)","(D)","(D)","(D)","(NA)"
"26580","Huntington-Ashland, WV-KY-OH (Metropolitan Statistical Area)"," ","900","Real GDP by metropolitan area","59","54, 55, 56","  Professional and business services",643,690,716,700,708,720,763,787,765,757,872,777,"(D)",832
"26580","Huntington-Ashland, WV-KY-OH (Metropolitan Statistical Area)"," ","900","Real GDP by metropolitan area","60","54","   Professional, scientific, and technical services","(D)","(D)",421,"(D)","(D)","(D)","(D)",397,"(D)","(D)","(D)","(D)","(D)","(D)"
"26580","Huntington-Ashland, WV-KY-OH (Metropolitan Statistical Area)"," ","900","Real GDP by metropolitan area","64","55","   Management of companies and enterprises","(D)","(D)","(D)","(D)","(D)","(D)","(D)","(D)","(D)","(D)","(D)","(D)","(D)","(D)"
"26580","Huntington-Ashland, WV-KY-OH (Metropolitan Statistical Area)"," ","900","Real GDP by metropolitan area","65","56","   Administrative and waste management services","(D)","(D)","(D)",245,"(D)","(D)","(D)","(D)","(D)","(D)","(D)",306,319,357
"26580","Huntington-Ashland, WV-KY-OH (Metropolitan Statistical Area)"," ","900","Real GDP by metropolitan area","66","561","    Administrative and support services","(D)","(D)","(D)","(D)","(D)","(D)","(D)","(D)","(D)",240,259,"(D)",280,"(NA)"
"26580","Huntington-Ashland, WV-KY-OH (Metropolitan Statistical Area)"," ","900","Real GDP by metropolitan area","67","562","    Waste management and remediation services","(D)","(D)","(D)","(D)","(D)","(D)","(D)","(D)","(D)","(D)","(D)","(D)",40,"(NA)"
"26580","Huntington-Ashland, WV-KY-OH (Metropolitan Statistical Area)"," ","900","Real GDP by metropolitan area","68","61, 62","  Educational services, health care, and social assistance",1120,1173,1213,1273,1296,1348,1359,1439,1527,1542,1558,1583,1579,1593
"26580","Huntington-Ashland, WV-KY-OH (Metropolitan Statistical Area)"," ","900","Real GDP by metropolitan area","69","61","   Educational services","(D)","(D)","(D)",24,"(D)","(D)","(D)","(D)","(D)","(D)","(D)","(D)","(D)","(D)"
"26580","Huntington-Ashland, WV-KY-OH (Metropolitan Statistical Area)"," ","900","Real GDP by metropolitan area","70","62","   Health care and social assistance","(D)","(D)","(D)",1249,"(D)","(D)","(D)","(D)","(D)","(D)","(D)","(D)","(D)","(D)"
"26580","Huntington-Ashland, WV-KY-OH (Metropolitan Statistical Area)"," ","900","Real GDP by metropolitan area","71","621","    Ambulatory health care services",509,546,566,599,587,609,598,"(D)",673,"(D)",703,"(D)","(D)","(NA)"
"26580","Huntington-Ashland, WV-KY-OH (Metropolitan Statistical Area)"," ","900","Real GDP by metropolitan area","72","622-623","    Hospitals and nursing and residential care facilities","(D)","(D)","(D)","(D)","(D)","(D)","(D)","(D)","(D)","(D)","(D)","(D)",743,"(NA)"
"26580","Huntington-Ashland, WV-KY-OH (Metropolitan Statistical Area)"," ","900","Real GDP by metropolitan area","73","624","    Social assistance","(D)","(D)","(D)","(D)","(D)","(D)","(D)","(D)","(D)","(D)","(D)","(D)",67,"(NA)"
"26580","Huntington-Ashland, WV-KY-OH (Metropolitan Statistical Area)"," ","900","Real GDP by metropolitan area","74","71, 72","  Arts, entertainment, recreation, accommodation, and food services",344,364,354,361,359,349,342,342,331,341,357,363,"(D)",365
"26580","Huntington-Ashland, WV-KY-OH (Metropolitan Statistical Area)"," ","900","Real GDP by metropolitan area","75","71","   Arts, entertainment, and recreation","(D)","(D)","(D)","(D)",46,"(D)",45,"(D)","(D)",50,"(D)",60,"(D)","(D)"
"26580","Huntington-Ashland, WV-KY-OH (Metropolitan Statistical Area)"," ","900","Real GDP by metropolitan area","76","711-712","    Performing arts, spectator sports, museums, and related activities","(D)","(D)","(D)","(D)","(D)","(D)","(D)","(D)","(D)","(D)","(D)","(D)","(D)","(NA)"
"26580","Huntington-Ashland, WV-KY-OH (Metropolitan Statistical Area)"," ","900","Real GDP by metropolitan area","77","713","    Amusements, gambling, and recreation industries","(D)",30,"(D)","(D)","(D)","(D)","(D)","(D)","(D)","(D)","(D)","(D)",50,"(NA)"
"26580","Huntington-Ashland, WV-KY-OH (Metropolitan Statistical Area)"," ","900","Real GDP by metropolitan area","78","72","   Accommodation and food services","(D)","(D)","(D)","(D)",313,"(D)",297,"(D)","(D)",292,"(D)",303,295,"(D)"
"26580","Huntington-Ashland, WV-KY-OH (Metropolitan Statistical Area)"," ","900","Real GDP by metropolitan area","79","721","    Accommodation","(D)","(D)","(D)","(D)","(D)","(D)","(D)","(D)","(D)","(D)","(D)","(D)",30,"(NA)"
"26580","Huntington-Ashland, WV-KY-OH (Metropolitan Statistical Area)"," ","900","Real GDP by metropolitan area","80","722","    Food services and drinking places","(D)","(D)","(D)","(D)","(D)","(D)","(D)","(D)","(D)","(D)","(D)","(D)",265,"(NA)"
"26580","Huntington-Ashland, WV-KY-OH (Metropolitan Statistical Area)"," ","900","Real GDP by metropolitan area","81","81","  Other services, except government",298,333,335,340,339,339,322,294,280,268,262,262,256,264
"26580","Huntington-Ashland, WV-KY-OH (Metropolitan Statistical Area)"," ","900","Real GDP by metropolitan area","82","92"," Government",1528,1561,1579,1569,1595,1613,1597,1620,1653,1631,1609,1617,1594,1581
"26580","Huntington-Ashland, WV-KY-OH (Metropolitan Statistical Area)"," ","900","Real GDP by metropolitan area","83","...","  Federal civilian",349,364,361,362,360,365,369,388,411,374,362,355,347,"(NA)"
"26580","Huntington-Ashland, WV-KY-OH (Metropolitan Statistical Area)"," ","900","Real GDP by metropolitan area","84","...","  Federal military",59,67,79,83,89,83,81,87,95,91,92,90,87,"(NA)"
"26580","Huntington-Ashland, WV-KY-OH (Metropolitan Statistical Area)"," ","900","Real GDP by metropolitan area","85","...","  State and local",1119,1130,1140,1124,1146,1166,1147,1145,1148,1166,1156,1173,1160,"(NA)"
"26580","Huntington-Ashland, WV-KY-OH (Metropolitan Statistical Area)"," ","900","Real GDP by metropolitan area","86","11, 21","Natural resources and mining",392,"(D)",300,318,376,436,418,380,480,461,497,422,485,528
"26580","Huntington-Ashland, WV-KY-OH (Metropolitan Statistical Area)"," ","900","Real GDP by metropolitan area","87","42, 44-45","Trade","(D)","(D)","(D)","(D)","(D)","(D)","(D)","(D)","(D)","(D)","(D)","(D)",1600,1591
"26580","Huntington-Ashland, WV-KY-OH (Metropolitan Statistical Area)"," ","900","Real GDP by metropolitan area","88","...","Transportation and utilities","(D)",967,"(D)","(D)","(D)","(D)","(D)","(D)","(D)","(D)","(D)","(D)",979,948
"26580","Huntington-Ashland, WV-KY-OH (Metropolitan Statistical Area)"," ","900","Real GDP by metropolitan area","89","...","Private goods-producing industries",2694,2826,2852,2945,2943,2976,2933,3073,3321,3165,2816,2896,3457,3810
"26580","Huntington-Ashland, WV-KY-OH (Metropolitan Statistical Area)"," ","900","Real GDP by metropolitan area","90","...","Private services-providing industries",6196,6416,6486,6641,6754,6858,7045,7294,7180,7293,7412,7379,7403,7359
"26580","Huntington-Ashland, WV-KY-OH (Metropolitan Statistical Area)"," ","1000","Per capita real GDP by metropolitan area","1","...","All industry total",28843,29929,30135,30803,31170,31510,31799,32889,33323,33083,32269,32470,34322,35323
"Note: See the included footnote file."
NAICS Industry detail is based on the 2007 North American Industry Classification System (NAICS).
"Source: U.S. Department of Commerce / Bureau of Economic Analysis / Regional Product Division"
