"38900","Portland-Vancouver-Hillsboro, OR-WA (Metropolitan Statistical Area)"," ","200","Gross domestic product (GDP) by metropolitan area","1","...","All industry total",80731,82424,86087,96635,100598,112776,119721,128506,130972,140954,149423,150750,150590,159328
"38900","Portland-Vancouver-Hillsboro, OR-WA (Metropolitan Statistical Area)"," ","200","Gross domestic product (GDP) by metropolitan area","2","..."," Private industries",72342,73478,76701,86817,90716,102498,108973,116977,118972,128493,136417,137594,137168,145470
"38900","Portland-Vancouver-Hillsboro, OR-WA (Metropolitan Statistical Area)"," ","200","Gross domestic product (GDP) by metropolitan area","3","11","  Agriculture, forestry, fishing, and hunting","(D)","(D)","(D)","(D)","(D)","(D)","(D)","(D)","(D)","(D)","(D)","(D)",868,822
"38900","Portland-Vancouver-Hillsboro, OR-WA (Metropolitan Statistical Area)"," ","200","Gross domestic product (GDP) by metropolitan area","4","111-112","   Farms",573,570,667,712,705,843,763,607,608,476,504,501,524,"(NA)"
"38900","Portland-Vancouver-Hillsboro, OR-WA (Metropolitan Statistical Area)"," ","200","Gross domestic product (GDP) by metropolitan area","5","113-115","   Forestry, fishing, and related activities","(D)","(D)","(D)","(D)","(D)","(D)","(D)","(D)","(D)","(D)","(D)","(D)",344,"(NA)"
"38900","Portland-Vancouver-Hillsboro, OR-WA (Metropolitan Statistical Area)"," ","200","Gross domestic product (GDP) by metropolitan area","6","21","  Mining","(D)","(D)","(D)","(D)","(D)","(D)","(D)","(D)","(D)","(D)","(D)","(D)",204,318
"38900","Portland-Vancouver-Hillsboro, OR-WA (Metropolitan Statistical Area)"," ","200","Gross domestic product (GDP) by metropolitan area","7","211","   Oil and gas extraction",1,1,1,"(L)",1,"(D)","(D)","(D)","(D)","(D)","(D)","(D)","(D)","(NA)"
"38900","Portland-Vancouver-Hillsboro, OR-WA (Metropolitan Statistical Area)"," ","200","Gross domestic product (GDP) by metropolitan area","8","212","   Mining, except oil and gas","(D)","(D)","(D)","(D)","(D)","(D)","(D)","(D)","(D)","(D)","(D)","(D)",199,"(NA)"
"38900","Portland-Vancouver-Hillsboro, OR-WA (Metropolitan Statistical Area)"," ","200","Gross domestic product (GDP) by metropolitan area","9","213","   Support activities for mining","(D)","(D)","(D)","(D)","(D)","(D)","(D)","(D)","(D)","(D)","(D)","(D)","(D)","(NA)"
"38900","Portland-Vancouver-Hillsboro, OR-WA (Metropolitan Statistical Area)"," ","200","Gross domestic product (GDP) by metropolitan area","10","22","  Utilities","(D)","(D)","(D)","(D)","(D)","(D)","(D)","(D)","(D)","(D)","(D)","(D)","(D)","(D)"
"38900","Portland-Vancouver-Hillsboro, OR-WA (Metropolitan Statistical Area)"," ","200","Gross domestic product (GDP) by metropolitan area","11","23","  Construction","(D)",3656,3580,4040,4635,5191,5668,5261,4501,4043,4193,4676,4996,5306
"38900","Portland-Vancouver-Hillsboro, OR-WA (Metropolitan Statistical Area)"," ","200","Gross domestic product (GDP) by metropolitan area","12","31-33","  Manufacturing",13987,14538,16131,22826,21762,27896,28902,35489,39027,47546,52290,49108,44827,47799
"38900","Portland-Vancouver-Hillsboro, OR-WA (Metropolitan Statistical Area)"," ","200","Gross domestic product (GDP) by metropolitan area","13","...","   Durable goods manufacturing","(D)","(D)","(D)","(D)","(D)","(D)","(D)","(D)","(D)","(D)","(D)",46125,41712,44644
"38900","Portland-Vancouver-Hillsboro, OR-WA (Metropolitan Statistical Area)"," ","200","Gross domestic product (GDP) by metropolitan area","14","321","    Wood products manufacturing","(D)","(D)","(D)","(D)","(D)","(D)","(D)","(D)","(D)","(D)","(D)","(D)","(D)","(NA)"
"38900","Portland-Vancouver-Hillsboro, OR-WA (Metropolitan Statistical Area)"," ","200","Gross domestic product (GDP) by metropolitan area","15","327","    Nonmetallic mineral products manufacturing","(D)","(D)","(D)","(D)","(D)","(D)","(D)","(D)","(D)",236,366,290,"(D)","(NA)"
"38900","Portland-Vancouver-Hillsboro, OR-WA (Metropolitan Statistical Area)"," ","200","Gross domestic product (GDP) by metropolitan area","16","331","    Primary metals manufacturing","(D)","(D)","(D)","(D)","(D)","(D)","(D)","(D)","(D)","(D)","(D)","(D)","(D)","(NA)"
"38900","Portland-Vancouver-Hillsboro, OR-WA (Metropolitan Statistical Area)"," ","200","Gross domestic product (GDP) by metropolitan area","17","332","    Fabricated metal products","(D)","(D)","(D)","(D)","(D)","(D)","(D)","(D)","(D)","(D)","(D)","(D)","(D)","(NA)"
"38900","Portland-Vancouver-Hillsboro, OR-WA (Metropolitan Statistical Area)"," ","200","Gross domestic product (GDP) by metropolitan area","18","333","    Machinery manufacturing","(D)","(D)","(D)","(D)","(D)","(D)",1028,932,735,858,"(D)","(D)",988,"(NA)"
"38900","Portland-Vancouver-Hillsboro, OR-WA (Metropolitan Statistical Area)"," ","200","Gross domestic product (GDP) by metropolitan area","19","334","    Computer and electronic products manufacturing","(D)","(D)","(D)","(D)","(D)","(D)","(D)","(D)","(D)","(D)","(D)","(D)",35960,"(NA)"
"38900","Portland-Vancouver-Hillsboro, OR-WA (Metropolitan Statistical Area)"," ","200","Gross domestic product (GDP) by metropolitan area","20","335","    Electrical equipment, appliance, and components manufacturing","(D)","(D)","(D)","(D)","(D)","(D)","(D)","(D)","(D)","(D)","(D)","(D)","(D)","(NA)"
"38900","Portland-Vancouver-Hillsboro, OR-WA (Metropolitan Statistical Area)"," ","200","Gross domestic product (GDP) by metropolitan area","21","3361-3363","    Motor vehicles, bodies and trailers, and parts manufacturing","(D)","(D)","(D)","(D)","(D)","(D)","(D)","(D)","(D)","(D)","(D)","(D)","(D)","(NA)"
"38900","Portland-Vancouver-Hillsboro, OR-WA (Metropolitan Statistical Area)"," ","200","Gross domestic product (GDP) by metropolitan area","22","3364-3366, 3369","    Other transportation equipment manufacturing","(D)","(D)","(D)","(D)","(D)","(D)","(D)","(D)","(D)","(D)","(D)","(D)","(D)","(NA)"
"38900","Portland-Vancouver-Hillsboro, OR-WA (Metropolitan Statistical Area)"," ","200","Gross domestic product (GDP) by metropolitan area","23","337","    Furniture and related products manufacturing","(D)",235,255,217,265,275,"(D)","(D)","(D)","(D)","(D)","(D)",170,"(NA)"
"38900","Portland-Vancouver-Hillsboro, OR-WA (Metropolitan Statistical Area)"," ","200","Gross domestic product (GDP) by metropolitan area","24","339","    Miscellaneous manufacturing","(D)","(D)","(D)","(D)","(D)","(D)","(D)","(D)","(D)","(D)","(D)","(D)","(D)","(NA)"
"38900","Portland-Vancouver-Hillsboro, OR-WA (Metropolitan Statistical Area)"," ","200","Gross domestic product (GDP) by metropolitan area","25","...","   Nondurable goods manufacturing","(D)","(D)","(D)","(D)","(D)","(D)","(D)","(D)","(D)","(D)","(D)",2982,3115,3155
"38900","Portland-Vancouver-Hillsboro, OR-WA (Metropolitan Statistical Area)"," ","200","Gross domestic product (GDP) by metropolitan area","26","311-312","    Food and beverage and tobacco products manufacturing","(D)","(D)","(D)","(D)","(D)","(D)","(D)","(D)","(D)","(D)","(D)","(D)",1217,"(NA)"
"38900","Portland-Vancouver-Hillsboro, OR-WA (Metropolitan Statistical Area)"," ","200","Gross domestic product (GDP) by metropolitan area","27","313-314","    Textile mills and textile product mills","(D)","(D)","(D)","(D)","(D)","(D)","(D)","(D)","(D)","(D)","(D)","(D)",45,"(NA)"
"38900","Portland-Vancouver-Hillsboro, OR-WA (Metropolitan Statistical Area)"," ","200","Gross domestic product (GDP) by metropolitan area","28","315-316","    Apparel and leather and allied products manufacturing","(D)","(D)","(D)","(D)","(D)","(D)","(D)","(D)","(D)",71,"(D)","(D)",72,"(NA)"
"38900","Portland-Vancouver-Hillsboro, OR-WA (Metropolitan Statistical Area)"," ","200","Gross domestic product (GDP) by metropolitan area","29","322","    Paper products manufacturing","(D)","(D)","(D)","(D)","(D)","(D)","(D)","(D)","(D)","(D)","(D)","(D)",512,"(NA)"
"38900","Portland-Vancouver-Hillsboro, OR-WA (Metropolitan Statistical Area)"," ","200","Gross domestic product (GDP) by metropolitan area","30","323","    Printing and related support activities","(D)","(D)","(D)","(D)","(D)","(D)","(D)","(D)","(D)","(D)","(D)","(D)","(D)","(NA)"
"38900","Portland-Vancouver-Hillsboro, OR-WA (Metropolitan Statistical Area)"," ","200","Gross domestic product (GDP) by metropolitan area","31","324","    Petroleum and coal products manufacturing","(D)","(D)","(D)","(D)","(D)","(D)","(D)","(D)","(D)","(D)","(D)","(D)",175,"(NA)"
"38900","Portland-Vancouver-Hillsboro, OR-WA (Metropolitan Statistical Area)"," ","200","Gross domestic product (GDP) by metropolitan area","32","325","    Chemical products manufacturing","(D)",286,"(D)","(D)",267,330,332,350,431,"(D)","(D)","(D)",448,"(NA)"
"38900","Portland-Vancouver-Hillsboro, OR-WA (Metropolitan Statistical Area)"," ","200","Gross domestic product (GDP) by metropolitan area","33","326","    Plastics and rubber products manufacturing","(D)","(D)","(D)","(D)","(D)","(D)","(D)","(D)","(D)","(D)","(D)","(D)","(D)","(NA)"
"38900","Portland-Vancouver-Hillsboro, OR-WA (Metropolitan Statistical Area)"," ","200","Gross domestic product (GDP) by metropolitan area","34","42","  Wholesale trade","(D)","(D)","(D)","(D)","(D)","(D)","(D)","(D)","(D)","(D)",9945,"(D)","(D)","(D)"
"38900","Portland-Vancouver-Hillsboro, OR-WA (Metropolitan Statistical Area)"," ","200","Gross domestic product (GDP) by metropolitan area","35","44-45","  Retail trade",4513,4468,4615,4810,5044,5325,5438,5313,5171,5377,5503,5791,6099,6471
"38900","Portland-Vancouver-Hillsboro, OR-WA (Metropolitan Statistical Area)"," ","200","Gross domestic product (GDP) by metropolitan area","36","48-49","  Transportation and warehousing","(D)","(D)","(D)","(D)","(D)","(D)","(D)","(D)","(D)","(D)","(D)","(D)",3533,3724
"38900","Portland-Vancouver-Hillsboro, OR-WA (Metropolitan Statistical Area)"," ","200","Gross domestic product (GDP) by metropolitan area","37","481","   Air transportation","(D)","(D)","(D)","(D)","(D)","(D)","(D)","(D)","(D)","(D)","(D)","(D)","(D)","(NA)"
"38900","Portland-Vancouver-Hillsboro, OR-WA (Metropolitan Statistical Area)"," ","200","Gross domestic product (GDP) by metropolitan area","38","482","   Rail transportation","(D)","(D)",152,175,191,214,210,246,208,219,233,262,272,"(NA)"
"38900","Portland-Vancouver-Hillsboro, OR-WA (Metropolitan Statistical Area)"," ","200","Gross domestic product (GDP) by metropolitan area","39","483","   Water transportation","(D)","(D)","(D)","(D)","(D)","(D)","(D)","(D)","(D)","(D)","(D)","(D)",173,"(NA)"
"38900","Portland-Vancouver-Hillsboro, OR-WA (Metropolitan Statistical Area)"," ","200","Gross domestic product (GDP) by metropolitan area","40","484","   Truck transportation","(D)",846,857,"(D)","(D)","(D)","(D)","(D)","(D)","(D)","(D)","(D)","(D)","(NA)"
"38900","Portland-Vancouver-Hillsboro, OR-WA (Metropolitan Statistical Area)"," ","200","Gross domestic product (GDP) by metropolitan area","41","485","   Transit and ground passenger transportation","(D)",122,132,145,144,163,166,170,183,187,199,200,205,"(NA)"
"38900","Portland-Vancouver-Hillsboro, OR-WA (Metropolitan Statistical Area)"," ","200","Gross domestic product (GDP) by metropolitan area","42","486","   Pipeline transportation","(L)","(D)",1,3,2,2,3,3,3,3,"(D)","(D)","(D)","(NA)"
"38900","Portland-Vancouver-Hillsboro, OR-WA (Metropolitan Statistical Area)"," ","200","Gross domestic product (GDP) by metropolitan area","43","487-488, 492","   Other transportation and support activities","(D)","(D)","(D)","(D)","(D)","(D)","(D)","(D)","(D)","(D)","(D)","(D)",895,"(NA)"
"38900","Portland-Vancouver-Hillsboro, OR-WA (Metropolitan Statistical Area)"," ","200","Gross domestic product (GDP) by metropolitan area","44","493","   Warehousing and storage","(D)","(D)","(D)","(D)","(D)","(D)","(D)","(D)",247,244,"(D)",239,223,"(NA)"
"38900","Portland-Vancouver-Hillsboro, OR-WA (Metropolitan Statistical Area)"," ","200","Gross domestic product (GDP) by metropolitan area","45","51","  Information",3255,3221,3425,3856,4039,4254,4628,"(D)","(D)","(D)","(D)","(D)",4971,"(D)"
"38900","Portland-Vancouver-Hillsboro, OR-WA (Metropolitan Statistical Area)"," ","200","Gross domestic product (GDP) by metropolitan area","46","511","   Publishing industries, except Internet (includes software)","(D)","(D)",1404,"(D)","(D)","(D)","(D)",2119,1996,2095,2159,2119,2260,"(NA)"
"38900","Portland-Vancouver-Hillsboro, OR-WA (Metropolitan Statistical Area)"," ","200","Gross domestic product (GDP) by metropolitan area","47","512","   Motion picture and sound recording industries",190,170,172,"(D)","(D)",203,252,428,357,410,512,"(D)","(D)","(NA)"
"38900","Portland-Vancouver-Hillsboro, OR-WA (Metropolitan Statistical Area)"," ","200","Gross domestic product (GDP) by metropolitan area","48","515, 517","   Broadcasting and telecommunications","(D)","(D)","(D)","(D)","(D)","(D)","(D)","(D)","(D)","(D)","(D)","(D)","(D)","(NA)"
"38900","Portland-Vancouver-Hillsboro, OR-WA (Metropolitan Statistical Area)"," ","200","Gross domestic product (GDP) by metropolitan area","49","518, 519","   Data processing, internet publishing, and other information services","(D)","(D)","(D)","(D)","(D)","(D)","(D)","(D)","(D)","(D)","(D)","(D)",513,"(NA)"
"38900","Portland-Vancouver-Hillsboro, OR-WA (Metropolitan Statistical Area)"," ","200","Gross domestic product (GDP) by metropolitan area","50","52, 53","  Finance, insurance, real estate, rental, and leasing",17190,17295,17431,17250,19056,"(D)",23412,"(D)","(D)","(D)","(D)",25383,26641,28033
"38900","Portland-Vancouver-Hillsboro, OR-WA (Metropolitan Statistical Area)"," ","200","Gross domestic product (GDP) by metropolitan area","51","52","   Finance and insurance","(D)","(D)","(D)","(D)","(D)",5616,5716,5145,5363,5396,5588,5948,6513,6676
"38900","Portland-Vancouver-Hillsboro, OR-WA (Metropolitan Statistical Area)"," ","200","Gross domestic product (GDP) by metropolitan area","52","521-522","    Federal Reserve banks, credit intermediation, and related services","(D)","(D)","(D)","(D)","(D)","(D)","(D)","(D)","(D)","(D)","(D)","(D)","(D)","(NA)"
"38900","Portland-Vancouver-Hillsboro, OR-WA (Metropolitan Statistical Area)"," ","200","Gross domestic product (GDP) by metropolitan area","53","523","    Securities, commodity contracts, and investments","(D)","(D)","(D)","(D)","(D)","(D)","(D)","(D)","(D)","(D)","(D)","(D)",748,"(NA)"
"38900","Portland-Vancouver-Hillsboro, OR-WA (Metropolitan Statistical Area)"," ","200","Gross domestic product (GDP) by metropolitan area","54","524","    Insurance carriers and related activities","(D)","(D)","(D)","(D)","(D)","(D)","(D)","(D)","(D)","(D)","(D)","(D)","(D)","(NA)"
"38900","Portland-Vancouver-Hillsboro, OR-WA (Metropolitan Statistical Area)"," ","200","Gross domestic product (GDP) by metropolitan area","55","525","    Funds, trusts, and other financial vehicles","(D)","(D)","(D)","(D)","(D)","(D)","(D)","(D)","(D)","(D)","(D)","(D)","(D)","(NA)"
"38900","Portland-Vancouver-Hillsboro, OR-WA (Metropolitan Statistical Area)"," ","200","Gross domestic product (GDP) by metropolitan area","56","53","   Real estate and rental and leasing","(D)","(D)","(D)","(D)","(D)","(D)",17695,"(D)","(D)","(D)","(D)",19435,20128,21357
"38900","Portland-Vancouver-Hillsboro, OR-WA (Metropolitan Statistical Area)"," ","200","Gross domestic product (GDP) by metropolitan area","57","531","    Real estate","(D)","(D)","(D)","(D)","(D)","(D)","(D)","(D)","(D)","(D)","(D)","(D)","(D)","(NA)"
"38900","Portland-Vancouver-Hillsboro, OR-WA (Metropolitan Statistical Area)"," ","200","Gross domestic product (GDP) by metropolitan area","58","532-533","    Rental and leasing services and lessors of intangible assets",701,1010,936,"(D)","(D)","(D)","(D)","(D)","(D)",823,829,"(D)","(D)","(NA)"
"38900","Portland-Vancouver-Hillsboro, OR-WA (Metropolitan Statistical Area)"," ","200","Gross domestic product (GDP) by metropolitan area","59","54, 55, 56","  Professional and business services",8720,8986,9127,9696,10405,11201,12093,12850,12007,12334,12967,13903,16553,18234
"38900","Portland-Vancouver-Hillsboro, OR-WA (Metropolitan Statistical Area)"," ","200","Gross domestic product (GDP) by metropolitan area","60","54","   Professional, scientific, and technical services","(D)",4867,4929,5227,"(D)","(D)","(D)",6784,"(D)",6568,7009,"(D)","(D)","(D)"
"38900","Portland-Vancouver-Hillsboro, OR-WA (Metropolitan Statistical Area)"," ","200","Gross domestic product (GDP) by metropolitan area","64","55","   Management of companies and enterprises","(D)","(D)","(D)","(D)","(D)","(D)","(D)",2963,"(D)",2788,2897,"(D)","(D)","(D)"
"38900","Portland-Vancouver-Hillsboro, OR-WA (Metropolitan Statistical Area)"," ","200","Gross domestic product (GDP) by metropolitan area","65","56","   Administrative and waste management services","(D)","(D)","(D)","(D)","(D)","(D)",3051,3104,2826,2978,3062,3337,3526,3834
"38900","Portland-Vancouver-Hillsboro, OR-WA (Metropolitan Statistical Area)"," ","200","Gross domestic product (GDP) by metropolitan area","66","561","    Administrative and support services","(D)",2062,2083,"(D)","(D)",2667,2805,"(D)","(D)","(D)","(D)","(D)","(D)","(NA)"
"38900","Portland-Vancouver-Hillsboro, OR-WA (Metropolitan Statistical Area)"," ","200","Gross domestic product (GDP) by metropolitan area","67","562","    Waste management and remediation services","(D)","(D)","(D)","(D)",219,"(D)",246,"(D)","(D)","(D)","(D)","(D)","(D)","(NA)"
"38900","Portland-Vancouver-Hillsboro, OR-WA (Metropolitan Statistical Area)"," ","200","Gross domestic product (GDP) by metropolitan area","68","61, 62","  Educational services, health care, and social assistance",5206,5587,6042,6496,6859,7443,7812,8519,8966,9275,9514,10070,10365,10858
"38900","Portland-Vancouver-Hillsboro, OR-WA (Metropolitan Statistical Area)"," ","200","Gross domestic product (GDP) by metropolitan area","69","61","   Educational services",581,619,"(D)","(D)","(D)","(D)","(D)","(D)","(D)","(D)","(D)","(D)","(D)","(D)"
"38900","Portland-Vancouver-Hillsboro, OR-WA (Metropolitan Statistical Area)"," ","200","Gross domestic product (GDP) by metropolitan area","70","62","   Health care and social assistance",4624,4968,"(D)","(D)","(D)","(D)","(D)","(D)","(D)","(D)","(D)","(D)","(D)","(D)"
"38900","Portland-Vancouver-Hillsboro, OR-WA (Metropolitan Statistical Area)"," ","200","Gross domestic product (GDP) by metropolitan area","71","621","    Ambulatory health care services","(D)","(D)","(D)",2880,3117,3409,3617,3957,4079,4220,4367,4598,4800,"(NA)"
"38900","Portland-Vancouver-Hillsboro, OR-WA (Metropolitan Statistical Area)"," ","200","Gross domestic product (GDP) by metropolitan area","72","622-623","    Hospitals and nursing and residential care facilities","(D)","(D)","(D)","(D)","(D)","(D)","(D)","(D)","(D)","(D)","(D)","(D)",3413,"(NA)"
"38900","Portland-Vancouver-Hillsboro, OR-WA (Metropolitan Statistical Area)"," ","200","Gross domestic product (GDP) by metropolitan area","73","624","    Social assistance","(D)","(D)","(D)","(D)","(D)","(D)","(D)","(D)","(D)","(D)","(D)","(D)","(D)","(NA)"
"38900","Portland-Vancouver-Hillsboro, OR-WA (Metropolitan Statistical Area)"," ","200","Gross domestic product (GDP) by metropolitan area","74","71, 72","  Arts, entertainment, recreation, accommodation, and food services",2506,2615,2687,2843,2986,3186,3344,3361,3317,3485,3554,3878,4021,4228
"38900","Portland-Vancouver-Hillsboro, OR-WA (Metropolitan Statistical Area)"," ","200","Gross domestic product (GDP) by metropolitan area","75","71","   Arts, entertainment, and recreation",570,608,603,627,655,689,766,783,776,841,836,919,"(D)",972
"38900","Portland-Vancouver-Hillsboro, OR-WA (Metropolitan Statistical Area)"," ","200","Gross domestic product (GDP) by metropolitan area","76","711-712","    Performing arts, spectator sports, museums, and related activities","(D)","(D)","(D)","(D)","(D)","(D)","(D)","(D)","(D)","(D)","(D)","(D)",431,"(NA)"
"38900","Portland-Vancouver-Hillsboro, OR-WA (Metropolitan Statistical Area)"," ","200","Gross domestic product (GDP) by metropolitan area","77","713","    Amusements, gambling, and recreation industries","(D)","(D)","(D)","(D)","(D)","(D)","(D)","(D)","(D)","(D)","(D)","(D)","(D)","(NA)"
"38900","Portland-Vancouver-Hillsboro, OR-WA (Metropolitan Statistical Area)"," ","200","Gross domestic product (GDP) by metropolitan area","78","72","   Accommodation and food services",1937,2007,2084,2216,2331,2496,2578,2578,2541,2643,2719,2959,"(D)",3256
"38900","Portland-Vancouver-Hillsboro, OR-WA (Metropolitan Statistical Area)"," ","200","Gross domestic product (GDP) by metropolitan area","79","721","    Accommodation","(D)",440,438,462,467,488,517,523,"(D)","(D)",538,575,"(D)","(NA)"
"38900","Portland-Vancouver-Hillsboro, OR-WA (Metropolitan Statistical Area)"," ","200","Gross domestic product (GDP) by metropolitan area","80","722","    Food services and drinking places","(D)",1567,1646,1754,1864,2008,2061,2055,"(D)","(D)",2180,2384,2496,"(NA)"
"38900","Portland-Vancouver-Hillsboro, OR-WA (Metropolitan Statistical Area)"," ","200","Gross domestic product (GDP) by metropolitan area","81","81","  Other services, except government",1917,2000,1996,2161,2294,2441,2488,2449,2385,2402,2469,2678,2753,"(D)"
"38900","Portland-Vancouver-Hillsboro, OR-WA (Metropolitan Statistical Area)"," ","200","Gross domestic product (GDP) by metropolitan area","82","92"," Government",8389,8946,9387,9818,9883,10277,10748,11529,12000,12461,13006,13156,13422,13858
"38900","Portland-Vancouver-Hillsboro, OR-WA (Metropolitan Statistical Area)"," ","200","Gross domestic product (GDP) by metropolitan area","83","...","  Federal civilian",1739,1997,2142,2088,1988,2195,2227,2285,2388,2611,2783,2813,2814,"(NA)"
"38900","Portland-Vancouver-Hillsboro, OR-WA (Metropolitan Statistical Area)"," ","200","Gross domestic product (GDP) by metropolitan area","84","...","  Federal military",189,229,302,314,353,341,348,376,419,411,390,371,363,"(NA)"
"38900","Portland-Vancouver-Hillsboro, OR-WA (Metropolitan Statistical Area)"," ","200","Gross domestic product (GDP) by metropolitan area","85","...","  State and local",6460,6720,6942,7416,7541,7741,8173,8869,9193,9440,9833,9973,10246,"(NA)"
"38900","Portland-Vancouver-Hillsboro, OR-WA (Metropolitan Statistical Area)"," ","200","Gross domestic product (GDP) by metropolitan area","86","11, 21","Natural resources and mining",1129,"(D)","(D)","(D)","(D)",1396,"(D)",1101,1066,971,1026,1019,1072,1140
"38900","Portland-Vancouver-Hillsboro, OR-WA (Metropolitan Statistical Area)"," ","200","Gross domestic product (GDP) by metropolitan area","87","42, 44-45","Trade","(D)","(D)","(D)","(D)","(D)","(D)","(D)","(D)","(D)","(D)",15448,"(D)","(D)","(D)"
"38900","Portland-Vancouver-Hillsboro, OR-WA (Metropolitan Statistical Area)"," ","200","Gross domestic product (GDP) by metropolitan area","88","...","Transportation and utilities",3384,3413,3512,3843,4026,4344,4357,4510,4300,4579,4766,5391,"(D)","(D)"
"38900","Portland-Vancouver-Hillsboro, OR-WA (Metropolitan Statistical Area)"," ","200","Gross domestic product (GDP) by metropolitan area","89","...","Private goods-producing industries",19113,19275,20888,28071,27584,34483,35888,41851,44594,52560,57509,54803,50895,54244
"38900","Portland-Vancouver-Hillsboro, OR-WA (Metropolitan Statistical Area)"," ","200","Gross domestic product (GDP) by metropolitan area","90","...","Private services-providing industries",53230,54203,55812,58746,63132,68015,73085,75125,74378,75933,78908,82791,86273,91226
"38900","Portland-Vancouver-Hillsboro, OR-WA (Metropolitan Statistical Area)"," ","800","Quantity indexes for real GDP by metropolitan area","1","...","All industry total",66.242,66.962,69.522,76.884,78.956,87.439,92.080,99.038,100.000,107.523,113.924,113.558,111.673,116.525
"38900","Portland-Vancouver-Hillsboro, OR-WA (Metropolitan Statistical Area)"," ","800","Quantity indexes for real GDP by metropolitan area","2","..."," Private industries",63.695,64.263,66.966,74.975,77.510,86.762,91.804,99.083,100.000,108.198,115.019,114.646,112.538,117.731
"38900","Portland-Vancouver-Hillsboro, OR-WA (Metropolitan Statistical Area)"," ","800","Quantity indexes for real GDP by metropolitan area","3","11","  Agriculture, forestry, fishing, and hunting","(D)","(D)","(D)","(D)","(D)","(D)","(D)","(D)","(D)","(D)","(D)","(D)","(D)","(D)"
"38900","Portland-Vancouver-Hillsboro, OR-WA (Metropolitan Statistical Area)"," ","800","Quantity indexes for real GDP by metropolitan area","4","111-112","   Farms",93.879,102.585,105.979,94.636,112.872,142.954,95.292,74.871,100.000,67.321,52.759,50.950,51.187,"(NA)"
"38900","Portland-Vancouver-Hillsboro, OR-WA (Metropolitan Statistical Area)"," ","800","Quantity indexes for real GDP by metropolitan area","5","113-115","   Forestry, fishing, and related activities","(D)","(D)","(D)","(D)","(D)","(D)","(D)","(D)","(D)","(D)","(D)","(D)","(D)","(NA)"
"38900","Portland-Vancouver-Hillsboro, OR-WA (Metropolitan Statistical Area)"," ","800","Quantity indexes for real GDP by metropolitan area","6","21","  Mining","(D)","(D)","(D)","(D)","(D)","(D)","(D)","(D)","(D)","(D)","(D)","(D)","(D)","(D)"
"38900","Portland-Vancouver-Hillsboro, OR-WA (Metropolitan Statistical Area)"," ","800","Quantity indexes for real GDP by metropolitan area","7","211","   Oil and gas extraction","(D)","(D)","(D)","(D)","(D)","(D)","(D)","(D)","(D)","(D)","(D)","(D)","(D)","(NA)"
"38900","Portland-Vancouver-Hillsboro, OR-WA (Metropolitan Statistical Area)"," ","800","Quantity indexes for real GDP by metropolitan area","8","212","   Mining, except oil and gas","(D)","(D)","(D)","(D)","(D)","(D)","(D)","(D)","(D)","(D)","(D)","(D)","(D)","(NA)"
"38900","Portland-Vancouver-Hillsboro, OR-WA (Metropolitan Statistical Area)"," ","800","Quantity indexes for real GDP by metropolitan area","9","213","   Support activities for mining","(D)","(D)","(D)","(D)","(D)","(D)","(D)","(D)","(D)","(D)","(D)","(D)","(D)","(NA)"
"38900","Portland-Vancouver-Hillsboro, OR-WA (Metropolitan Statistical Area)"," ","800","Quantity indexes for real GDP by metropolitan area","10","22","  Utilities","(D)","(D)","(D)","(D)","(D)","(D)","(D)","(D)","(D)","(D)","(D)","(D)","(D)","(D)"
"38900","Portland-Vancouver-Hillsboro, OR-WA (Metropolitan Statistical Area)"," ","800","Quantity indexes for real GDP by metropolitan area","11","23","  Construction","(D)",120.048,112.334,117.696,121.650,124.461,127.723,118.531,100.000,91.484,93.503,101.090,104.123,104.345
"38900","Portland-Vancouver-Hillsboro, OR-WA (Metropolitan Statistical Area)"," ","800","Quantity indexes for real GDP by metropolitan area","12","31-33","  Manufacturing",23.826,25.901,30.668,45.774,45.400,61.523,68.439,89.161,100.000,124.359,140.552,132.752,120.479,128.371
"38900","Portland-Vancouver-Hillsboro, OR-WA (Metropolitan Statistical Area)"," ","800","Quantity indexes for real GDP by metropolitan area","13","...","   Durable goods manufacturing","(D)","(D)","(D)","(D)","(D)","(D)","(D)","(D)","(D)","(D)","(D)","(D)","(D)","(D)"
"38900","Portland-Vancouver-Hillsboro, OR-WA (Metropolitan Statistical Area)"," ","800","Quantity indexes for real GDP by metropolitan area","14","321","    Wood products manufacturing","(D)","(D)","(D)","(D)","(D)","(D)","(D)","(D)","(D)","(D)","(D)","(D)","(D)","(NA)"
"38900","Portland-Vancouver-Hillsboro, OR-WA (Metropolitan Statistical Area)"," ","800","Quantity indexes for real GDP by metropolitan area","15","327","    Nonmetallic mineral products manufacturing","(D)","(D)","(D)","(D)","(D)","(D)","(D)","(D)","(D)","(D)","(D)","(D)","(D)","(NA)"
"38900","Portland-Vancouver-Hillsboro, OR-WA (Metropolitan Statistical Area)"," ","800","Quantity indexes for real GDP by metropolitan area","16","331","    Primary metals manufacturing","(D)","(D)","(D)","(D)","(D)","(D)","(D)","(D)","(D)","(D)","(D)","(D)","(D)","(NA)"
"38900","Portland-Vancouver-Hillsboro, OR-WA (Metropolitan Statistical Area)"," ","800","Quantity indexes for real GDP by metropolitan area","17","332","    Fabricated metal products","(D)","(D)","(D)","(D)","(D)","(D)","(D)","(D)","(D)","(D)","(D)","(D)","(D)","(NA)"
"38900","Portland-Vancouver-Hillsboro, OR-WA (Metropolitan Statistical Area)"," ","800","Quantity indexes for real GDP by metropolitan area","18","333","    Machinery manufacturing","(D)","(D)","(D)","(D)","(D)","(D)",156.024,141.776,100.000,122.228,"(D)","(D)",130.628,"(NA)"
"38900","Portland-Vancouver-Hillsboro, OR-WA (Metropolitan Statistical Area)"," ","800","Quantity indexes for real GDP by metropolitan area","19","334","    Computer and electronic products manufacturing","(D)","(D)","(D)","(D)","(D)","(D)","(D)","(D)","(D)","(D)","(D)","(D)","(D)","(NA)"
"38900","Portland-Vancouver-Hillsboro, OR-WA (Metropolitan Statistical Area)"," ","800","Quantity indexes for real GDP by metropolitan area","20","335","    Electrical equipment, appliance, and components manufacturing","(D)","(D)","(D)","(D)","(D)","(D)","(D)","(D)","(D)","(D)","(D)","(D)","(D)","(NA)"
"38900","Portland-Vancouver-Hillsboro, OR-WA (Metropolitan Statistical Area)"," ","800","Quantity indexes for real GDP by metropolitan area","21","3361-3363","    Motor vehicles, bodies and trailers, and parts manufacturing","(D)","(D)","(D)","(D)","(D)","(D)","(D)","(D)","(D)","(D)","(D)","(D)","(D)","(NA)"
"38900","Portland-Vancouver-Hillsboro, OR-WA (Metropolitan Statistical Area)"," ","800","Quantity indexes for real GDP by metropolitan area","22","3364-3366, 3369","    Other transportation equipment manufacturing","(D)","(D)","(D)","(D)","(D)","(D)","(D)","(D)","(D)","(D)","(D)","(D)","(D)","(NA)"
"38900","Portland-Vancouver-Hillsboro, OR-WA (Metropolitan Statistical Area)"," ","800","Quantity indexes for real GDP by metropolitan area","23","337","    Furniture and related products manufacturing","(D)","(D)","(D)","(D)","(D)","(D)","(D)","(D)","(D)","(D)","(D)","(D)","(D)","(NA)"
"38900","Portland-Vancouver-Hillsboro, OR-WA (Metropolitan Statistical Area)"," ","800","Quantity indexes for real GDP by metropolitan area","24","339","    Miscellaneous manufacturing","(D)","(D)","(D)","(D)","(D)","(D)","(D)","(D)","(D)","(D)","(D)","(D)","(D)","(NA)"
"38900","Portland-Vancouver-Hillsboro, OR-WA (Metropolitan Statistical Area)"," ","800","Quantity indexes for real GDP by metropolitan area","25","...","   Nondurable goods manufacturing","(D)","(D)","(D)","(D)","(D)","(D)","(D)","(D)","(D)","(D)","(D)","(D)","(D)","(D)"
"38900","Portland-Vancouver-Hillsboro, OR-WA (Metropolitan Statistical Area)"," ","800","Quantity indexes for real GDP by metropolitan area","26","311-312","    Food and beverage and tobacco products manufacturing","(D)","(D)","(D)","(D)","(D)","(D)","(D)","(D)","(D)","(D)","(D)","(D)","(D)","(NA)"
"38900","Portland-Vancouver-Hillsboro, OR-WA (Metropolitan Statistical Area)"," ","800","Quantity indexes for real GDP by metropolitan area","27","313-314","    Textile mills and textile product mills","(D)","(D)","(D)","(D)","(D)","(D)","(D)","(D)","(D)","(D)","(D)","(D)","(D)","(NA)"
"38900","Portland-Vancouver-Hillsboro, OR-WA (Metropolitan Statistical Area)"," ","800","Quantity indexes for real GDP by metropolitan area","28","315-316","    Apparel and leather and allied products manufacturing","(D)","(D)","(D)","(D)","(D)","(D)","(D)","(D)","(D)","(D)","(D)","(D)","(D)","(NA)"
"38900","Portland-Vancouver-Hillsboro, OR-WA (Metropolitan Statistical Area)"," ","800","Quantity indexes for real GDP by metropolitan area","29","322","    Paper products manufacturing","(D)","(D)","(D)","(D)","(D)","(D)","(D)","(D)","(D)","(D)","(D)","(D)","(D)","(NA)"
"38900","Portland-Vancouver-Hillsboro, OR-WA (Metropolitan Statistical Area)"," ","800","Quantity indexes for real GDP by metropolitan area","30","323","    Printing and related support activities","(D)","(D)","(D)","(D)","(D)","(D)","(D)","(D)","(D)","(D)","(D)","(D)","(D)","(NA)"
"38900","Portland-Vancouver-Hillsboro, OR-WA (Metropolitan Statistical Area)"," ","800","Quantity indexes for real GDP by metropolitan area","31","324","    Petroleum and coal products manufacturing","(D)","(D)","(D)","(D)","(D)","(D)","(D)","(D)","(D)","(D)","(D)","(D)","(D)","(NA)"
"38900","Portland-Vancouver-Hillsboro, OR-WA (Metropolitan Statistical Area)"," ","800","Quantity indexes for real GDP by metropolitan area","32","325","    Chemical products manufacturing","(D)",88.810,"(D)","(D)",77.523,92.530,92.789,88.418,100.000,"(D)","(D)","(D)",89.303,"(NA)"
"38900","Portland-Vancouver-Hillsboro, OR-WA (Metropolitan Statistical Area)"," ","800","Quantity indexes for real GDP by metropolitan area","33","326","    Plastics and rubber products manufacturing","(D)","(D)","(D)","(D)","(D)","(D)","(D)","(D)","(D)","(D)","(D)","(D)","(D)","(NA)"
"38900","Portland-Vancouver-Hillsboro, OR-WA (Metropolitan Statistical Area)"," ","800","Quantity indexes for real GDP by metropolitan area","34","42","  Wholesale trade","(D)","(D)","(D)","(D)","(D)","(D)","(D)","(D)","(D)","(D)","(D)","(D)","(D)","(D)"
"38900","Portland-Vancouver-Hillsboro, OR-WA (Metropolitan Statistical Area)"," ","800","Quantity indexes for real GDP by metropolitan area","35","44-45","  Retail trade",98.435,97.719,101.536,103.768,106.313,109.031,108.343,103.980,100.000,103.176,103.521,105.887,109.618,114.829
"38900","Portland-Vancouver-Hillsboro, OR-WA (Metropolitan Statistical Area)"," ","800","Quantity indexes for real GDP by metropolitan area","36","48-49","  Transportation and warehousing","(D)","(D)","(D)","(D)","(D)","(D)","(D)","(D)","(D)","(D)","(D)","(D)","(D)","(D)"
"38900","Portland-Vancouver-Hillsboro, OR-WA (Metropolitan Statistical Area)"," ","800","Quantity indexes for real GDP by metropolitan area","37","481","   Air transportation","(D)","(D)","(D)","(D)","(D)","(D)","(D)","(D)","(D)","(D)","(D)","(D)","(D)","(NA)"
"38900","Portland-Vancouver-Hillsboro, OR-WA (Metropolitan Statistical Area)"," ","800","Quantity indexes for real GDP by metropolitan area","38","482","   Rail transportation","(D)","(D)",103.646,118.154,118.503,119.769,115.414,121.336,100.000,103.841,104.325,109.325,107.657,"(NA)"
"38900","Portland-Vancouver-Hillsboro, OR-WA (Metropolitan Statistical Area)"," ","800","Quantity indexes for real GDP by metropolitan area","39","483","   Water transportation","(D)","(D)","(D)","(D)","(D)","(D)","(D)","(D)","(D)","(D)","(D)","(D)","(D)","(NA)"
"38900","Portland-Vancouver-Hillsboro, OR-WA (Metropolitan Statistical Area)"," ","800","Quantity indexes for real GDP by metropolitan area","40","484","   Truck transportation","(D)","(D)","(D)","(D)","(D)","(D)","(D)","(D)","(D)","(D)","(D)","(D)","(D)","(NA)"
"38900","Portland-Vancouver-Hillsboro, OR-WA (Metropolitan Statistical Area)"," ","800","Quantity indexes for real GDP by metropolitan area","41","485","   Transit and ground passenger transportation","(D)",94.253,94.823,99.926,97.082,104.363,105.402,104.075,100.000,99.796,103.670,100.051,96.115,"(NA)"
"38900","Portland-Vancouver-Hillsboro, OR-WA (Metropolitan Statistical Area)"," ","800","Quantity indexes for real GDP by metropolitan area","42","486","   Pipeline transportation",1.848,"(D)",57.002,108.935,101.019,92.527,114.634,153.274,100.000,100.354,"(D)","(D)","(D)","(NA)"
"38900","Portland-Vancouver-Hillsboro, OR-WA (Metropolitan Statistical Area)"," ","800","Quantity indexes for real GDP by metropolitan area","43","487-488, 492","   Other transportation and support activities","(D)","(D)","(D)","(D)","(D)","(D)","(D)","(D)","(D)","(D)","(D)","(D)","(D)","(NA)"
"38900","Portland-Vancouver-Hillsboro, OR-WA (Metropolitan Statistical Area)"," ","800","Quantity indexes for real GDP by metropolitan area","44","493","   Warehousing and storage","(D)","(D)","(D)","(D)","(D)","(D)","(D)","(D)",100.000,101.817,"(D)",109.007,105.281,"(NA)"
"38900","Portland-Vancouver-Hillsboro, OR-WA (Metropolitan Statistical Area)"," ","800","Quantity indexes for real GDP by metropolitan area","45","51","  Information","(D)","(D)","(D)","(D)","(D)","(D)","(D)","(D)","(D)","(D)","(D)","(D)","(D)","(D)"
"38900","Portland-Vancouver-Hillsboro, OR-WA (Metropolitan Statistical Area)"," ","800","Quantity indexes for real GDP by metropolitan area","46","511","   Publishing industries, except Internet (includes software)","(D)","(D)",73.380,"(D)","(D)","(D)","(D)",107.912,100.000,106.208,109.025,106.541,112.341,"(NA)"
"38900","Portland-Vancouver-Hillsboro, OR-WA (Metropolitan Statistical Area)"," ","800","Quantity indexes for real GDP by metropolitan area","47","512","   Motion picture and sound recording industries",56.988,49.794,51.825,"(D)","(D)",58.503,71.873,120.197,100.000,114.731,143.313,"(D)","(D)","(NA)"
"38900","Portland-Vancouver-Hillsboro, OR-WA (Metropolitan Statistical Area)"," ","800","Quantity indexes for real GDP by metropolitan area","48","515, 517","   Broadcasting and telecommunications","(D)","(D)","(D)","(D)","(D)","(D)","(D)","(D)","(D)","(D)","(D)","(D)","(D)","(NA)"
"38900","Portland-Vancouver-Hillsboro, OR-WA (Metropolitan Statistical Area)"," ","800","Quantity indexes for real GDP by metropolitan area","49","518, 519","   Data processing, internet publishing, and other information services","(D)","(D)","(D)","(D)","(D)","(D)","(D)","(D)","(D)","(D)","(D)","(D)","(D)","(NA)"
"38900","Portland-Vancouver-Hillsboro, OR-WA (Metropolitan Statistical Area)"," ","800","Quantity indexes for real GDP by metropolitan area","50","52, 53","  Finance, insurance, real estate, rental, and leasing","(D)","(D)","(D)","(D)","(D)","(D)","(D)","(D)","(D)","(D)","(D)","(D)","(D)","(D)"
"38900","Portland-Vancouver-Hillsboro, OR-WA (Metropolitan Statistical Area)"," ","800","Quantity indexes for real GDP by metropolitan area","51","52","   Finance and insurance","(D)","(D)","(D)","(D)","(D)",99.066,99.565,89.972,100.000,97.186,98.620,100.989,107.785,107.626
"38900","Portland-Vancouver-Hillsboro, OR-WA (Metropolitan Statistical Area)"," ","800","Quantity indexes for real GDP by metropolitan area","52","521-522","    Federal Reserve banks, credit intermediation, and related services","(D)","(D)","(D)","(D)","(D)","(D)","(D)","(D)","(D)","(D)","(D)","(D)","(D)","(NA)"
"38900","Portland-Vancouver-Hillsboro, OR-WA (Metropolitan Statistical Area)"," ","800","Quantity indexes for real GDP by metropolitan area","53","523","    Securities, commodity contracts, and investments","(D)","(D)","(D)","(D)","(D)","(D)","(D)","(D)","(D)","(D)","(D)","(D)","(D)","(NA)"
"38900","Portland-Vancouver-Hillsboro, OR-WA (Metropolitan Statistical Area)"," ","800","Quantity indexes for real GDP by metropolitan area","54","524","    Insurance carriers and related activities","(D)","(D)","(D)","(D)","(D)","(D)","(D)","(D)","(D)","(D)","(D)","(D)","(D)","(NA)"
"38900","Portland-Vancouver-Hillsboro, OR-WA (Metropolitan Statistical Area)"," ","800","Quantity indexes for real GDP by metropolitan area","55","525","    Funds, trusts, and other financial vehicles","(D)","(D)","(D)","(D)","(D)","(D)","(D)","(D)","(D)","(D)","(D)","(D)","(D)","(NA)"
"38900","Portland-Vancouver-Hillsboro, OR-WA (Metropolitan Statistical Area)"," ","800","Quantity indexes for real GDP by metropolitan area","56","53","   Real estate and rental and leasing","(D)","(D)","(D)","(D)","(D)","(D)","(D)","(D)","(D)","(D)","(D)","(D)","(D)","(D)"
"38900","Portland-Vancouver-Hillsboro, OR-WA (Metropolitan Statistical Area)"," ","800","Quantity indexes for real GDP by metropolitan area","57","531","    Real estate","(D)","(D)","(D)","(D)","(D)","(D)","(D)","(D)","(D)","(D)","(D)","(D)","(D)","(NA)"
"38900","Portland-Vancouver-Hillsboro, OR-WA (Metropolitan Statistical Area)"," ","800","Quantity indexes for real GDP by metropolitan area","58","532-533","    Rental and leasing services and lessors of intangible assets","(D)","(D)","(D)","(D)","(D)","(D)","(D)","(D)","(D)","(D)","(D)","(D)","(D)","(NA)"
"38900","Portland-Vancouver-Hillsboro, OR-WA (Metropolitan Statistical Area)"," ","800","Quantity indexes for real GDP by metropolitan area","59","54, 55, 56","  Professional and business services",92.239,93.734,93.627,94.324,97.937,101.127,103.564,108.734,100.000,102.021,106.302,112.536,132.131,145.214
"38900","Portland-Vancouver-Hillsboro, OR-WA (Metropolitan Statistical Area)"," ","800","Quantity indexes for real GDP by metropolitan area","60","54","   Professional, scientific, and technical services","(D)","(D)","(D)","(D)","(D)","(D)","(D)","(D)","(D)","(D)","(D)","(D)","(D)","(D)"
"38900","Portland-Vancouver-Hillsboro, OR-WA (Metropolitan Statistical Area)"," ","800","Quantity indexes for real GDP by metropolitan area","64","55","   Management of companies and enterprises","(D)","(D)","(D)","(D)","(D)","(D)","(D)","(D)","(D)","(D)","(D)","(D)","(D)","(D)"
"38900","Portland-Vancouver-Hillsboro, OR-WA (Metropolitan Statistical Area)"," ","800","Quantity indexes for real GDP by metropolitan area","65","56","   Administrative and waste management services","(D)","(D)","(D)","(D)","(D)","(D)",110.176,110.844,100.000,106.211,108.828,117.466,122.422,130.656
"38900","Portland-Vancouver-Hillsboro, OR-WA (Metropolitan Statistical Area)"," ","800","Quantity indexes for real GDP by metropolitan area","66","561","    Administrative and support services","(D)","(D)","(D)","(D)","(D)","(D)","(D)","(D)","(D)","(D)","(D)","(D)","(D)","(NA)"
"38900","Portland-Vancouver-Hillsboro, OR-WA (Metropolitan Statistical Area)"," ","800","Quantity indexes for real GDP by metropolitan area","67","562","    Waste management and remediation services","(D)","(D)","(D)","(D)","(D)","(D)","(D)","(D)","(D)","(D)","(D)","(D)","(D)","(NA)"
"38900","Portland-Vancouver-Hillsboro, OR-WA (Metropolitan Statistical Area)"," ","800","Quantity indexes for real GDP by metropolitan area","68","61, 62","  Educational services, health care, and social assistance",74.480,77.225,80.954,84.432,86.487,91.499,92.217,98.507,100.000,101.121,102.217,105.962,107.438,110.926
"38900","Portland-Vancouver-Hillsboro, OR-WA (Metropolitan Statistical Area)"," ","800","Quantity indexes for real GDP by metropolitan area","69","61","   Educational services","(D)","(D)","(D)","(D)","(D)","(D)","(D)","(D)","(D)","(D)","(D)","(D)","(D)","(D)"
"38900","Portland-Vancouver-Hillsboro, OR-WA (Metropolitan Statistical Area)"," ","800","Quantity indexes for real GDP by metropolitan area","70","62","   Health care and social assistance","(D)","(D)","(D)","(D)","(D)","(D)","(D)","(D)","(D)","(D)","(D)","(D)","(D)","(D)"
"38900","Portland-Vancouver-Hillsboro, OR-WA (Metropolitan Statistical Area)"," ","800","Quantity indexes for real GDP by metropolitan area","71","621","    Ambulatory health care services","(D)","(D)","(D)",80.034,84.635,91.593,92.966,100.335,100.000,100.965,103.428,107.362,111.478,"(NA)"
"38900","Portland-Vancouver-Hillsboro, OR-WA (Metropolitan Statistical Area)"," ","800","Quantity indexes for real GDP by metropolitan area","72","622-623","    Hospitals and nursing and residential care facilities","(D)","(D)","(D)","(D)","(D)","(D)","(D)","(D)","(D)","(D)","(D)","(D)","(D)","(NA)"
"38900","Portland-Vancouver-Hillsboro, OR-WA (Metropolitan Statistical Area)"," ","800","Quantity indexes for real GDP by metropolitan area","73","624","    Social assistance","(D)","(D)","(D)","(D)","(D)","(D)","(D)","(D)","(D)","(D)","(D)","(D)","(D)","(NA)"
"38900","Portland-Vancouver-Hillsboro, OR-WA (Metropolitan Statistical Area)"," ","800","Quantity indexes for real GDP by metropolitan area","74","71, 72","  Arts, entertainment, recreation, accommodation, and food services",98.696,99.214,100.437,104.110,105.438,108.623,109.538,106.664,100.000,105.128,107.500,112.902,114.155,116.848
"38900","Portland-Vancouver-Hillsboro, OR-WA (Metropolitan Statistical Area)"," ","800","Quantity indexes for real GDP by metropolitan area","75","71","   Arts, entertainment, and recreation",92.025,95.730,92.104,93.680,95.009,96.687,103.343,103.599,100.000,109.008,108.200,115.489,"(D)",117.870
"38900","Portland-Vancouver-Hillsboro, OR-WA (Metropolitan Statistical Area)"," ","800","Quantity indexes for real GDP by metropolitan area","76","711-712","    Performing arts, spectator sports, museums, and related activities","(D)","(D)","(D)","(D)","(D)","(D)","(D)","(D)","(D)","(D)","(D)","(D)","(D)","(NA)"
"38900","Portland-Vancouver-Hillsboro, OR-WA (Metropolitan Statistical Area)"," ","800","Quantity indexes for real GDP by metropolitan area","77","713","    Amusements, gambling, and recreation industries","(D)","(D)","(D)","(D)","(D)","(D)","(D)","(D)","(D)","(D)","(D)","(D)","(D)","(NA)"
"38900","Portland-Vancouver-Hillsboro, OR-WA (Metropolitan Statistical Area)"," ","800","Quantity indexes for real GDP by metropolitan area","78","72","   Accommodation and food services",100.790,100.289,103.066,107.416,108.742,112.410,111.484,107.615,100.000,103.947,107.286,112.116,"(D)",116.532
"38900","Portland-Vancouver-Hillsboro, OR-WA (Metropolitan Statistical Area)"," ","800","Quantity indexes for real GDP by metropolitan area","79","721","    Accommodation","(D)","(D)","(D)","(D)","(D)","(D)","(D)","(D)","(D)","(D)","(D)","(D)","(D)","(NA)"
"38900","Portland-Vancouver-Hillsboro, OR-WA (Metropolitan Statistical Area)"," ","800","Quantity indexes for real GDP by metropolitan area","80","722","    Food services and drinking places","(D)","(D)","(D)","(D)","(D)","(D)","(D)","(D)","(D)","(D)","(D)","(D)","(D)","(NA)"
"38900","Portland-Vancouver-Hillsboro, OR-WA (Metropolitan Statistical Area)"," ","800","Quantity indexes for real GDP by metropolitan area","81","81","  Other services, except government",109.656,109.511,106.254,111.512,113.774,116.318,113.916,107.838,100.000,98.156,98.585,103.884,103.582,"(D)"
"38900","Portland-Vancouver-Hillsboro, OR-WA (Metropolitan Statistical Area)"," ","800","Quantity indexes for real GDP by metropolitan area","82","92"," Government",94.968,97.572,98.294,97.868,94.648,94.591,94.952,98.596,100.000,100.924,103.316,103.017,103.231,104.875
"38900","Portland-Vancouver-Hillsboro, OR-WA (Metropolitan Statistical Area)"," ","800","Quantity indexes for real GDP by metropolitan area","83","...","  Federal civilian",98.992,107.243,109.385,101.600,92.738,99.353,97.166,97.490,100.000,105.372,109.687,110.799,108.366,"(NA)"
"38900","Portland-Vancouver-Hillsboro, OR-WA (Metropolitan Statistical Area)"," ","800","Quantity indexes for real GDP by metropolitan area","84","...","  Federal military",64.723,73.759,89.186,89.171,93.701,86.262,84.477,88.819,100.000,95.540,89.337,83.773,81.909,"(NA)"
"38900","Portland-Vancouver-Hillsboro, OR-WA (Metropolitan Statistical Area)"," ","800","Quantity indexes for real GDP by metropolitan area","85","...","  State and local",95.217,96.057,95.727,97.268,95.208,93.708,94.851,99.340,100.000,100.008,102.285,101.854,102.850,"(NA)"
"38900","Portland-Vancouver-Hillsboro, OR-WA (Metropolitan Statistical Area)"," ","800","Quantity indexes for real GDP by metropolitan area","86","11, 21","Natural resources and mining",122.335,"(D)","(D)","(D)","(D)",143.509,"(D)",88.372,100.000,81.200,72.061,70.710,73.208,77.320
"38900","Portland-Vancouver-Hillsboro, OR-WA (Metropolitan Statistical Area)"," ","800","Quantity indexes for real GDP by metropolitan area","87","42, 44-45","Trade","(D)","(D)","(D)","(D)","(D)","(D)","(D)","(D)","(D)","(D)","(D)","(D)","(D)","(D)"
"38900","Portland-Vancouver-Hillsboro, OR-WA (Metropolitan Statistical Area)"," ","800","Quantity indexes for real GDP by metropolitan area","88","...","Transportation and utilities",94.837,95.247,95.170,103.091,105.537,110.121,108.971,110.111,100.000,106.675,109.518,122.121,"(D)","(D)"
"38900","Portland-Vancouver-Hillsboro, OR-WA (Metropolitan Statistical Area)"," ","800","Quantity indexes for real GDP by metropolitan area","89","...","Private goods-producing industries",33.543,34.765,39.102,53.861,53.936,69.501,75.258,92.050,100.000,119.940,133.944,127.956,117.788,124.728
"38900","Portland-Vancouver-Hillsboro, OR-WA (Metropolitan Statistical Area)"," ","800","Quantity indexes for real GDP by metropolitan area","90","...","Private services-providing industries",85.788,85.722,86.863,89.043,93.404,97.816,102.306,103.396,100.000,101.240,103.915,106.680,109.009,113.221
"38900","Portland-Vancouver-Hillsboro, OR-WA (Metropolitan Statistical Area)"," ","900","Real GDP by metropolitan area","1","...","All industry total",86759,87701,91055,100696,103410,114520,120599,129712,130972,140825,149208,148729,146260,152614
"38900","Portland-Vancouver-Hillsboro, OR-WA (Metropolitan Statistical Area)"," ","900","Real GDP by metropolitan area","2","..."," Private industries",75780,76455,79670,89199,92215,103223,109220,117880,118972,128725,136840,136396,133889,140066
"38900","Portland-Vancouver-Hillsboro, OR-WA (Metropolitan Statistical Area)"," ","900","Real GDP by metropolitan area","3","11","  Agriculture, forestry, fishing, and hunting","(D)","(D)","(D)","(D)","(D)","(D)","(D)","(D)","(D)","(D)","(D)","(D)",607,567
"38900","Portland-Vancouver-Hillsboro, OR-WA (Metropolitan Statistical Area)"," ","900","Real GDP by metropolitan area","4","111-112","   Farms",570,623,644,575,686,869,579,455,608,409,321,310,311,"(NA)"
"38900","Portland-Vancouver-Hillsboro, OR-WA (Metropolitan Statistical Area)"," ","900","Real GDP by metropolitan area","5","113-115","   Forestry, fishing, and related activities","(D)","(D)","(D)","(D)","(D)","(D)","(D)","(D)","(D)","(D)","(D)","(D)",313,"(NA)"
"38900","Portland-Vancouver-Hillsboro, OR-WA (Metropolitan Statistical Area)"," ","900","Real GDP by metropolitan area","6","21","  Mining","(D)","(D)","(D)","(D)","(D)","(D)","(D)","(D)","(D)","(D)","(D)","(D)",176,278
"38900","Portland-Vancouver-Hillsboro, OR-WA (Metropolitan Statistical Area)"," ","900","Real GDP by metropolitan area","7","211","   Oil and gas extraction",1,1,1,"(L)","(L)","(D)","(D)","(D)","(D)","(D)","(D)","(D)","(D)","(NA)"
"38900","Portland-Vancouver-Hillsboro, OR-WA (Metropolitan Statistical Area)"," ","900","Real GDP by metropolitan area","8","212","   Mining, except oil and gas","(D)","(D)","(D)","(D)","(D)","(D)","(D)","(D)","(D)","(D)","(D)","(D)",172,"(NA)"
"38900","Portland-Vancouver-Hillsboro, OR-WA (Metropolitan Statistical Area)"," ","900","Real GDP by metropolitan area","9","213","   Support activities for mining","(D)","(D)","(D)","(D)","(D)","(D)","(D)","(D)","(D)","(D)","(D)","(D)","(D)","(NA)"
"38900","Portland-Vancouver-Hillsboro, OR-WA (Metropolitan Statistical Area)"," ","900","Real GDP by metropolitan area","10","22","  Utilities","(D)","(D)","(D)","(D)","(D)","(D)","(D)","(D)","(D)","(D)","(D)","(D)","(D)","(D)"
"38900","Portland-Vancouver-Hillsboro, OR-WA (Metropolitan Statistical Area)"," ","900","Real GDP by metropolitan area","11","23","  Construction","(D)",5403,5056,5298,5476,5602,5749,5335,4501,4118,4209,4550,4687,4697
"38900","Portland-Vancouver-Hillsboro, OR-WA (Metropolitan Statistical Area)"," ","900","Real GDP by metropolitan area","12","31-33","  Manufacturing",9299,10108,11969,17864,17718,24011,26710,34797,39027,48534,54853,51809,47020,50100
"38900","Portland-Vancouver-Hillsboro, OR-WA (Metropolitan Statistical Area)"," ","900","Real GDP by metropolitan area","13","...","   Durable goods manufacturing","(D)","(D)","(D)","(D)","(D)","(D)","(D)","(D)","(D)","(D)","(D)",49166,44219,47294
"38900","Portland-Vancouver-Hillsboro, OR-WA (Metropolitan Statistical Area)"," ","900","Real GDP by metropolitan area","14","321","    Wood products manufacturing","(D)","(D)","(D)","(D)","(D)","(D)","(D)","(D)","(D)","(D)","(D)","(D)","(D)","(NA)"
"38900","Portland-Vancouver-Hillsboro, OR-WA (Metropolitan Statistical Area)"," ","900","Real GDP by metropolitan area","15","327","    Nonmetallic mineral products manufacturing","(D)","(D)","(D)","(D)","(D)","(D)","(D)","(D)","(D)",243,391,297,"(D)","(NA)"
"38900","Portland-Vancouver-Hillsboro, OR-WA (Metropolitan Statistical Area)"," ","900","Real GDP by metropolitan area","16","331","    Primary metals manufacturing","(D)","(D)","(D)","(D)","(D)","(D)","(D)","(D)","(D)","(D)","(D)","(D)","(D)","(NA)"
"38900","Portland-Vancouver-Hillsboro, OR-WA (Metropolitan Statistical Area)"," ","900","Real GDP by metropolitan area","17","332","    Fabricated metal products","(D)","(D)","(D)","(D)","(D)","(D)","(D)","(D)","(D)","(D)","(D)","(D)","(D)","(NA)"
"38900","Portland-Vancouver-Hillsboro, OR-WA (Metropolitan Statistical Area)"," ","900","Real GDP by metropolitan area","18","333","    Machinery manufacturing","(D)","(D)","(D)","(D)","(D)","(D)",1146,1042,735,898,"(D)","(D)",960,"(NA)"
"38900","Portland-Vancouver-Hillsboro, OR-WA (Metropolitan Statistical Area)"," ","900","Real GDP by metropolitan area","19","334","    Computer and electronic products manufacturing","(D)","(D)","(D)","(D)","(D)","(D)","(D)","(D)","(D)","(D)","(D)","(D)",38524,"(NA)"
"38900","Portland-Vancouver-Hillsboro, OR-WA (Metropolitan Statistical Area)"," ","900","Real GDP by metropolitan area","20","335","    Electrical equipment, appliance, and components manufacturing","(D)","(D)","(D)","(D)","(D)","(D)","(D)","(D)","(D)","(D)","(D)","(D)","(D)","(NA)"
"38900","Portland-Vancouver-Hillsboro, OR-WA (Metropolitan Statistical Area)"," ","900","Real GDP by metropolitan area","21","3361-3363","    Motor vehicles, bodies and trailers, and parts manufacturing","(D)","(D)","(D)","(D)","(D)","(D)","(D)","(D)","(D)","(D)","(D)","(D)","(D)","(NA)"
"38900","Portland-Vancouver-Hillsboro, OR-WA (Metropolitan Statistical Area)"," ","900","Real GDP by metropolitan area","22","3364-3366, 3369","    Other transportation equipment manufacturing","(D)","(D)","(D)","(D)","(D)","(D)","(D)","(D)","(D)","(D)","(D)","(D)","(D)","(NA)"
"38900","Portland-Vancouver-Hillsboro, OR-WA (Metropolitan Statistical Area)"," ","900","Real GDP by metropolitan area","23","337","    Furniture and related products manufacturing","(D)",269,293,263,311,321,"(D)","(D)","(D)","(D)","(D)","(D)",171,"(NA)"
"38900","Portland-Vancouver-Hillsboro, OR-WA (Metropolitan Statistical Area)"," ","900","Real GDP by metropolitan area","24","339","    Miscellaneous manufacturing","(D)","(D)","(D)","(D)","(D)","(D)","(D)","(D)","(D)","(D)","(D)","(D)","(D)","(NA)"
"38900","Portland-Vancouver-Hillsboro, OR-WA (Metropolitan Statistical Area)"," ","900","Real GDP by metropolitan area","25","...","   Nondurable goods manufacturing","(D)","(D)","(D)","(D)","(D)","(D)","(D)","(D)","(D)","(D)","(D)",2712,2803,2835
"38900","Portland-Vancouver-Hillsboro, OR-WA (Metropolitan Statistical Area)"," ","900","Real GDP by metropolitan area","26","311-312","    Food and beverage and tobacco products manufacturing","(D)","(D)","(D)","(D)","(D)","(D)","(D)","(D)","(D)","(D)","(D)","(D)",1139,"(NA)"
"38900","Portland-Vancouver-Hillsboro, OR-WA (Metropolitan Statistical Area)"," ","900","Real GDP by metropolitan area","27","313-314","    Textile mills and textile product mills","(D)","(D)","(D)","(D)","(D)","(D)","(D)","(D)","(D)","(D)","(D)","(D)",42,"(NA)"
"38900","Portland-Vancouver-Hillsboro, OR-WA (Metropolitan Statistical Area)"," ","900","Real GDP by metropolitan area","28","315-316","    Apparel and leather and allied products manufacturing","(D)","(D)","(D)","(D)","(D)","(D)","(D)","(D)","(D)",73,"(D)","(D)",72,"(NA)"
"38900","Portland-Vancouver-Hillsboro, OR-WA (Metropolitan Statistical Area)"," ","900","Real GDP by metropolitan area","29","322","    Paper products manufacturing","(D)","(D)","(D)","(D)","(D)","(D)","(D)","(D)","(D)","(D)","(D)","(D)",470,"(NA)"
"38900","Portland-Vancouver-Hillsboro, OR-WA (Metropolitan Statistical Area)"," ","900","Real GDP by metropolitan area","30","323","    Printing and related support activities","(D)","(D)","(D)","(D)","(D)","(D)","(D)","(D)","(D)","(D)","(D)","(D)","(D)","(NA)"
"38900","Portland-Vancouver-Hillsboro, OR-WA (Metropolitan Statistical Area)"," ","900","Real GDP by metropolitan area","31","324","    Petroleum and coal products manufacturing","(D)","(D)","(D)","(D)","(D)","(D)","(D)","(D)","(D)","(D)","(D)","(D)",93,"(NA)"
"38900","Portland-Vancouver-Hillsboro, OR-WA (Metropolitan Statistical Area)"," ","900","Real GDP by metropolitan area","32","325","    Chemical products manufacturing","(D)",383,"(D)","(D)",334,399,400,381,431,"(D)","(D)","(D)",385,"(NA)"
"38900","Portland-Vancouver-Hillsboro, OR-WA (Metropolitan Statistical Area)"," ","900","Real GDP by metropolitan area","33","326","    Plastics and rubber products manufacturing","(D)","(D)","(D)","(D)","(D)","(D)","(D)","(D)","(D)","(D)","(D)","(D)","(D)","(NA)"
"38900","Portland-Vancouver-Hillsboro, OR-WA (Metropolitan Statistical Area)"," ","900","Real GDP by metropolitan area","34","42","  Wholesale trade","(D)","(D)","(D)","(D)","(D)","(D)","(D)","(D)","(D)","(D)",9494,"(D)","(D)","(D)"
"38900","Portland-Vancouver-Hillsboro, OR-WA (Metropolitan Statistical Area)"," ","900","Real GDP by metropolitan area","35","44-45","  Retail trade",5091,5054,5251,5366,5498,5638,5603,5377,5171,5336,5354,5476,5669,5938
"38900","Portland-Vancouver-Hillsboro, OR-WA (Metropolitan Statistical Area)"," ","900","Real GDP by metropolitan area","36","48-49","  Transportation and warehousing","(D)","(D)","(D)","(D)","(D)","(D)","(D)","(D)","(D)","(D)","(D)","(D)",3221,3260
"38900","Portland-Vancouver-Hillsboro, OR-WA (Metropolitan Statistical Area)"," ","900","Real GDP by metropolitan area","37","481","   Air transportation","(D)","(D)","(D)","(D)","(D)","(D)","(D)","(D)","(D)","(D)","(D)","(D)","(D)","(NA)"
"38900","Portland-Vancouver-Hillsboro, OR-WA (Metropolitan Statistical Area)"," ","900","Real GDP by metropolitan area","38","482","   Rail transportation","(D)","(D)",215,245,246,249,240,252,208,215,216,227,223,"(NA)"
"38900","Portland-Vancouver-Hillsboro, OR-WA (Metropolitan Statistical Area)"," ","900","Real GDP by metropolitan area","39","483","   Water transportation","(D)","(D)","(D)","(D)","(D)","(D)","(D)","(D)","(D)","(D)","(D)","(D)",198,"(NA)"
"38900","Portland-Vancouver-Hillsboro, OR-WA (Metropolitan Statistical Area)"," ","900","Real GDP by metropolitan area","40","484","   Truck transportation","(D)",970,966,"(D)","(D)","(D)","(D)","(D)","(D)","(D)","(D)","(D)","(D)","(NA)"
"38900","Portland-Vancouver-Hillsboro, OR-WA (Metropolitan Statistical Area)"," ","900","Real GDP by metropolitan area","41","485","   Transit and ground passenger transportation","(D)",173,174,183,178,191,193,191,183,183,190,183,176,"(NA)"
"38900","Portland-Vancouver-Hillsboro, OR-WA (Metropolitan Statistical Area)"," ","900","Real GDP by metropolitan area","42","486","   Pipeline transportation","(L)","(D)",2,3,3,3,3,4,3,3,"(D)","(D)","(D)","(NA)"
"38900","Portland-Vancouver-Hillsboro, OR-WA (Metropolitan Statistical Area)"," ","900","Real GDP by metropolitan area","43","487-488, 492","   Other transportation and support activities","(D)","(D)","(D)","(D)","(D)","(D)","(D)","(D)","(D)","(D)","(D)","(D)",736,"(NA)"
"38900","Portland-Vancouver-Hillsboro, OR-WA (Metropolitan Statistical Area)"," ","900","Real GDP by metropolitan area","44","493","   Warehousing and storage","(D)","(D)","(D)","(D)","(D)","(D)","(D)","(D)",247,252,"(D)",270,261,"(NA)"
"38900","Portland-Vancouver-Hillsboro, OR-WA (Metropolitan Statistical Area)"," ","900","Real GDP by metropolitan area","45","51","  Information",3141,3101,3290,3751,3986,4219,4644,"(D)","(D)","(D)","(D)","(D)",4986,"(D)"
"38900","Portland-Vancouver-Hillsboro, OR-WA (Metropolitan Statistical Area)"," ","900","Real GDP by metropolitan area","46","511","   Publishing industries, except Internet (includes software)","(D)","(D)",1465,"(D)","(D)","(D)","(D)",2154,1996,2120,2177,2127,2243,"(NA)"
"38900","Portland-Vancouver-Hillsboro, OR-WA (Metropolitan Statistical Area)"," ","900","Real GDP by metropolitan area","47","512","   Motion picture and sound recording industries",203,178,185,"(D)","(D)",209,256,429,357,409,511,"(D)","(D)","(NA)"
"38900","Portland-Vancouver-Hillsboro, OR-WA (Metropolitan Statistical Area)"," ","900","Real GDP by metropolitan area","48","515, 517","   Broadcasting and telecommunications","(D)","(D)","(D)","(D)","(D)","(D)","(D)","(D)","(D)","(D)","(D)","(D)","(D)","(NA)"
"38900","Portland-Vancouver-Hillsboro, OR-WA (Metropolitan Statistical Area)"," ","900","Real GDP by metropolitan area","49","518, 519","   Data processing, internet publishing, and other information services","(D)","(D)","(D)","(D)","(D)","(D)","(D)","(D)","(D)","(D)","(D)","(D)",538,"(NA)"
"38900","Portland-Vancouver-Hillsboro, OR-WA (Metropolitan Statistical Area)"," ","900","Real GDP by metropolitan area","50","52, 53","  Finance, insurance, real estate, rental, and leasing",20015,19508,19168,18540,20051,"(D)",23639,"(D)","(D)","(D)","(D)",24435,25039,25662
"38900","Portland-Vancouver-Hillsboro, OR-WA (Metropolitan Statistical Area)"," ","900","Real GDP by metropolitan area","51","52","   Finance and insurance","(D)","(D)","(D)","(D)","(D)",5313,5340,4825,5363,5212,5289,5416,5781,5772
"38900","Portland-Vancouver-Hillsboro, OR-WA (Metropolitan Statistical Area)"," ","900","Real GDP by metropolitan area","52","521-522","    Federal Reserve banks, credit intermediation, and related services","(D)","(D)","(D)","(D)","(D)","(D)","(D)","(D)","(D)","(D)","(D)","(D)","(D)","(NA)"
"38900","Portland-Vancouver-Hillsboro, OR-WA (Metropolitan Statistical Area)"," ","900","Real GDP by metropolitan area","53","523","    Securities, commodity contracts, and investments","(D)","(D)","(D)","(D)","(D)","(D)","(D)","(D)","(D)","(D)","(D)","(D)",688,"(NA)"
"38900","Portland-Vancouver-Hillsboro, OR-WA (Metropolitan Statistical Area)"," ","900","Real GDP by metropolitan area","54","524","    Insurance carriers and related activities","(D)","(D)","(D)","(D)","(D)","(D)","(D)","(D)","(D)","(D)","(D)","(D)","(D)","(NA)"
"38900","Portland-Vancouver-Hillsboro, OR-WA (Metropolitan Statistical Area)"," ","900","Real GDP by metropolitan area","55","525","    Funds, trusts, and other financial vehicles","(D)","(D)","(D)","(D)","(D)","(D)","(D)","(D)","(D)","(D)","(D)","(D)","(D)","(NA)"
"38900","Portland-Vancouver-Hillsboro, OR-WA (Metropolitan Statistical Area)"," ","900","Real GDP by metropolitan area","56","53","   Real estate and rental and leasing","(D)","(D)","(D)","(D)","(D)","(D)",18265,"(D)","(D)","(D)","(D)",19009,19232,19873
"38900","Portland-Vancouver-Hillsboro, OR-WA (Metropolitan Statistical Area)"," ","900","Real GDP by metropolitan area","57","531","    Real estate","(D)","(D)","(D)","(D)","(D)","(D)","(D)","(D)","(D)","(D)","(D)","(D)","(D)","(NA)"
"38900","Portland-Vancouver-Hillsboro, OR-WA (Metropolitan Statistical Area)"," ","900","Real GDP by metropolitan area","58","532-533","    Rental and leasing services and lessors of intangible assets",862,1238,1108,"(D)","(D)","(D)","(D)","(D)","(D)",827,826,"(D)","(D)","(NA)"
"38900","Portland-Vancouver-Hillsboro, OR-WA (Metropolitan Statistical Area)"," ","900","Real GDP by metropolitan area","59","54, 55, 56","  Professional and business services",11075,11255,11242,11326,11760,12143,12435,13056,12007,12250,12764,13512,15865,17436
"38900","Portland-Vancouver-Hillsboro, OR-WA (Metropolitan Statistical Area)"," ","900","Real GDP by metropolitan area","60","54","   Professional, scientific, and technical services","(D)",5844,5786,5977,"(D)","(D)","(D)",6865,"(D)",6484,6826,"(D)","(D)","(D)"
"38900","Portland-Vancouver-Hillsboro, OR-WA (Metropolitan Statistical Area)"," ","900","Real GDP by metropolitan area","64","55","   Management of companies and enterprises","(D)","(D)","(D)","(D)","(D)","(D)","(D)",3059,"(D)",2765,2862,"(D)","(D)","(D)"
"38900","Portland-Vancouver-Hillsboro, OR-WA (Metropolitan Statistical Area)"," ","900","Real GDP by metropolitan area","65","56","   Administrative and waste management services","(D)","(D)","(D)","(D)","(D)","(D)",3114,3133,2826,3002,3076,3320,3460,3693
"38900","Portland-Vancouver-Hillsboro, OR-WA (Metropolitan Statistical Area)"," ","900","Real GDP by metropolitan area","66","561","    Administrative and support services","(D)",2291,2335,"(D)","(D)",2799,2856,"(D)","(D)","(D)","(D)","(D)","(D)","(NA)"
"38900","Portland-Vancouver-Hillsboro, OR-WA (Metropolitan Statistical Area)"," ","900","Real GDP by metropolitan area","67","562","    Waste management and remediation services","(D)","(D)","(D)","(D)",242,"(D)",259,"(D)","(D)","(D)","(D)","(D)","(D)","(NA)"
"38900","Portland-Vancouver-Hillsboro, OR-WA (Metropolitan Statistical Area)"," ","900","Real GDP by metropolitan area","68","61, 62","  Educational services, health care, and social assistance",6678,6924,7258,7570,7754,8204,8268,8832,8966,9066,9165,9500,9633,9946
"38900","Portland-Vancouver-Hillsboro, OR-WA (Metropolitan Statistical Area)"," ","900","Real GDP by metropolitan area","69","61","   Educational services",817,821,"(D)","(D)","(D)","(D)","(D)","(D)","(D)","(D)","(D)","(D)","(D)","(D)"
"38900","Portland-Vancouver-Hillsboro, OR-WA (Metropolitan Statistical Area)"," ","900","Real GDP by metropolitan area","70","62","   Health care and social assistance",5862,6102,"(D)","(D)","(D)","(D)","(D)","(D)","(D)","(D)","(D)","(D)","(D)","(D)"
"38900","Portland-Vancouver-Hillsboro, OR-WA (Metropolitan Statistical Area)"," ","900","Real GDP by metropolitan area","71","621","    Ambulatory health care services","(D)","(D)","(D)",3264,3452,3736,3792,4092,4079,4118,4219,4379,4547,"(NA)"
"38900","Portland-Vancouver-Hillsboro, OR-WA (Metropolitan Statistical Area)"," ","900","Real GDP by metropolitan area","72","622-623","    Hospitals and nursing and residential care facilities","(D)","(D)","(D)","(D)","(D)","(D)","(D)","(D)","(D)","(D)","(D)","(D)",3165,"(NA)"
"38900","Portland-Vancouver-Hillsboro, OR-WA (Metropolitan Statistical Area)"," ","900","Real GDP by metropolitan area","73","624","    Social assistance","(D)","(D)","(D)","(D)","(D)","(D)","(D)","(D)","(D)","(D)","(D)","(D)","(D)","(NA)"
"38900","Portland-Vancouver-Hillsboro, OR-WA (Metropolitan Statistical Area)"," ","900","Real GDP by metropolitan area","74","71, 72","  Arts, entertainment, recreation, accommodation, and food services",3274,3291,3331,3453,3497,3603,3633,3538,3317,3487,3566,3745,3786,3876
"38900","Portland-Vancouver-Hillsboro, OR-WA (Metropolitan Statistical Area)"," ","900","Real GDP by metropolitan area","75","71","   Arts, entertainment, and recreation",714,743,714,727,737,750,802,804,776,846,839,896,"(D)",914
"38900","Portland-Vancouver-Hillsboro, OR-WA (Metropolitan Statistical Area)"," ","900","Real GDP by metropolitan area","76","711-712","    Performing arts, spectator sports, museums, and related activities","(D)","(D)","(D)","(D)","(D)","(D)","(D)","(D)","(D)","(D)","(D)","(D)",411,"(NA)"
"38900","Portland-Vancouver-Hillsboro, OR-WA (Metropolitan Statistical Area)"," ","900","Real GDP by metropolitan area","77","713","    Amusements, gambling, and recreation industries","(D)","(D)","(D)","(D)","(D)","(D)","(D)","(D)","(D)","(D)","(D)","(D)","(D)","(NA)"
"38900","Portland-Vancouver-Hillsboro, OR-WA (Metropolitan Statistical Area)"," ","900","Real GDP by metropolitan area","78","72","   Accommodation and food services",2561,2549,2619,2730,2763,2857,2833,2735,2541,2641,2726,2849,"(D)",2961
"38900","Portland-Vancouver-Hillsboro, OR-WA (Metropolitan Statistical Area)"," ","900","Real GDP by metropolitan area","79","721","    Accommodation","(D)",524,520,539,513,516,519,512,"(D)","(D)",536,553,"(D)","(NA)"
"38900","Portland-Vancouver-Hillsboro, OR-WA (Metropolitan Statistical Area)"," ","900","Real GDP by metropolitan area","80","722","    Food services and drinking places","(D)",2022,2097,2189,2251,2343,2315,2223,"(D)","(D)",2191,2296,2333,"(NA)"
"38900","Portland-Vancouver-Hillsboro, OR-WA (Metropolitan Statistical Area)"," ","900","Real GDP by metropolitan area","81","81","  Other services, except government",2615,2612,2534,2659,2713,2774,2717,2572,2385,2341,2351,2477,2470,"(D)"
"38900","Portland-Vancouver-Hillsboro, OR-WA (Metropolitan Statistical Area)"," ","900","Real GDP by metropolitan area","82","92"," Government",11396,11709,11795,11744,11358,11351,11394,11831,12000,12111,12398,12362,12388,12585
"38900","Portland-Vancouver-Hillsboro, OR-WA (Metropolitan Statistical Area)"," ","900","Real GDP by metropolitan area","83","...","  Federal civilian",2364,2561,2612,2426,2214,2372,2320,2328,2388,2516,2619,2646,2588,"(NA)"
"38900","Portland-Vancouver-Hillsboro, OR-WA (Metropolitan Statistical Area)"," ","900","Real GDP by metropolitan area","84","...","  Federal military",271,309,373,373,392,361,354,372,419,400,374,351,343,"(NA)"
"38900","Portland-Vancouver-Hillsboro, OR-WA (Metropolitan Statistical Area)"," ","900","Real GDP by metropolitan area","85","...","  State and local",8754,8831,8801,8942,8753,8615,8720,9133,9193,9194,9404,9364,9455,"(NA)"
"38900","Portland-Vancouver-Hillsboro, OR-WA (Metropolitan Statistical Area)"," ","900","Real GDP by metropolitan area","86","11, 21","Natural resources and mining",1304,"(D)","(D)","(D)","(D)",1529,"(D)",942,1066,865,768,754,780,824
"38900","Portland-Vancouver-Hillsboro, OR-WA (Metropolitan Statistical Area)"," ","900","Real GDP by metropolitan area","87","42, 44-45","Trade","(D)","(D)","(D)","(D)","(D)","(D)","(D)","(D)","(D)","(D)",14849,"(D)","(D)","(D)"
"38900","Portland-Vancouver-Hillsboro, OR-WA (Metropolitan Statistical Area)"," ","900","Real GDP by metropolitan area","88","...","Transportation and utilities",4078,4096,4092,4433,4538,4735,4686,4735,4300,4587,4710,5251,"(D)","(D)"
"38900","Portland-Vancouver-Hillsboro, OR-WA (Metropolitan Statistical Area)"," ","900","Real GDP by metropolitan area","89","...","Private goods-producing industries",14958,15503,17437,24019,24052,30993,33560,41049,44594,53486,59731,57061,52526,55621
"38900","Portland-Vancouver-Hillsboro, OR-WA (Metropolitan Statistical Area)"," ","900","Real GDP by metropolitan area","90","...","Private services-providing industries",63807,63758,64607,66228,69472,72753,76093,76903,74378,75300,77290,79347,81079,84212
"38900","Portland-Vancouver-Hillsboro, OR-WA (Metropolitan Statistical Area)"," ","1000","Per capita real GDP by metropolitan area","1","...","All industry total",44014,43787,44985,49378,50021,54451,56412,59697,59351,63089,66008,64975,63192,64991
"Note: See the included footnote file."
NAICS Industry detail is based on the 2007 North American Industry Classification System (NAICS).
"Source: U.S. Department of Commerce / Bureau of Economic Analysis / Regional Product Division"
