"33340","Milwaukee-Waukesha-West Allis, WI (Metropolitan Statistical Area)"," ","200","Gross domestic product (GDP) by metropolitan area","1","...","All industry total",65033,66622,69439,72763,76907,80972,83337,84939,84966,86779,89668,91862,94840,97307
"33340","Milwaukee-Waukesha-West Allis, WI (Metropolitan Statistical Area)"," ","200","Gross domestic product (GDP) by metropolitan area","2","..."," Private industries",59448,60803,63188,66362,70293,74184,76270,77593,77223,78832,81798,83838,86694,89056
"33340","Milwaukee-Waukesha-West Allis, WI (Metropolitan Statistical Area)"," ","200","Gross domestic product (GDP) by metropolitan area","3","11","  Agriculture, forestry, fishing, and hunting","(D)","(D)","(D)","(D)","(D)","(D)","(D)","(D)","(D)","(D)","(D)","(D)","(D)","(D)"
"33340","Milwaukee-Waukesha-West Allis, WI (Metropolitan Statistical Area)"," ","200","Gross domestic product (GDP) by metropolitan area","4","111-112","   Farms",90,94,110,122,93,102,107,100,100,106,136,109,125,"(NA)"
"33340","Milwaukee-Waukesha-West Allis, WI (Metropolitan Statistical Area)"," ","200","Gross domestic product (GDP) by metropolitan area","5","113-115","   Forestry, fishing, and related activities","(D)","(D)","(D)","(D)","(D)","(D)","(D)","(D)","(D)","(D)","(D)","(D)","(D)","(NA)"
"33340","Milwaukee-Waukesha-West Allis, WI (Metropolitan Statistical Area)"," ","200","Gross domestic product (GDP) by metropolitan area","6","21","  Mining","(D)","(D)","(D)","(D)","(D)","(D)","(D)","(D)","(D)","(D)","(D)","(D)","(D)","(D)"
"33340","Milwaukee-Waukesha-West Allis, WI (Metropolitan Statistical Area)"," ","200","Gross domestic product (GDP) by metropolitan area","7","211","   Oil and gas extraction","(D)","(D)","(D)","(D)","(D)","(D)","(D)","(D)","(D)","(D)","(D)","(D)","(D)","(NA)"
"33340","Milwaukee-Waukesha-West Allis, WI (Metropolitan Statistical Area)"," ","200","Gross domestic product (GDP) by metropolitan area","8","212","   Mining, except oil and gas","(D)","(D)","(D)","(D)","(D)","(D)","(D)","(D)","(D)","(D)","(D)","(D)","(D)","(NA)"
"33340","Milwaukee-Waukesha-West Allis, WI (Metropolitan Statistical Area)"," ","200","Gross domestic product (GDP) by metropolitan area","9","213","   Support activities for mining","(D)","(D)","(D)","(D)","(D)","(D)","(D)","(D)","(D)","(D)","(D)","(D)","(D)","(NA)"
"33340","Milwaukee-Waukesha-West Allis, WI (Metropolitan Statistical Area)"," ","200","Gross domestic product (GDP) by metropolitan area","10","22","  Utilities","(D)","(D)","(D)","(D)","(D)","(D)","(D)","(D)","(D)","(D)","(D)","(D)",1758,1749
"33340","Milwaukee-Waukesha-West Allis, WI (Metropolitan Statistical Area)"," ","200","Gross domestic product (GDP) by metropolitan area","11","23","  Construction",2332,2381,2502,2657,2830,2905,3067,2893,2671,2342,2239,2203,2373,2580
"33340","Milwaukee-Waukesha-West Allis, WI (Metropolitan Statistical Area)"," ","200","Gross domestic product (GDP) by metropolitan area","12","31-33","  Manufacturing",13090,12535,13114,13481,14053,15272,14771,13614,12977,14096,14636,15498,15728,15804
"33340","Milwaukee-Waukesha-West Allis, WI (Metropolitan Statistical Area)"," ","200","Gross domestic product (GDP) by metropolitan area","13","...","   Durable goods manufacturing","(D)",8554,"(D)","(D)",10191,"(D)","(D)","(D)","(D)",9638,10476,10977,11255,11299
"33340","Milwaukee-Waukesha-West Allis, WI (Metropolitan Statistical Area)"," ","200","Gross domestic product (GDP) by metropolitan area","14","321","    Wood products manufacturing",43,52,53,63,72,65,62,55,53,63,62,"(D)","(D)","(NA)"
"33340","Milwaukee-Waukesha-West Allis, WI (Metropolitan Statistical Area)"," ","200","Gross domestic product (GDP) by metropolitan area","15","327","    Nonmetallic mineral products manufacturing",202,"(D)",195,207,231,230,207,220,209,"(D)","(D)","(D)","(D)","(NA)"
"33340","Milwaukee-Waukesha-West Allis, WI (Metropolitan Statistical Area)"," ","200","Gross domestic product (GDP) by metropolitan area","16","331","    Primary metals manufacturing",426,484,457,552,567,588,596,583,360,317,410,559,558,"(NA)"
"33340","Milwaukee-Waukesha-West Allis, WI (Metropolitan Statistical Area)"," ","200","Gross domestic product (GDP) by metropolitan area","17","332","    Fabricated metal products",1755,1678,1772,"(D)",1846,1903,1985,1942,1647,1740,1936,2111,2065,"(NA)"
"33340","Milwaukee-Waukesha-West Allis, WI (Metropolitan Statistical Area)"," ","200","Gross domestic product (GDP) by metropolitan area","18","333","    Machinery manufacturing",2173,1733,1757,1882,1992,2150,2203,2272,2024,2340,2696,2794,2758,"(NA)"
"33340","Milwaukee-Waukesha-West Allis, WI (Metropolitan Statistical Area)"," ","200","Gross domestic product (GDP) by metropolitan area","19","334","    Computer and electronic products manufacturing",938,1122,1452,1372,2545,2293,2196,1465,1521,1681,1580,1644,1761,"(NA)"
"33340","Milwaukee-Waukesha-West Allis, WI (Metropolitan Statistical Area)"," ","200","Gross domestic product (GDP) by metropolitan area","20","335","    Electrical equipment, appliance, and components manufacturing",1852,1604,1957,"(D)",1389,2147,1818,1885,1784,"(D)","(D)","(D)","(D)","(NA)"
"33340","Milwaukee-Waukesha-West Allis, WI (Metropolitan Statistical Area)"," ","200","Gross domestic product (GDP) by metropolitan area","21","3361-3363","    Motor vehicles, bodies and trailers, and parts manufacturing","(D)","(D)","(D)","(D)","(D)","(D)","(D)","(D)","(D)","(D)","(D)","(D)",324,"(NA)"
"33340","Milwaukee-Waukesha-West Allis, WI (Metropolitan Statistical Area)"," ","200","Gross domestic product (GDP) by metropolitan area","22","3364-3366, 3369","    Other transportation equipment manufacturing","(D)","(D)","(D)","(D)","(D)","(D)","(D)","(D)","(D)","(D)","(D)","(D)","(D)","(NA)"
"33340","Milwaukee-Waukesha-West Allis, WI (Metropolitan Statistical Area)"," ","200","Gross domestic product (GDP) by metropolitan area","23","337","    Furniture and related products manufacturing",95,101,97,97,96,100,114,125,87,96,94,102,103,"(NA)"
"33340","Milwaukee-Waukesha-West Allis, WI (Metropolitan Statistical Area)"," ","200","Gross domestic product (GDP) by metropolitan area","24","339","    Miscellaneous manufacturing",367,388,354,367,389,425,416,388,360,412,379,416,417,"(NA)"
"33340","Milwaukee-Waukesha-West Allis, WI (Metropolitan Statistical Area)"," ","200","Gross domestic product (GDP) by metropolitan area","25","...","   Nondurable goods manufacturing","(D)",3982,"(D)","(D)",3862,"(D)","(D)","(D)","(D)",4458,4160,4520,4473,4505
"33340","Milwaukee-Waukesha-West Allis, WI (Metropolitan Statistical Area)"," ","200","Gross domestic product (GDP) by metropolitan area","26","311-312","    Food and beverage and tobacco products manufacturing","(D)","(D)","(D)","(D)","(D)","(D)","(D)","(D)","(D)","(D)","(D)","(D)","(D)","(NA)"
"33340","Milwaukee-Waukesha-West Allis, WI (Metropolitan Statistical Area)"," ","200","Gross domestic product (GDP) by metropolitan area","27","313-314","    Textile mills and textile product mills","(D)","(D)","(D)","(D)","(D)","(D)","(D)","(D)","(D)","(D)","(D)","(D)","(D)","(NA)"
"33340","Milwaukee-Waukesha-West Allis, WI (Metropolitan Statistical Area)"," ","200","Gross domestic product (GDP) by metropolitan area","28","315-316","    Apparel and leather and allied products manufacturing","(D)","(D)","(D)","(D)","(D)","(D)","(D)","(D)","(D)","(D)","(D)","(D)",64,"(NA)"
"33340","Milwaukee-Waukesha-West Allis, WI (Metropolitan Statistical Area)"," ","200","Gross domestic product (GDP) by metropolitan area","29","322","    Paper products manufacturing",517,552,550,420,404,443,429,399,467,438,"(D)","(D)","(D)","(NA)"
"33340","Milwaukee-Waukesha-West Allis, WI (Metropolitan Statistical Area)"," ","200","Gross domestic product (GDP) by metropolitan area","30","323","    Printing and related support activities",798,865,921,937,982,1072,1126,1073,973,954,1001,1072,1046,"(NA)"
"33340","Milwaukee-Waukesha-West Allis, WI (Metropolitan Statistical Area)"," ","200","Gross domestic product (GDP) by metropolitan area","31","324","    Petroleum and coal products manufacturing",22,21,27,"(D)","(D)","(D)","(D)","(D)","(D)","(D)","(D)","(D)","(D)","(NA)"
"33340","Milwaukee-Waukesha-West Allis, WI (Metropolitan Statistical Area)"," ","200","Gross domestic product (GDP) by metropolitan area","32","325","    Chemical products manufacturing",926,949,853,968,888,1153,914,603,768,1167,1058,1095,976,"(NA)"
"33340","Milwaukee-Waukesha-West Allis, WI (Metropolitan Statistical Area)"," ","200","Gross domestic product (GDP) by metropolitan area","33","326","    Plastics and rubber products manufacturing",498,476,431,508,522,550,548,548,543,586,552,592,622,"(NA)"
"33340","Milwaukee-Waukesha-West Allis, WI (Metropolitan Statistical Area)"," ","200","Gross domestic product (GDP) by metropolitan area","34","42","  Wholesale trade",4584,4667,4702,4908,5330,5610,5770,6075,5701,5781,5947,6224,6451,6506
"33340","Milwaukee-Waukesha-West Allis, WI (Metropolitan Statistical Area)"," ","200","Gross domestic product (GDP) by metropolitan area","35","44-45","  Retail trade",3720,3812,3950,3979,4071,4182,4054,4063,4059,4145,4266,4355,4681,4815
"33340","Milwaukee-Waukesha-West Allis, WI (Metropolitan Statistical Area)"," ","200","Gross domestic product (GDP) by metropolitan area","36","48-49","  Transportation and warehousing","(D)","(D)","(D)","(D)","(D)","(D)","(D)","(D)","(D)","(D)","(D)","(D)",2049,2083
"33340","Milwaukee-Waukesha-West Allis, WI (Metropolitan Statistical Area)"," ","200","Gross domestic product (GDP) by metropolitan area","37","481","   Air transportation","(D)","(D)","(D)","(D)","(D)","(D)","(D)","(D)","(D)","(D)","(D)","(D)",167,"(NA)"
"33340","Milwaukee-Waukesha-West Allis, WI (Metropolitan Statistical Area)"," ","200","Gross domestic product (GDP) by metropolitan area","38","482","   Rail transportation",51,48,50,53,59,61,61,68,61,68,68,59,94,"(NA)"
"33340","Milwaukee-Waukesha-West Allis, WI (Metropolitan Statistical Area)"," ","200","Gross domestic product (GDP) by metropolitan area","39","483","   Water transportation","(D)","(D)","(D)","(D)","(D)","(D)","(D)","(D)","(D)","(D)","(D)","(D)","(D)","(NA)"
"33340","Milwaukee-Waukesha-West Allis, WI (Metropolitan Statistical Area)"," ","200","Gross domestic product (GDP) by metropolitan area","40","484","   Truck transportation",642,626,633,686,765,788,726,691,618,625,666,691,708,"(NA)"
"33340","Milwaukee-Waukesha-West Allis, WI (Metropolitan Statistical Area)"," ","200","Gross domestic product (GDP) by metropolitan area","41","485","   Transit and ground passenger transportation",288,276,297,292,293,305,313,312,336,350,352,340,352,"(NA)"
"33340","Milwaukee-Waukesha-West Allis, WI (Metropolitan Statistical Area)"," ","200","Gross domestic product (GDP) by metropolitan area","42","486","   Pipeline transportation","(D)","(D)","(D)","(D)","(D)","(D)","(D)","(D)","(D)","(L)","(L)","(L)","(L)","(NA)"
"33340","Milwaukee-Waukesha-West Allis, WI (Metropolitan Statistical Area)"," ","200","Gross domestic product (GDP) by metropolitan area","43","487-488, 492","   Other transportation and support activities","(D)","(D)",356,"(D)","(D)",476,"(D)","(D)",464,"(D)","(D)","(D)","(D)","(NA)"
"33340","Milwaukee-Waukesha-West Allis, WI (Metropolitan Statistical Area)"," ","200","Gross domestic product (GDP) by metropolitan area","44","493","   Warehousing and storage","(D)","(D)","(D)",143,137,"(D)","(D)","(D)","(D)","(D)","(D)","(D)",190,"(NA)"
"33340","Milwaukee-Waukesha-West Allis, WI (Metropolitan Statistical Area)"," ","200","Gross domestic product (GDP) by metropolitan area","45","51","  Information",2182,2716,2771,3052,3121,3193,3331,3469,3331,3225,3132,2853,2858,2931
"33340","Milwaukee-Waukesha-West Allis, WI (Metropolitan Statistical Area)"," ","200","Gross domestic product (GDP) by metropolitan area","46","511","   Publishing industries, except Internet (includes software)","(D)","(D)","(D)","(D)","(D)","(D)",753,767,682,674,673,660,699,"(NA)"
"33340","Milwaukee-Waukesha-West Allis, WI (Metropolitan Statistical Area)"," ","200","Gross domestic product (GDP) by metropolitan area","47","512","   Motion picture and sound recording industries","(D)",163,181,190,149,148,147,217,"(D)",257,243,232,240,"(NA)"
"33340","Milwaukee-Waukesha-West Allis, WI (Metropolitan Statistical Area)"," ","200","Gross domestic product (GDP) by metropolitan area","48","515, 517","   Broadcasting and telecommunications","(D)","(D)","(D)","(D)","(D)","(D)","(D)","(D)","(D)","(D)","(D)","(D)",1269,"(NA)"
"33340","Milwaukee-Waukesha-West Allis, WI (Metropolitan Statistical Area)"," ","200","Gross domestic product (GDP) by metropolitan area","49","518, 519","   Data processing, internet publishing, and other information services","(D)","(D)","(D)","(D)","(D)","(D)","(D)","(D)","(D)","(D)","(D)","(D)",649,"(NA)"
"33340","Milwaukee-Waukesha-West Allis, WI (Metropolitan Statistical Area)"," ","200","Gross domestic product (GDP) by metropolitan area","50","52, 53","  Finance, insurance, real estate, rental, and leasing",14435,14746,15461,16105,17901,18501,19776,20337,21307,21455,22552,23166,24036,24951
"33340","Milwaukee-Waukesha-West Allis, WI (Metropolitan Statistical Area)"," ","200","Gross domestic product (GDP) by metropolitan area","51","52","   Finance and insurance",5192,5336,5806,6243,7182,7154,7508,6723,7195,7093,7105,7462,7984,8387
"33340","Milwaukee-Waukesha-West Allis, WI (Metropolitan Statistical Area)"," ","200","Gross domestic product (GDP) by metropolitan area","52","521-522","    Federal Reserve banks, credit intermediation, and related services","(D)","(D)","(D)","(D)","(D)","(D)","(D)","(D)","(D)","(D)","(D)","(D)","(D)","(NA)"
"33340","Milwaukee-Waukesha-West Allis, WI (Metropolitan Statistical Area)"," ","200","Gross domestic product (GDP) by metropolitan area","53","523","    Securities, commodity contracts, and investments","(D)","(D)","(D)","(D)","(D)","(D)","(D)","(D)","(D)","(D)","(D)","(D)",1353,"(NA)"
"33340","Milwaukee-Waukesha-West Allis, WI (Metropolitan Statistical Area)"," ","200","Gross domestic product (GDP) by metropolitan area","54","524","    Insurance carriers and related activities",2525,2426,2759,3230,3857,3928,4427,3659,3861,3939,4014,4106,4503,"(NA)"
"33340","Milwaukee-Waukesha-West Allis, WI (Metropolitan Statistical Area)"," ","200","Gross domestic product (GDP) by metropolitan area","55","525","    Funds, trusts, and other financial vehicles","(D)","(D)","(D)","(D)","(D)","(D)","(D)","(D)","(D)","(D)","(D)","(D)","(D)","(NA)"
"33340","Milwaukee-Waukesha-West Allis, WI (Metropolitan Statistical Area)"," ","200","Gross domestic product (GDP) by metropolitan area","56","53","   Real estate and rental and leasing",9242,9411,9655,9861,10719,11348,12268,13614,14112,14361,15447,15704,16053,16564
"33340","Milwaukee-Waukesha-West Allis, WI (Metropolitan Statistical Area)"," ","200","Gross domestic product (GDP) by metropolitan area","57","531","    Real estate",8665,8876,9116,9317,"(D)","(D)",11683,13038,"(D)",13752,14790,15005,15381,"(NA)"
"33340","Milwaukee-Waukesha-West Allis, WI (Metropolitan Statistical Area)"," ","200","Gross domestic product (GDP) by metropolitan area","58","532-533","    Rental and leasing services and lessors of intangible assets",578,535,539,545,"(D)","(D)",585,576,"(D)",610,657,698,672,"(NA)"
"33340","Milwaukee-Waukesha-West Allis, WI (Metropolitan Statistical Area)"," ","200","Gross domestic product (GDP) by metropolitan area","59","54, 55, 56","  Professional and business services",7329,7552,7744,8389,8808,9480,10145,10338,9799,10318,11017,11354,11768,12148
"33340","Milwaukee-Waukesha-West Allis, WI (Metropolitan Statistical Area)"," ","200","Gross domestic product (GDP) by metropolitan area","60","54","   Professional, scientific, and technical services",3529,3729,3730,4048,4234,4490,4785,5235,4875,4776,5004,5161,5254,5360
"33340","Milwaukee-Waukesha-West Allis, WI (Metropolitan Statistical Area)"," ","200","Gross domestic product (GDP) by metropolitan area","64","55","   Management of companies and enterprises",1730,1822,2131,2320,2385,2704,2823,2482,2563,3042,3330,3463,3617,3835
"33340","Milwaukee-Waukesha-West Allis, WI (Metropolitan Statistical Area)"," ","200","Gross domestic product (GDP) by metropolitan area","65","56","   Administrative and waste management services",2069,2001,1882,2021,2189,2286,2537,2620,2360,2501,2683,2730,2897,2954
"33340","Milwaukee-Waukesha-West Allis, WI (Metropolitan Statistical Area)"," ","200","Gross domestic product (GDP) by metropolitan area","66","561","    Administrative and support services",1968,1904,1779,1921,2090,2191,2393,2468,2189,2291,2512,2560,2721,"(NA)"
"33340","Milwaukee-Waukesha-West Allis, WI (Metropolitan Statistical Area)"," ","200","Gross domestic product (GDP) by metropolitan area","67","562","    Waste management and remediation services",101,97,103,100,99,95,144,152,171,209,171,170,176,"(NA)"
"33340","Milwaukee-Waukesha-West Allis, WI (Metropolitan Statistical Area)"," ","200","Gross domestic product (GDP) by metropolitan area","68","61, 62","  Educational services, health care, and social assistance",5869,6328,6762,7248,7483,7850,8106,8829,9362,9349,9658,9817,10099,10280
"33340","Milwaukee-Waukesha-West Allis, WI (Metropolitan Statistical Area)"," ","200","Gross domestic product (GDP) by metropolitan area","69","61","   Educational services",833,900,984,1085,1118,1195,1303,1413,1559,1635,1725,1772,1798,1862
"33340","Milwaukee-Waukesha-West Allis, WI (Metropolitan Statistical Area)"," ","200","Gross domestic product (GDP) by metropolitan area","70","62","   Health care and social assistance",5036,5428,5778,6162,6365,6656,6802,7417,7803,7714,7933,8045,8301,8418
"33340","Milwaukee-Waukesha-West Allis, WI (Metropolitan Statistical Area)"," ","200","Gross domestic product (GDP) by metropolitan area","71","621","    Ambulatory health care services",2353,2577,2702,2917,3085,3202,3256,3547,3667,3620,3819,3880,3940,"(NA)"
"33340","Milwaukee-Waukesha-West Allis, WI (Metropolitan Statistical Area)"," ","200","Gross domestic product (GDP) by metropolitan area","72","622-623","    Hospitals and nursing and residential care facilities","(D)","(D)","(D)","(D)","(D)","(D)","(D)","(D)","(D)","(D)","(D)","(D)",3417,"(NA)"
"33340","Milwaukee-Waukesha-West Allis, WI (Metropolitan Statistical Area)"," ","200","Gross domestic product (GDP) by metropolitan area","73","624","    Social assistance","(D)","(D)","(D)","(D)","(D)","(D)","(D)","(D)","(D)","(D)","(D)","(D)",943,"(NA)"
"33340","Milwaukee-Waukesha-West Allis, WI (Metropolitan Statistical Area)"," ","200","Gross domestic product (GDP) by metropolitan area","74","71, 72","  Arts, entertainment, recreation, accommodation, and food services",1838,1964,2055,2138,2176,2334,2400,2416,2400,2419,2493,2585,2712,2901
"33340","Milwaukee-Waukesha-West Allis, WI (Metropolitan Statistical Area)"," ","200","Gross domestic product (GDP) by metropolitan area","75","71","   Arts, entertainment, and recreation",557,608,642,645,660,741,787,809,771,766,795,807,849,968
"33340","Milwaukee-Waukesha-West Allis, WI (Metropolitan Statistical Area)"," ","200","Gross domestic product (GDP) by metropolitan area","76","711-712","    Performing arts, spectator sports, museums, and related activities",360,392,420,423,432,505,524,554,515,495,516,518,542,"(NA)"
"33340","Milwaukee-Waukesha-West Allis, WI (Metropolitan Statistical Area)"," ","200","Gross domestic product (GDP) by metropolitan area","77","713","    Amusements, gambling, and recreation industries",196,216,222,222,228,235,263,254,256,272,280,289,307,"(NA)"
"33340","Milwaukee-Waukesha-West Allis, WI (Metropolitan Statistical Area)"," ","200","Gross domestic product (GDP) by metropolitan area","78","72","   Accommodation and food services",1281,1356,1413,1493,1516,1594,1613,1607,1629,1652,1698,1778,1863,1933
"33340","Milwaukee-Waukesha-West Allis, WI (Metropolitan Statistical Area)"," ","200","Gross domestic product (GDP) by metropolitan area","79","721","    Accommodation",225,232,235,251,254,273,285,294,265,283,305,319,338,"(NA)"
"33340","Milwaukee-Waukesha-West Allis, WI (Metropolitan Statistical Area)"," ","200","Gross domestic product (GDP) by metropolitan area","80","722","    Food services and drinking places",1057,1124,1178,1242,1262,1320,1328,1314,1364,1369,1393,1459,1525,"(NA)"
"33340","Milwaukee-Waukesha-West Allis, WI (Metropolitan Statistical Area)"," ","200","Gross domestic product (GDP) by metropolitan area","81","81","  Other services, except government",1381,1440,1437,1496,1550,1583,1629,1712,1724,1734,1785,1823,1896,1949
"33340","Milwaukee-Waukesha-West Allis, WI (Metropolitan Statistical Area)"," ","200","Gross domestic product (GDP) by metropolitan area","82","92"," Government",5585,5819,6251,6401,6615,6788,7068,7346,7743,7946,7871,8024,8146,8250
"33340","Milwaukee-Waukesha-West Allis, WI (Metropolitan Statistical Area)"," ","200","Gross domestic product (GDP) by metropolitan area","83","...","  Federal civilian",993,1025,1107,1165,1203,1245,1291,1289,1344,1390,1404,1409,1380,"(NA)"
"33340","Milwaukee-Waukesha-West Allis, WI (Metropolitan Statistical Area)"," ","200","Gross domestic product (GDP) by metropolitan area","84","...","  Federal military",148,171,217,232,252,253,262,288,309,298,272,258,251,"(NA)"
"33340","Milwaukee-Waukesha-West Allis, WI (Metropolitan Statistical Area)"," ","200","Gross domestic product (GDP) by metropolitan area","85","...","  State and local",4444,4624,4927,5004,5160,5289,5515,5770,6090,6257,6195,6357,6515,"(NA)"
"33340","Milwaukee-Waukesha-West Allis, WI (Metropolitan Statistical Area)"," ","200","Gross domestic product (GDP) by metropolitan area","86","11, 21","Natural resources and mining",151,160,178,202,175,206,204,197,209,241,262,231,284,360
"33340","Milwaukee-Waukesha-West Allis, WI (Metropolitan Statistical Area)"," ","200","Gross domestic product (GDP) by metropolitan area","87","42, 44-45","Trade",8304,8478,8652,8887,9401,9792,9824,10138,9760,9926,10213,10579,11132,11321
"33340","Milwaukee-Waukesha-West Allis, WI (Metropolitan Statistical Area)"," ","200","Gross domestic product (GDP) by metropolitan area","88","...","Transportation and utilities",2538,2501,2513,2708,2796,3069,3016,3649,3683,3729,3810,3731,3807,3832
"33340","Milwaukee-Waukesha-West Allis, WI (Metropolitan Statistical Area)"," ","200","Gross domestic product (GDP) by metropolitan area","89","...","Private goods-producing industries",15572,15076,15793,16341,17058,18382,18043,16704,15857,16679,17137,17932,18386,18744
"33340","Milwaukee-Waukesha-West Allis, WI (Metropolitan Statistical Area)"," ","200","Gross domestic product (GDP) by metropolitan area","90","...","Private services-providing industries",43876,45726,47395,50021,53235,55802,58227,60889,61366,62153,64661,65906,68308,70313
"33340","Milwaukee-Waukesha-West Allis, WI (Metropolitan Statistical Area)"," ","800","Quantity indexes for real GDP by metropolitan area","1","...","All industry total",91.311,91.987,94.569,96.612,99.388,101.945,102.355,102.754,100.000,101.567,103.717,103.884,105.181,105.991
"33340","Milwaukee-Waukesha-West Allis, WI (Metropolitan Statistical Area)"," ","800","Quantity indexes for real GDP by metropolitan area","2","..."," Private industries",90.715,91.411,93.942,96.413,99.519,102.456,102.912,103.294,100.000,101.749,104.412,104.554,106.010,106.943
"33340","Milwaukee-Waukesha-West Allis, WI (Metropolitan Statistical Area)"," ","800","Quantity indexes for real GDP by metropolitan area","3","11","  Agriculture, forestry, fishing, and hunting","(D)","(D)","(D)","(D)","(D)","(D)","(D)","(D)","(D)","(D)","(D)","(D)","(D)","(D)"
"33340","Milwaukee-Waukesha-West Allis, WI (Metropolitan Statistical Area)"," ","800","Quantity indexes for real GDP by metropolitan area","4","111-112","   Farms",89.813,102.647,105.885,98.698,90.738,105.256,81.033,75.244,100.000,91.159,86.842,67.359,74.470,"(NA)"
"33340","Milwaukee-Waukesha-West Allis, WI (Metropolitan Statistical Area)"," ","800","Quantity indexes for real GDP by metropolitan area","5","113-115","   Forestry, fishing, and related activities","(D)","(D)","(D)","(D)","(D)","(D)","(D)","(D)","(D)","(D)","(D)","(D)","(D)","(NA)"
"33340","Milwaukee-Waukesha-West Allis, WI (Metropolitan Statistical Area)"," ","800","Quantity indexes for real GDP by metropolitan area","6","21","  Mining","(D)","(D)","(D)","(D)","(D)","(D)","(D)","(D)","(D)","(D)","(D)","(D)","(D)","(D)"
"33340","Milwaukee-Waukesha-West Allis, WI (Metropolitan Statistical Area)"," ","800","Quantity indexes for real GDP by metropolitan area","7","211","   Oil and gas extraction","(D)","(D)","(D)","(D)","(D)","(D)","(D)","(D)","(D)","(D)","(D)","(D)","(D)","(NA)"
"33340","Milwaukee-Waukesha-West Allis, WI (Metropolitan Statistical Area)"," ","800","Quantity indexes for real GDP by metropolitan area","8","212","   Mining, except oil and gas","(D)","(D)","(D)","(D)","(D)","(D)","(D)","(D)","(D)","(D)","(D)","(D)","(D)","(NA)"
"33340","Milwaukee-Waukesha-West Allis, WI (Metropolitan Statistical Area)"," ","800","Quantity indexes for real GDP by metropolitan area","9","213","   Support activities for mining","(D)","(D)","(D)","(D)","(D)","(D)","(D)","(D)","(D)","(D)","(D)","(D)","(D)","(NA)"
"33340","Milwaukee-Waukesha-West Allis, WI (Metropolitan Statistical Area)"," ","800","Quantity indexes for real GDP by metropolitan area","10","22","  Utilities","(D)","(D)","(D)","(D)","(D)","(D)","(D)","(D)","(D)","(D)","(D)","(D)","(D)","(D)"
"33340","Milwaukee-Waukesha-West Allis, WI (Metropolitan Statistical Area)"," ","800","Quantity indexes for real GDP by metropolitan area","11","23","  Construction",135.136,131.788,132.274,130.475,125.182,117.377,116.467,109.842,100.000,89.293,84.156,80.254,83.361,85.498
"33340","Milwaukee-Waukesha-West Allis, WI (Metropolitan Statistical Area)"," ","800","Quantity indexes for real GDP by metropolitan area","12","31-33","  Manufacturing",104.790,100.978,107.758,112.092,115.394,125.213,121.631,111.286,100.000,110.991,115.513,118.347,118.008,117.059
"33340","Milwaukee-Waukesha-West Allis, WI (Metropolitan Statistical Area)"," ","800","Quantity indexes for real GDP by metropolitan area","13","...","   Durable goods manufacturing","(D)","(D)","(D)","(D)","(D)","(D)","(D)","(D)","(D)","(D)","(D)","(D)","(D)","(D)"
"33340","Milwaukee-Waukesha-West Allis, WI (Metropolitan Statistical Area)"," ","800","Quantity indexes for real GDP by metropolitan area","14","321","    Wood products manufacturing",71.208,87.226,84.638,86.428,101.601,97.598,107.720,99.859,100.000,113.677,123.862,"(D)","(D)","(NA)"
"33340","Milwaukee-Waukesha-West Allis, WI (Metropolitan Statistical Area)"," ","800","Quantity indexes for real GDP by metropolitan area","15","327","    Nonmetallic mineral products manufacturing",116.913,"(D)",112.394,118.692,124.410,111.617,101.071,112.951,100.000,"(D)","(D)","(D)","(D)","(NA)"
"33340","Milwaukee-Waukesha-West Allis, WI (Metropolitan Statistical Area)"," ","800","Quantity indexes for real GDP by metropolitan area","16","331","    Primary metals manufacturing",129.305,147.111,141.045,133.404,123.270,105.137,100.965,97.644,100.000,69.754,78.827,122.416,138.482,"(NA)"
"33340","Milwaukee-Waukesha-West Allis, WI (Metropolitan Statistical Area)"," ","800","Quantity indexes for real GDP by metropolitan area","17","332","    Fabricated metal products",138.194,131.911,141.461,"(D)",138.586,143.498,146.212,136.974,100.000,113.489,126.819,131.546,125.004,"(NA)"
"33340","Milwaukee-Waukesha-West Allis, WI (Metropolitan Statistical Area)"," ","800","Quantity indexes for real GDP by metropolitan area","18","333","    Machinery manufacturing",119.816,94.872,96.876,107.367,111.273,120.509,121.438,125.411,100.000,120.979,140.816,139.668,132.356,"(NA)"
"33340","Milwaukee-Waukesha-West Allis, WI (Metropolitan Statistical Area)"," ","800","Quantity indexes for real GDP by metropolitan area","19","334","    Computer and electronic products manufacturing",31.326,40.805,58.796,60.900,121.918,121.068,128.728,93.588,100.000,113.482,110.495,116.384,124.033,"(NA)"
"33340","Milwaukee-Waukesha-West Allis, WI (Metropolitan Statistical Area)"," ","800","Quantity indexes for real GDP by metropolitan area","20","335","    Electrical equipment, appliance, and components manufacturing",119.189,104.227,130.970,"(D)",93.410,141.051,114.581,115.336,100.000,"(D)","(D)","(D)","(D)","(NA)"
"33340","Milwaukee-Waukesha-West Allis, WI (Metropolitan Statistical Area)"," ","800","Quantity indexes for real GDP by metropolitan area","21","3361-3363","    Motor vehicles, bodies and trailers, and parts manufacturing","(D)","(D)","(D)","(D)","(D)","(D)","(D)","(D)","(D)","(D)","(D)","(D)","(D)","(NA)"
"33340","Milwaukee-Waukesha-West Allis, WI (Metropolitan Statistical Area)"," ","800","Quantity indexes for real GDP by metropolitan area","22","3364-3366, 3369","    Other transportation equipment manufacturing","(D)","(D)","(D)","(D)","(D)","(D)","(D)","(D)","(D)","(D)","(D)","(D)","(D)","(NA)"
"33340","Milwaukee-Waukesha-West Allis, WI (Metropolitan Statistical Area)"," ","800","Quantity indexes for real GDP by metropolitan area","23","337","    Furniture and related products manufacturing",126.800,133.128,128.597,134.375,129.129,133.711,146.984,161.989,100.000,115.517,113.114,117.924,119.439,"(NA)"
"33340","Milwaukee-Waukesha-West Allis, WI (Metropolitan Statistical Area)"," ","800","Quantity indexes for real GDP by metropolitan area","24","339","    Miscellaneous manufacturing",103.926,107.813,97.828,103.903,110.920,122.188,118.714,112.000,100.000,115.384,105.958,114.256,112.569,"(NA)"
"33340","Milwaukee-Waukesha-West Allis, WI (Metropolitan Statistical Area)"," ","800","Quantity indexes for real GDP by metropolitan area","25","...","   Nondurable goods manufacturing","(D)","(D)","(D)","(D)","(D)","(D)","(D)","(D)","(D)","(D)","(D)","(D)","(D)","(D)"
"33340","Milwaukee-Waukesha-West Allis, WI (Metropolitan Statistical Area)"," ","800","Quantity indexes for real GDP by metropolitan area","26","311-312","    Food and beverage and tobacco products manufacturing","(D)","(D)","(D)","(D)","(D)","(D)","(D)","(D)","(D)","(D)","(D)","(D)","(D)","(NA)"
"33340","Milwaukee-Waukesha-West Allis, WI (Metropolitan Statistical Area)"," ","800","Quantity indexes for real GDP by metropolitan area","27","313-314","    Textile mills and textile product mills","(D)","(D)","(D)","(D)","(D)","(D)","(D)","(D)","(D)","(D)","(D)","(D)","(D)","(NA)"
"33340","Milwaukee-Waukesha-West Allis, WI (Metropolitan Statistical Area)"," ","800","Quantity indexes for real GDP by metropolitan area","28","315-316","    Apparel and leather and allied products manufacturing","(D)","(D)","(D)","(D)","(D)","(D)","(D)","(D)","(D)","(D)","(D)","(D)","(D)","(NA)"
"33340","Milwaukee-Waukesha-West Allis, WI (Metropolitan Statistical Area)"," ","800","Quantity indexes for real GDP by metropolitan area","29","322","    Paper products manufacturing",128.634,139.807,144.969,114.223,107.991,111.675,105.720,93.815,100.000,90.659,"(D)","(D)","(D)","(NA)"
"33340","Milwaukee-Waukesha-West Allis, WI (Metropolitan Statistical Area)"," ","800","Quantity indexes for real GDP by metropolitan area","30","323","    Printing and related support activities",78.200,89.829,96.159,98.735,100.794,106.461,112.956,111.671,100.000,100.367,109.980,118.537,115.248,"(NA)"
"33340","Milwaukee-Waukesha-West Allis, WI (Metropolitan Statistical Area)"," ","800","Quantity indexes for real GDP by metropolitan area","31","324","    Petroleum and coal products manufacturing","(D)","(D)","(D)","(D)","(D)","(D)","(D)","(D)","(D)","(D)","(D)","(D)","(D)","(NA)"
"33340","Milwaukee-Waukesha-West Allis, WI (Metropolitan Statistical Area)"," ","800","Quantity indexes for real GDP by metropolitan area","32","325","    Chemical products manufacturing",162.487,165.405,145.700,164.547,144.764,181.603,143.647,85.525,100.000,151.732,127.173,124.854,109.243,"(NA)"
"33340","Milwaukee-Waukesha-West Allis, WI (Metropolitan Statistical Area)"," ","800","Quantity indexes for real GDP by metropolitan area","33","326","    Plastics and rubber products manufacturing",106.377,100.669,93.303,114.091,114.788,110.021,112.752,110.910,100.000,111.520,101.404,103.437,105.868,"(NA)"
"33340","Milwaukee-Waukesha-West Allis, WI (Metropolitan Statistical Area)"," ","800","Quantity indexes for real GDP by metropolitan area","34","42","  Wholesale trade",98.128,100.399,102.202,103.496,109.528,111.389,112.219,114.535,100.000,99.048,99.576,101.018,102.854,102.324
"33340","Milwaukee-Waukesha-West Allis, WI (Metropolitan Statistical Area)"," ","800","Quantity indexes for real GDP by metropolitan area","35","44-45","  Retail trade",103.371,106.203,110.719,109.363,109.302,109.097,102.888,101.297,100.000,101.324,102.240,101.455,107.192,108.851
"33340","Milwaukee-Waukesha-West Allis, WI (Metropolitan Statistical Area)"," ","800","Quantity indexes for real GDP by metropolitan area","36","48-49","  Transportation and warehousing","(D)","(D)","(D)","(D)","(D)","(D)","(D)","(D)","(D)","(D)","(D)","(D)","(D)","(D)"
"33340","Milwaukee-Waukesha-West Allis, WI (Metropolitan Statistical Area)"," ","800","Quantity indexes for real GDP by metropolitan area","37","481","   Air transportation","(D)","(D)","(D)","(D)","(D)","(D)","(D)","(D)","(D)","(D)","(D)","(D)","(D)","(NA)"
"33340","Milwaukee-Waukesha-West Allis, WI (Metropolitan Statistical Area)"," ","800","Quantity indexes for real GDP by metropolitan area","38","482","   Rail transportation",122.345,111.950,117.011,122.597,125.524,117.005,113.958,115.205,100.000,109.701,103.489,83.287,127.075,"(NA)"
"33340","Milwaukee-Waukesha-West Allis, WI (Metropolitan Statistical Area)"," ","800","Quantity indexes for real GDP by metropolitan area","39","483","   Water transportation","(D)","(D)","(D)","(D)","(D)","(D)","(D)","(D)","(D)","(D)","(D)","(D)","(D)","(NA)"
"33340","Milwaukee-Waukesha-West Allis, WI (Metropolitan Statistical Area)"," ","800","Quantity indexes for real GDP by metropolitan area","40","484","   Truck transportation",120.489,116.138,115.499,123.913,133.845,136.098,123.827,115.056,100.000,107.032,114.814,115.524,114.423,"(NA)"
"33340","Milwaukee-Waukesha-West Allis, WI (Metropolitan Statistical Area)"," ","800","Quantity indexes for real GDP by metropolitan area","41","485","   Transit and ground passenger transportation",124.824,116.446,116.314,109.953,107.349,106.435,107.918,103.829,100.000,101.555,99.976,92.514,89.900,"(NA)"
"33340","Milwaukee-Waukesha-West Allis, WI (Metropolitan Statistical Area)"," ","800","Quantity indexes for real GDP by metropolitan area","42","486","   Pipeline transportation","(D)","(D)","(D)","(D)","(D)","(D)","(D)","(D)","(D)","(D)","(D)","(D)","(D)","(NA)"
"33340","Milwaukee-Waukesha-West Allis, WI (Metropolitan Statistical Area)"," ","800","Quantity indexes for real GDP by metropolitan area","43","487-488, 492","   Other transportation and support activities","(D)","(D)",93.348,"(D)","(D)",112.304,"(D)","(D)",100.000,"(D)","(D)","(D)","(D)","(NA)"
"33340","Milwaukee-Waukesha-West Allis, WI (Metropolitan Statistical Area)"," ","800","Quantity indexes for real GDP by metropolitan area","44","493","   Warehousing and storage","(D)","(D)","(D)","(D)","(D)","(D)","(D)","(D)","(D)","(D)","(D)","(D)","(D)","(NA)"
"33340","Milwaukee-Waukesha-West Allis, WI (Metropolitan Statistical Area)"," ","800","Quantity indexes for real GDP by metropolitan area","45","51","  Information",61.500,76.592,78.139,87.029,90.529,93.509,99.373,104.565,100.000,97.604,95.311,86.864,86.717,88.816
"33340","Milwaukee-Waukesha-West Allis, WI (Metropolitan Statistical Area)"," ","800","Quantity indexes for real GDP by metropolitan area","46","511","   Publishing industries, except Internet (includes software)","(D)","(D)","(D)","(D)","(D)","(D)",113.616,114.307,100.000,99.904,99.515,97.061,101.716,"(NA)"
"33340","Milwaukee-Waukesha-West Allis, WI (Metropolitan Statistical Area)"," ","800","Quantity indexes for real GDP by metropolitan area","47","512","   Motion picture and sound recording industries","(D)","(D)","(D)","(D)","(D)","(D)","(D)","(D)","(D)","(D)","(D)","(D)","(D)","(NA)"
"33340","Milwaukee-Waukesha-West Allis, WI (Metropolitan Statistical Area)"," ","800","Quantity indexes for real GDP by metropolitan area","48","515, 517","   Broadcasting and telecommunications","(D)","(D)","(D)","(D)","(D)","(D)","(D)","(D)","(D)","(D)","(D)","(D)","(D)","(NA)"
"33340","Milwaukee-Waukesha-West Allis, WI (Metropolitan Statistical Area)"," ","800","Quantity indexes for real GDP by metropolitan area","49","518, 519","   Data processing, internet publishing, and other information services","(D)","(D)","(D)","(D)","(D)","(D)","(D)","(D)","(D)","(D)","(D)","(D)","(D)","(NA)"
"33340","Milwaukee-Waukesha-West Allis, WI (Metropolitan Statistical Area)"," ","800","Quantity indexes for real GDP by metropolitan area","50","52, 53","  Finance, insurance, real estate, rental, and leasing",78.049,77.365,79.008,80.306,87.326,88.496,92.984,94.821,100.000,100.045,103.741,104.140,105.670,107.046
"33340","Milwaukee-Waukesha-West Allis, WI (Metropolitan Statistical Area)"," ","800","Quantity indexes for real GDP by metropolitan area","51","52","   Finance and insurance",77.435,78.135,82.261,85.756,96.423,95.230,98.749,88.722,100.000,95.565,93.419,95.185,99.827,102.784
"33340","Milwaukee-Waukesha-West Allis, WI (Metropolitan Statistical Area)"," ","800","Quantity indexes for real GDP by metropolitan area","52","521-522","    Federal Reserve banks, credit intermediation, and related services","(D)","(D)","(D)","(D)","(D)","(D)","(D)","(D)","(D)","(D)","(D)","(D)","(D)","(NA)"
"33340","Milwaukee-Waukesha-West Allis, WI (Metropolitan Statistical Area)"," ","800","Quantity indexes for real GDP by metropolitan area","53","523","    Securities, commodity contracts, and investments","(D)","(D)","(D)","(D)","(D)","(D)","(D)","(D)","(D)","(D)","(D)","(D)","(D)","(NA)"
"33340","Milwaukee-Waukesha-West Allis, WI (Metropolitan Statistical Area)"," ","800","Quantity indexes for real GDP by metropolitan area","54","524","    Insurance carriers and related activities",74.403,69.930,75.941,85.961,100.366,102.426,115.563,97.256,100.000,100.494,99.777,99.845,107.508,"(NA)"
"33340","Milwaukee-Waukesha-West Allis, WI (Metropolitan Statistical Area)"," ","800","Quantity indexes for real GDP by metropolitan area","55","525","    Funds, trusts, and other financial vehicles","(D)","(D)","(D)","(D)","(D)","(D)","(D)","(D)","(D)","(D)","(D)","(D)","(D)","(NA)"
"33340","Milwaukee-Waukesha-West Allis, WI (Metropolitan Statistical Area)"," ","800","Quantity indexes for real GDP by metropolitan area","56","53","   Real estate and rental and leasing",78.367,76.903,77.151,77.204,82.145,84.650,89.675,98.048,100.000,102.374,109.182,108.842,108.682,109.203
"33340","Milwaukee-Waukesha-West Allis, WI (Metropolitan Statistical Area)"," ","800","Quantity indexes for real GDP by metropolitan area","57","531","    Real estate","(D)","(D)","(D)","(D)","(D)","(D)","(D)","(D)","(D)","(D)","(D)","(D)","(D)","(NA)"
"33340","Milwaukee-Waukesha-West Allis, WI (Metropolitan Statistical Area)"," ","800","Quantity indexes for real GDP by metropolitan area","58","532-533","    Rental and leasing services and lessors of intangible assets","(D)","(D)","(D)","(D)","(D)","(D)","(D)","(D)","(D)","(D)","(D)","(D)","(D)","(NA)"
"33340","Milwaukee-Waukesha-West Allis, WI (Metropolitan Statistical Area)"," ","800","Quantity indexes for real GDP by metropolitan area","59","54, 55, 56","  Professional and business services",96.778,98.274,99.159,100.999,102.330,105.439,106.637,107.240,100.000,104.481,110.405,112.286,114.654,117.812
"33340","Milwaukee-Waukesha-West Allis, WI (Metropolitan Statistical Area)"," ","800","Quantity indexes for real GDP by metropolitan area","60","54","   Professional, scientific, and technical services",88.676,92.464,90.477,95.471,95.838,98.231,100.824,108.684,100.000,96.432,99.199,100.413,100.193,100.293
"33340","Milwaukee-Waukesha-West Allis, WI (Metropolitan Statistical Area)"," ","800","Quantity indexes for real GDP by metropolitan area","64","55","   Management of companies and enterprises",108.597,112.232,127.801,120.017,117.135,123.220,115.141,99.983,100.000,117.711,128.362,132.436,137.138,149.191
"33340","Milwaukee-Waukesha-West Allis, WI (Metropolitan Statistical Area)"," ","800","Quantity indexes for real GDP by metropolitan area","65","56","   Administrative and waste management services",99.015,94.447,89.400,93.113,100.178,101.860,109.652,112.055,100.000,106.828,114.252,115.139,120.554,120.707
"33340","Milwaukee-Waukesha-West Allis, WI (Metropolitan Statistical Area)"," ","800","Quantity indexes for real GDP by metropolitan area","66","561","    Administrative and support services",101.170,96.646,91.101,95.344,102.948,105.040,111.284,113.710,100.000,105.859,115.816,116.918,122.688,"(NA)"
"33340","Milwaukee-Waukesha-West Allis, WI (Metropolitan Statistical Area)"," ","800","Quantity indexes for real GDP by metropolitan area","67","562","    Waste management and remediation services",70.857,65.671,67.109,63.995,64.037,60.321,88.657,90.769,100.000,118.979,95.463,93.759,94.911,"(NA)"
"33340","Milwaukee-Waukesha-West Allis, WI (Metropolitan Statistical Area)"," ","800","Quantity indexes for real GDP by metropolitan area","68","61, 62","  Educational services, health care, and social assistance",81.002,84.175,87.129,90.528,90.612,92.538,91.766,97.803,100.000,97.602,99.265,98.694,99.842,99.997
"33340","Milwaukee-Waukesha-West Allis, WI (Metropolitan Statistical Area)"," ","800","Quantity indexes for real GDP by metropolitan area","69","61","   Educational services",75.090,76.549,81.075,85.606,84.788,86.405,90.227,94.406,100.000,102.083,104.771,103.894,102.049,102.442
"33340","Milwaukee-Waukesha-West Allis, WI (Metropolitan Statistical Area)"," ","800","Quantity indexes for real GDP by metropolitan area","70","62","   Health care and social assistance",82.160,85.650,88.314,91.504,91.758,93.745,92.076,98.480,100.000,96.705,98.161,97.652,99.426,99.531
"33340","Milwaukee-Waukesha-West Allis, WI (Metropolitan Statistical Area)"," ","800","Quantity indexes for real GDP by metropolitan area","71","621","    Ambulatory health care services",77.183,83.381,85.483,90.171,93.157,95.669,93.087,100.020,100.000,96.317,100.595,100.764,101.784,"(NA)"
"33340","Milwaukee-Waukesha-West Allis, WI (Metropolitan Statistical Area)"," ","800","Quantity indexes for real GDP by metropolitan area","72","622-623","    Hospitals and nursing and residential care facilities","(D)","(D)","(D)","(D)","(D)","(D)","(D)","(D)","(D)","(D)","(D)","(D)","(D)","(NA)"
"33340","Milwaukee-Waukesha-West Allis, WI (Metropolitan Statistical Area)"," ","800","Quantity indexes for real GDP by metropolitan area","73","624","    Social assistance","(D)","(D)","(D)","(D)","(D)","(D)","(D)","(D)","(D)","(D)","(D)","(D)","(D)","(NA)"
"33340","Milwaukee-Waukesha-West Allis, WI (Metropolitan Statistical Area)"," ","800","Quantity indexes for real GDP by metropolitan area","74","71, 72","  Arts, entertainment, recreation, accommodation, and food services",100.361,103.360,106.292,108.129,106.030,109.842,108.470,105.775,100.000,100.735,104.077,103.994,106.555,110.963
"33340","Milwaukee-Waukesha-West Allis, WI (Metropolitan Statistical Area)"," ","800","Quantity indexes for real GDP by metropolitan area","75","71","   Arts, entertainment, and recreation",92.306,98.237,100.555,98.322,96.917,105.143,107.211,107.569,100.000,99.494,103.117,101.744,105.516,117.554
"33340","Milwaukee-Waukesha-West Allis, WI (Metropolitan Statistical Area)"," ","800","Quantity indexes for real GDP by metropolitan area","76","711-712","    Performing arts, spectator sports, museums, and related activities",92.859,98.307,101.808,98.762,96.061,108.313,107.461,110.240,100.000,95.392,99.075,97.161,100.417,"(NA)"
"33340","Milwaukee-Waukesha-West Allis, WI (Metropolitan Statistical Area)"," ","800","Quantity indexes for real GDP by metropolitan area","77","713","    Amusements, gambling, and recreation industries",91.179,97.973,98.142,97.415,98.487,98.842,106.660,102.176,100.000,107.855,111.348,111.094,115.919,"(NA)"
"33340","Milwaukee-Waukesha-West Allis, WI (Metropolitan Statistical Area)"," ","800","Quantity indexes for real GDP by metropolitan area","78","72","   Accommodation and food services",104.355,105.927,109.162,113.013,110.570,112.192,109.112,104.910,100.000,101.322,104.531,105.057,107.054,107.945
"33340","Milwaukee-Waukesha-West Allis, WI (Metropolitan Statistical Area)"," ","800","Quantity indexes for real GDP by metropolitan area","79","721","    Accommodation",101.698,104.053,105.054,110.199,105.362,108.820,107.973,108.429,100.000,107.610,114.228,115.350,119.876,"(NA)"
"33340","Milwaukee-Waukesha-West Allis, WI (Metropolitan Statistical Area)"," ","800","Quantity indexes for real GDP by metropolitan area","80","722","    Food services and drinking places",104.982,106.386,110.092,113.676,111.736,112.966,109.401,104.190,100.000,100.106,102.651,103.060,104.566,"(NA)"
"33340","Milwaukee-Waukesha-West Allis, WI (Metropolitan Statistical Area)"," ","800","Quantity indexes for real GDP by metropolitan area","81","81","  Other services, except government",109.293,109.121,105.803,106.793,106.357,104.334,103.218,104.333,100.000,98.045,98.621,97.853,98.692,98.978
"33340","Milwaukee-Waukesha-West Allis, WI (Metropolitan Statistical Area)"," ","800","Quantity indexes for real GDP by metropolitan area","82","92"," Government",97.924,98.384,101.529,98.961,98.254,96.861,96.794,97.369,100.000,99.771,96.950,97.361,97.111,96.717
"33340","Milwaukee-Waukesha-West Allis, WI (Metropolitan Statistical Area)"," ","800","Quantity indexes for real GDP by metropolitan area","83","...","  Federal civilian",100.433,97.781,100.446,100.687,99.662,100.113,100.102,97.685,100.000,99.701,98.318,98.581,94.415,"(NA)"
"33340","Milwaukee-Waukesha-West Allis, WI (Metropolitan Statistical Area)"," ","800","Quantity indexes for real GDP by metropolitan area","84","...","  Federal military",68.728,74.450,86.613,89.374,90.710,86.821,86.059,92.313,100.000,94.143,84.306,79.017,76.821,"(NA)"
"33340","Milwaukee-Waukesha-West Allis, WI (Metropolitan Statistical Area)"," ","800","Quantity indexes for real GDP by metropolitan area","85","...","  State and local",98.874,99.772,102.569,99.081,98.339,96.658,96.616,97.560,100.000,100.072,97.285,98.016,98.728,"(NA)"
"33340","Milwaukee-Waukesha-West Allis, WI (Metropolitan Statistical Area)"," ","800","Quantity indexes for real GDP by metropolitan area","86","11, 21","Natural resources and mining",108.234,118.750,119.740,115.036,101.305,114.152,92.950,83.908,100.000,101.833,91.015,79.694,98.111,125.362
"33340","Milwaukee-Waukesha-West Allis, WI (Metropolitan Statistical Area)"," ","800","Quantity indexes for real GDP by metropolitan area","87","42, 44-45","Trade",100.516,103.035,106.024,106.164,109.557,110.525,108.304,108.932,100.000,99.990,100.678,101.205,104.642,105.006
"33340","Milwaukee-Waukesha-West Allis, WI (Metropolitan Statistical Area)"," ","800","Quantity indexes for real GDP by metropolitan area","88","...","Transportation and utilities",87.785,86.486,83.953,89.002,89.011,93.770,90.531,107.246,100.000,102.542,103.485,100.894,99.439,96.137
"33340","Milwaukee-Waukesha-West Allis, WI (Metropolitan Statistical Area)"," ","800","Quantity indexes for real GDP by metropolitan area","89","...","Private goods-producing industries",109.159,105.522,111.452,114.842,116.664,123.680,120.320,110.644,100.000,107.208,109.839,111.270,111.857,111.941
"33340","Milwaukee-Waukesha-West Allis, WI (Metropolitan Statistical Area)"," ","800","Quantity indexes for real GDP by metropolitan area","90","...","Private services-providing industries",85.986,87.886,89.502,91.736,95.183,97.062,98.496,101.418,100.000,100.356,103.027,102.846,104.521,105.668
"33340","Milwaukee-Waukesha-West Allis, WI (Metropolitan Statistical Area)"," ","900","Real GDP by metropolitan area","1","...","All industry total",77583,78158,80351,82087,84446,86619,86967,87306,84966,86297,88124,88266,89368,90056
"33340","Milwaukee-Waukesha-West Allis, WI (Metropolitan Statistical Area)"," ","900","Real GDP by metropolitan area","2","..."," Private industries",70053,70590,72545,74453,76852,79120,79472,79767,77223,78573,80630,80740,81864,82585
"33340","Milwaukee-Waukesha-West Allis, WI (Metropolitan Statistical Area)"," ","900","Real GDP by metropolitan area","3","11","  Agriculture, forestry, fishing, and hunting","(D)","(D)","(D)","(D)","(D)","(D)","(D)","(D)","(D)","(D)","(D)","(D)","(D)","(D)"
"33340","Milwaukee-Waukesha-West Allis, WI (Metropolitan Statistical Area)"," ","900","Real GDP by metropolitan area","4","111-112","   Farms",90,103,106,99,91,105,81,75,100,91,87,67,74,"(NA)"
"33340","Milwaukee-Waukesha-West Allis, WI (Metropolitan Statistical Area)"," ","900","Real GDP by metropolitan area","5","113-115","   Forestry, fishing, and related activities","(D)","(D)","(D)","(D)","(D)","(D)","(D)","(D)","(D)","(D)","(D)","(D)","(D)","(NA)"
"33340","Milwaukee-Waukesha-West Allis, WI (Metropolitan Statistical Area)"," ","900","Real GDP by metropolitan area","6","21","  Mining","(D)","(D)","(D)","(D)","(D)","(D)","(D)","(D)","(D)","(D)","(D)","(D)","(D)","(D)"
"33340","Milwaukee-Waukesha-West Allis, WI (Metropolitan Statistical Area)"," ","900","Real GDP by metropolitan area","7","211","   Oil and gas extraction","(D)","(D)","(D)","(D)","(D)","(D)","(D)","(D)","(D)","(D)","(D)","(D)","(D)","(NA)"
"33340","Milwaukee-Waukesha-West Allis, WI (Metropolitan Statistical Area)"," ","900","Real GDP by metropolitan area","8","212","   Mining, except oil and gas","(D)","(D)","(D)","(D)","(D)","(D)","(D)","(D)","(D)","(D)","(D)","(D)","(D)","(NA)"
"33340","Milwaukee-Waukesha-West Allis, WI (Metropolitan Statistical Area)"," ","900","Real GDP by metropolitan area","9","213","   Support activities for mining","(D)","(D)","(D)","(D)","(D)","(D)","(D)","(D)","(D)","(D)","(D)","(D)","(D)","(NA)"
"33340","Milwaukee-Waukesha-West Allis, WI (Metropolitan Statistical Area)"," ","900","Real GDP by metropolitan area","10","22","  Utilities","(D)","(D)","(D)","(D)","(D)","(D)","(D)","(D)","(D)","(D)","(D)","(D)",1791,1691
"33340","Milwaukee-Waukesha-West Allis, WI (Metropolitan Statistical Area)"," ","900","Real GDP by metropolitan area","11","23","  Construction",3609,3520,3533,3485,3343,3135,3111,2934,2671,2385,2248,2143,2226,2283
"33340","Milwaukee-Waukesha-West Allis, WI (Metropolitan Statistical Area)"," ","900","Real GDP by metropolitan area","12","31-33","  Manufacturing",13599,13104,13984,14546,14975,16249,15784,14442,12977,14403,14990,15358,15314,15191
"33340","Milwaukee-Waukesha-West Allis, WI (Metropolitan Statistical Area)"," ","900","Real GDP by metropolitan area","13","...","   Durable goods manufacturing","(D)",8611,"(D)","(D)",10545,"(D)","(D)","(D)","(D)",9905,10858,11055,11129,11024
"33340","Milwaukee-Waukesha-West Allis, WI (Metropolitan Statistical Area)"," ","900","Real GDP by metropolitan area","14","321","    Wood products manufacturing",38,46,45,46,54,52,57,53,53,61,66,"(D)","(D)","(NA)"
"33340","Milwaukee-Waukesha-West Allis, WI (Metropolitan Statistical Area)"," ","900","Real GDP by metropolitan area","15","327","    Nonmetallic mineral products manufacturing",244,"(D)",235,248,260,233,211,236,209,"(D)","(D)","(D)","(D)","(NA)"
"33340","Milwaukee-Waukesha-West Allis, WI (Metropolitan Statistical Area)"," ","900","Real GDP by metropolitan area","16","331","    Primary metals manufacturing",465,529,507,480,443,378,363,351,360,251,283,440,498,"(NA)"
"33340","Milwaukee-Waukesha-West Allis, WI (Metropolitan Statistical Area)"," ","900","Real GDP by metropolitan area","17","332","    Fabricated metal products",2276,2172,2329,"(D)",2282,2363,2408,2255,1647,1869,2088,2166,2058,"(NA)"
"33340","Milwaukee-Waukesha-West Allis, WI (Metropolitan Statistical Area)"," ","900","Real GDP by metropolitan area","18","333","    Machinery manufacturing",2425,1920,1961,2173,2252,2439,2458,2538,2024,2449,2850,2827,2679,"(NA)"
"33340","Milwaukee-Waukesha-West Allis, WI (Metropolitan Statistical Area)"," ","900","Real GDP by metropolitan area","19","334","    Computer and electronic products manufacturing",477,621,895,927,1855,1842,1958,1424,1521,1726,1681,1771,1887,"(NA)"
"33340","Milwaukee-Waukesha-West Allis, WI (Metropolitan Statistical Area)"," ","900","Real GDP by metropolitan area","20","335","    Electrical equipment, appliance, and components manufacturing",2126,1859,2336,"(D)",1666,2516,2044,2057,1784,"(D)","(D)","(D)","(D)","(NA)"
"33340","Milwaukee-Waukesha-West Allis, WI (Metropolitan Statistical Area)"," ","900","Real GDP by metropolitan area","21","3361-3363","    Motor vehicles, bodies and trailers, and parts manufacturing","(D)","(D)","(D)","(D)","(D)","(D)","(D)","(D)","(D)","(D)","(D)","(D)",352,"(NA)"
"33340","Milwaukee-Waukesha-West Allis, WI (Metropolitan Statistical Area)"," ","900","Real GDP by metropolitan area","22","3364-3366, 3369","    Other transportation equipment manufacturing","(D)","(D)","(D)","(D)","(D)","(D)","(D)","(D)","(D)","(D)","(D)","(D)","(D)","(NA)"
"33340","Milwaukee-Waukesha-West Allis, WI (Metropolitan Statistical Area)"," ","900","Real GDP by metropolitan area","23","337","    Furniture and related products manufacturing",110,116,112,117,112,116,128,141,87,101,98,103,104,"(NA)"
"33340","Milwaukee-Waukesha-West Allis, WI (Metropolitan Statistical Area)"," ","900","Real GDP by metropolitan area","24","339","    Miscellaneous manufacturing",374,388,352,374,400,440,428,403,360,416,382,412,405,"(NA)"
"33340","Milwaukee-Waukesha-West Allis, WI (Metropolitan Statistical Area)"," ","900","Real GDP by metropolitan area","25","...","   Nondurable goods manufacturing","(D)",4573,"(D)","(D)",4430,"(D)","(D)","(D)","(D)",4499,4149,4317,4204,4185
"33340","Milwaukee-Waukesha-West Allis, WI (Metropolitan Statistical Area)"," ","900","Real GDP by metropolitan area","26","311-312","    Food and beverage and tobacco products manufacturing","(D)","(D)","(D)","(D)","(D)","(D)","(D)","(D)","(D)","(D)","(D)","(D)","(D)","(NA)"
"33340","Milwaukee-Waukesha-West Allis, WI (Metropolitan Statistical Area)"," ","900","Real GDP by metropolitan area","27","313-314","    Textile mills and textile product mills","(D)","(D)","(D)","(D)","(D)","(D)","(D)","(D)","(D)","(D)","(D)","(D)","(D)","(NA)"
"33340","Milwaukee-Waukesha-West Allis, WI (Metropolitan Statistical Area)"," ","900","Real GDP by metropolitan area","28","315-316","    Apparel and leather and allied products manufacturing","(D)","(D)","(D)","(D)","(D)","(D)","(D)","(D)","(D)","(D)","(D)","(D)",64,"(NA)"
"33340","Milwaukee-Waukesha-West Allis, WI (Metropolitan Statistical Area)"," ","900","Real GDP by metropolitan area","29","322","    Paper products manufacturing",601,653,677,533,504,521,494,438,467,423,"(D)","(D)","(D)","(NA)"
"33340","Milwaukee-Waukesha-West Allis, WI (Metropolitan Statistical Area)"," ","900","Real GDP by metropolitan area","30","323","    Printing and related support activities",761,874,935,961,981,1036,1099,1086,973,976,1070,1153,1121,"(NA)"
"33340","Milwaukee-Waukesha-West Allis, WI (Metropolitan Statistical Area)"," ","900","Real GDP by metropolitan area","31","324","    Petroleum and coal products manufacturing",30,35,38,"(D)","(D)","(D)","(D)","(D)","(D)","(D)","(D)","(D)","(D)","(NA)"
"33340","Milwaukee-Waukesha-West Allis, WI (Metropolitan Statistical Area)"," ","900","Real GDP by metropolitan area","32","325","    Chemical products manufacturing",1248,1270,1119,1264,1112,1395,1103,657,768,1165,977,959,839,"(NA)"
"33340","Milwaukee-Waukesha-West Allis, WI (Metropolitan Statistical Area)"," ","900","Real GDP by metropolitan area","33","326","    Plastics and rubber products manufacturing",578,547,507,619,623,597,612,602,543,605,551,562,575,"(NA)"
"33340","Milwaukee-Waukesha-West Allis, WI (Metropolitan Statistical Area)"," ","900","Real GDP by metropolitan area","34","42","  Wholesale trade",5594,5724,5827,5901,6244,6351,6398,6530,5701,5647,5677,5759,5864,5834
"33340","Milwaukee-Waukesha-West Allis, WI (Metropolitan Statistical Area)"," ","900","Real GDP by metropolitan area","35","44-45","  Retail trade",4196,4311,4494,4439,4437,4428,4176,4112,4059,4113,4150,4118,4351,4418
"33340","Milwaukee-Waukesha-West Allis, WI (Metropolitan Statistical Area)"," ","900","Real GDP by metropolitan area","36","48-49","  Transportation and warehousing","(D)","(D)","(D)","(D)","(D)","(D)","(D)","(D)","(D)","(D)","(D)","(D)",1876,1853
"33340","Milwaukee-Waukesha-West Allis, WI (Metropolitan Statistical Area)"," ","900","Real GDP by metropolitan area","37","481","   Air transportation","(D)","(D)","(D)","(D)","(D)","(D)","(D)","(D)","(D)","(D)","(D)","(D)",140,"(NA)"
"33340","Milwaukee-Waukesha-West Allis, WI (Metropolitan Statistical Area)"," ","900","Real GDP by metropolitan area","38","482","   Rail transportation",74,68,71,75,76,71,69,70,61,67,63,51,77,"(NA)"
"33340","Milwaukee-Waukesha-West Allis, WI (Metropolitan Statistical Area)"," ","900","Real GDP by metropolitan area","39","483","   Water transportation","(D)","(D)","(D)","(D)","(D)","(D)","(D)","(D)","(D)","(D)","(D)","(D)","(D)","(NA)"
"33340","Milwaukee-Waukesha-West Allis, WI (Metropolitan Statistical Area)"," ","900","Real GDP by metropolitan area","40","484","   Truck transportation",744,717,714,766,827,841,765,711,618,661,709,714,707,"(NA)"
"33340","Milwaukee-Waukesha-West Allis, WI (Metropolitan Statistical Area)"," ","900","Real GDP by metropolitan area","41","485","   Transit and ground passenger transportation",420,391,391,370,361,358,363,349,336,341,336,311,302,"(NA)"
"33340","Milwaukee-Waukesha-West Allis, WI (Metropolitan Statistical Area)"," ","900","Real GDP by metropolitan area","42","486","   Pipeline transportation","(D)","(D)","(D)","(D)","(D)","(D)","(D)","(D)","(D)","(L)","(L)","(L)","(L)","(NA)"
"33340","Milwaukee-Waukesha-West Allis, WI (Metropolitan Statistical Area)"," ","900","Real GDP by metropolitan area","43","487-488, 492","   Other transportation and support activities","(D)","(D)",433,"(D)","(D)",521,"(D)","(D)",464,"(D)","(D)","(D)","(D)","(NA)"
"33340","Milwaukee-Waukesha-West Allis, WI (Metropolitan Statistical Area)"," ","900","Real GDP by metropolitan area","44","493","   Warehousing and storage","(D)","(D)","(D)",159,153,"(D)","(D)","(D)","(D)","(D)","(D)","(D)",222,"(NA)"
"33340","Milwaukee-Waukesha-West Allis, WI (Metropolitan Statistical Area)"," ","900","Real GDP by metropolitan area","45","51","  Information",2049,2552,2603,2899,3016,3115,3310,3483,3331,3251,3175,2894,2889,2959
"33340","Milwaukee-Waukesha-West Allis, WI (Metropolitan Statistical Area)"," ","900","Real GDP by metropolitan area","46","511","   Publishing industries, except Internet (includes software)","(D)","(D)","(D)","(D)","(D)","(D)",775,780,682,682,679,662,694,"(NA)"
"33340","Milwaukee-Waukesha-West Allis, WI (Metropolitan Statistical Area)"," ","900","Real GDP by metropolitan area","47","512","   Motion picture and sound recording industries","(D)",171,195,200,155,152,149,217,"(D)",257,243,230,238,"(NA)"
"33340","Milwaukee-Waukesha-West Allis, WI (Metropolitan Statistical Area)"," ","900","Real GDP by metropolitan area","48","515, 517","   Broadcasting and telecommunications","(D)","(D)","(D)","(D)","(D)","(D)","(D)","(D)","(D)","(D)","(D)","(D)",1274,"(NA)"
"33340","Milwaukee-Waukesha-West Allis, WI (Metropolitan Statistical Area)"," ","900","Real GDP by metropolitan area","49","518, 519","   Data processing, internet publishing, and other information services","(D)","(D)","(D)","(D)","(D)","(D)","(D)","(D)","(D)","(D)","(D)","(D)",680,"(NA)"
"33340","Milwaukee-Waukesha-West Allis, WI (Metropolitan Statistical Area)"," ","900","Real GDP by metropolitan area","50","52, 53","  Finance, insurance, real estate, rental, and leasing",16630,16484,16834,17110,18606,18855,19812,20203,21307,21316,22104,22189,22515,22808
"33340","Milwaukee-Waukesha-West Allis, WI (Metropolitan Statistical Area)"," ","900","Real GDP by metropolitan area","51","52","   Finance and insurance",5571,5621,5918,6170,6937,6851,7105,6383,7195,6875,6721,6848,7182,7395
"33340","Milwaukee-Waukesha-West Allis, WI (Metropolitan Statistical Area)"," ","900","Real GDP by metropolitan area","52","521-522","    Federal Reserve banks, credit intermediation, and related services","(D)","(D)","(D)","(D)","(D)","(D)","(D)","(D)","(D)","(D)","(D)","(D)","(D)","(NA)"
"33340","Milwaukee-Waukesha-West Allis, WI (Metropolitan Statistical Area)"," ","900","Real GDP by metropolitan area","53","523","    Securities, commodity contracts, and investments","(D)","(D)","(D)","(D)","(D)","(D)","(D)","(D)","(D)","(D)","(D)","(D)",1245,"(NA)"
"33340","Milwaukee-Waukesha-West Allis, WI (Metropolitan Statistical Area)"," ","900","Real GDP by metropolitan area","54","524","    Insurance carriers and related activities",2873,2700,2932,3319,3875,3954,4462,3755,3861,3880,3852,3855,4151,"(NA)"
"33340","Milwaukee-Waukesha-West Allis, WI (Metropolitan Statistical Area)"," ","900","Real GDP by metropolitan area","55","525","    Funds, trusts, and other financial vehicles","(D)","(D)","(D)","(D)","(D)","(D)","(D)","(D)","(D)","(D)","(D)","(D)","(D)","(NA)"
"33340","Milwaukee-Waukesha-West Allis, WI (Metropolitan Statistical Area)"," ","900","Real GDP by metropolitan area","56","53","   Real estate and rental and leasing",11059,10853,10888,10895,11592,11946,12655,13837,14112,14447,15408,15360,15337,15411
"33340","Milwaukee-Waukesha-West Allis, WI (Metropolitan Statistical Area)"," ","900","Real GDP by metropolitan area","57","531","    Real estate",10358,10204,10256,10271,"(D)","(D)",12029,13237,"(D)",13835,14754,14672,14682,"(NA)"
"33340","Milwaukee-Waukesha-West Allis, WI (Metropolitan Statistical Area)"," ","900","Real GDP by metropolitan area","58","532-533","    Rental and leasing services and lessors of intangible assets",711,655,638,629,"(D)","(D)",628,599,"(D)",612,654,688,654,"(NA)"
"33340","Milwaukee-Waukesha-West Allis, WI (Metropolitan Statistical Area)"," ","900","Real GDP by metropolitan area","59","54, 55, 56","  Professional and business services",9483,9629,9716,9896,10027,10332,10449,10508,9799,10238,10818,11002,11235,11544
"33340","Milwaukee-Waukesha-West Allis, WI (Metropolitan Statistical Area)"," ","900","Real GDP by metropolitan area","60","54","   Professional, scientific, and technical services",4323,4508,4411,4654,4672,4789,4915,5298,4875,4701,4836,4895,4885,4889
"33340","Milwaukee-Waukesha-West Allis, WI (Metropolitan Statistical Area)"," ","900","Real GDP by metropolitan area","64","55","   Management of companies and enterprises",2784,2877,3276,3076,3003,3159,2951,2563,2563,3017,3290,3395,3515,3824
"33340","Milwaukee-Waukesha-West Allis, WI (Metropolitan Statistical Area)"," ","900","Real GDP by metropolitan area","65","56","   Administrative and waste management services",2337,2229,2110,2198,2364,2404,2588,2645,2360,2521,2696,2717,2845,2849
"33340","Milwaukee-Waukesha-West Allis, WI (Metropolitan Statistical Area)"," ","900","Real GDP by metropolitan area","66","561","    Administrative and support services",2214,2115,1994,2087,2253,2299,2436,2489,2189,2317,2535,2559,2685,"(NA)"
"33340","Milwaukee-Waukesha-West Allis, WI (Metropolitan Statistical Area)"," ","900","Real GDP by metropolitan area","67","562","    Waste management and remediation services",121,112,115,110,110,103,152,155,171,204,164,161,163,"(NA)"
"33340","Milwaukee-Waukesha-West Allis, WI (Metropolitan Statistical Area)"," ","900","Real GDP by metropolitan area","68","61, 62","  Educational services, health care, and social assistance",7584,7881,8157,8476,8483,8664,8591,9157,9362,9138,9294,9240,9348,9362
"33340","Milwaukee-Waukesha-West Allis, WI (Metropolitan Statistical Area)"," ","900","Real GDP by metropolitan area","69","61","   Educational services",1171,1194,1264,1335,1322,1347,1407,1472,1559,1592,1634,1620,1591,1597
"33340","Milwaukee-Waukesha-West Allis, WI (Metropolitan Statistical Area)"," ","900","Real GDP by metropolitan area","70","62","   Health care and social assistance",6411,6683,6891,7140,7160,7315,7185,7685,7803,7546,7660,7620,7758,7766
"33340","Milwaukee-Waukesha-West Allis, WI (Metropolitan Statistical Area)"," ","900","Real GDP by metropolitan area","71","621","    Ambulatory health care services",2830,3058,3135,3307,3416,3508,3414,3668,3667,3532,3689,3695,3732,"(NA)"
"33340","Milwaukee-Waukesha-West Allis, WI (Metropolitan Statistical Area)"," ","900","Real GDP by metropolitan area","72","622-623","    Hospitals and nursing and residential care facilities","(D)","(D)","(D)","(D)","(D)","(D)","(D)","(D)","(D)","(D)","(D)","(D)",3169,"(NA)"
"33340","Milwaukee-Waukesha-West Allis, WI (Metropolitan Statistical Area)"," ","900","Real GDP by metropolitan area","73","624","    Social assistance","(D)","(D)","(D)","(D)","(D)","(D)","(D)","(D)","(D)","(D)","(D)","(D)",855,"(NA)"
"33340","Milwaukee-Waukesha-West Allis, WI (Metropolitan Statistical Area)"," ","900","Real GDP by metropolitan area","74","71, 72","  Arts, entertainment, recreation, accommodation, and food services",2409,2481,2551,2595,2545,2636,2603,2539,2400,2418,2498,2496,2557,2663
"33340","Milwaukee-Waukesha-West Allis, WI (Metropolitan Statistical Area)"," ","900","Real GDP by metropolitan area","75","71","   Arts, entertainment, and recreation",712,758,775,758,747,811,827,829,771,767,795,785,814,906
"33340","Milwaukee-Waukesha-West Allis, WI (Metropolitan Statistical Area)"," ","900","Real GDP by metropolitan area","76","711-712","    Performing arts, spectator sports, museums, and related activities",479,507,525,509,495,558,554,568,515,492,511,501,518,"(NA)"
"33340","Milwaukee-Waukesha-West Allis, WI (Metropolitan Statistical Area)"," ","900","Real GDP by metropolitan area","77","713","    Amusements, gambling, and recreation industries",233,250,251,249,252,253,273,261,256,276,285,284,296,"(NA)"
"33340","Milwaukee-Waukesha-West Allis, WI (Metropolitan Statistical Area)"," ","900","Real GDP by metropolitan area","78","72","   Accommodation and food services",1700,1726,1778,1841,1801,1828,1777,1709,1629,1651,1703,1711,1744,1758
"33340","Milwaukee-Waukesha-West Allis, WI (Metropolitan Statistical Area)"," ","900","Real GDP by metropolitan area","79","721","    Accommodation",270,276,279,293,280,289,287,288,265,286,303,306,318,"(NA)"
"33340","Milwaukee-Waukesha-West Allis, WI (Metropolitan Statistical Area)"," ","900","Real GDP by metropolitan area","80","722","    Food services and drinking places",1432,1451,1501,1550,1524,1540,1492,1421,1364,1365,1400,1405,1426,"(NA)"
"33340","Milwaukee-Waukesha-West Allis, WI (Metropolitan Statistical Area)"," ","900","Real GDP by metropolitan area","81","81","  Other services, except government",1884,1881,1824,1841,1833,1798,1779,1798,1724,1690,1700,1687,1701,1706
"33340","Milwaukee-Waukesha-West Allis, WI (Metropolitan Statistical Area)"," ","900","Real GDP by metropolitan area","82","92"," Government",7582,7618,7861,7663,7608,7500,7495,7539,7743,7725,7507,7539,7519,7489
"33340","Milwaukee-Waukesha-West Allis, WI (Metropolitan Statistical Area)"," ","900","Real GDP by metropolitan area","83","...","  Federal civilian",1350,1314,1350,1353,1339,1346,1345,1313,1344,1340,1321,1325,1269,"(NA)"
"33340","Milwaukee-Waukesha-West Allis, WI (Metropolitan Statistical Area)"," ","900","Real GDP by metropolitan area","84","...","  Federal military",212,230,268,276,280,268,266,285,309,291,260,244,237,"(NA)"
"33340","Milwaukee-Waukesha-West Allis, WI (Metropolitan Statistical Area)"," ","900","Real GDP by metropolitan area","85","...","  State and local",6021,6076,6247,6034,5989,5887,5884,5941,6090,6094,5925,5969,6013,"(NA)"
"33340","Milwaukee-Waukesha-West Allis, WI (Metropolitan Statistical Area)"," ","900","Real GDP by metropolitan area","86","11, 21","Natural resources and mining",226,248,251,241,212,239,194,176,209,213,190,167,205,262
"33340","Milwaukee-Waukesha-West Allis, WI (Metropolitan Statistical Area)"," ","900","Real GDP by metropolitan area","87","42, 44-45","Trade",9811,10057,10348,10362,10693,10788,10571,10632,9760,9759,9827,9878,10214,10249
"33340","Milwaukee-Waukesha-West Allis, WI (Metropolitan Statistical Area)"," ","900","Real GDP by metropolitan area","88","...","Transportation and utilities",3233,3185,3092,3278,3278,3453,3334,3950,3683,3777,3811,3716,3662,3541
"33340","Milwaukee-Waukesha-West Allis, WI (Metropolitan Statistical Area)"," ","900","Real GDP by metropolitan area","89","...","Private goods-producing industries",17309,16733,17673,18211,18500,19612,19079,17545,15857,17000,17417,17644,17737,17751
"33340","Milwaukee-Waukesha-West Allis, WI (Metropolitan Statistical Area)"," ","900","Real GDP by metropolitan area","90","...","Private services-providing industries",52766,53932,54924,56294,58410,59563,60443,62236,61366,61585,63223,63113,64140,64844
"33340","Milwaukee-Waukesha-West Allis, WI (Metropolitan Statistical Area)"," ","1000","Per capita real GDP by metropolitan area","1","...","All industry total",51473,51615,52872,53923,55469,56840,56823,56757,54830,55441,56450,56357,56935,57279
"Note: See the included footnote file."
NAICS Industry detail is based on the 2007 North American Industry Classification System (NAICS).
"Source: U.S. Department of Commerce / Bureau of Economic Analysis / Regional Product Division"
