"42540","Scranton--Wilkes-Barre--Hazleton, PA (Metropolitan Statistical Area)"," ","200","Gross domestic product (GDP) by metropolitan area","1","...","All industry total",15775,15890,16539,17563,18238,18914,19572,19281,19551,20281,20538,20756,21393,21980
"42540","Scranton--Wilkes-Barre--Hazleton, PA (Metropolitan Statistical Area)"," ","200","Gross domestic product (GDP) by metropolitan area","2","..."," Private industries",13929,13965,14511,15425,16021,16614,17166,16784,16991,17695,17962,18202,18803,19370
"42540","Scranton--Wilkes-Barre--Hazleton, PA (Metropolitan Statistical Area)"," ","200","Gross domestic product (GDP) by metropolitan area","3","11","  Agriculture, forestry, fishing, and hunting",35,39,45,43,38,49,29,33,35,31,22,28,27,30
"42540","Scranton--Wilkes-Barre--Hazleton, PA (Metropolitan Statistical Area)"," ","200","Gross domestic product (GDP) by metropolitan area","4","111-112","   Farms",25,28,34,28,24,32,14,18,22,17,8,13,11,"(NA)"
"42540","Scranton--Wilkes-Barre--Hazleton, PA (Metropolitan Statistical Area)"," ","200","Gross domestic product (GDP) by metropolitan area","5","113-115","   Forestry, fishing, and related activities",11,11,11,15,14,16,15,15,14,14,14,15,16,"(NA)"
"42540","Scranton--Wilkes-Barre--Hazleton, PA (Metropolitan Statistical Area)"," ","200","Gross domestic product (GDP) by metropolitan area","6","21","  Mining",45,45,"(D)",55,63,75,107,111,111,166,207,234,303,336
"42540","Scranton--Wilkes-Barre--Hazleton, PA (Metropolitan Statistical Area)"," ","200","Gross domestic product (GDP) by metropolitan area","7","211","   Oil and gas extraction","(L)","(D)","(L)",1,1,"(D)","(D)","(D)","(D)","(D)","(D)","(D)","(D)","(NA)"
"42540","Scranton--Wilkes-Barre--Hazleton, PA (Metropolitan Statistical Area)"," ","200","Gross domestic product (GDP) by metropolitan area","8","212","   Mining, except oil and gas","(D)",41,"(D)","(D)","(D)","(D)","(D)","(D)","(D)","(D)","(D)","(D)","(D)","(NA)"
"42540","Scranton--Wilkes-Barre--Hazleton, PA (Metropolitan Statistical Area)"," ","200","Gross domestic product (GDP) by metropolitan area","9","213","   Support activities for mining","(D)","(D)","(D)","(D)","(D)","(D)","(D)","(D)","(D)","(D)","(D)","(D)","(D)","(NA)"
"42540","Scranton--Wilkes-Barre--Hazleton, PA (Metropolitan Statistical Area)"," ","200","Gross domestic product (GDP) by metropolitan area","10","22","  Utilities",744,711,686,775,659,"(D)","(D)","(D)","(D)","(D)","(D)",896,939,"(D)"
"42540","Scranton--Wilkes-Barre--Hazleton, PA (Metropolitan Statistical Area)"," ","200","Gross domestic product (GDP) by metropolitan area","11","23","  Construction",581,610,645,681,722,745,763,671,610,602,660,674,685,750
"42540","Scranton--Wilkes-Barre--Hazleton, PA (Metropolitan Statistical Area)"," ","200","Gross domestic product (GDP) by metropolitan area","12","31-33","  Manufacturing",2961,2819,2882,2812,2772,2976,2948,2945,3042,2934,2813,2880,3008,3049
"42540","Scranton--Wilkes-Barre--Hazleton, PA (Metropolitan Statistical Area)"," ","200","Gross domestic product (GDP) by metropolitan area","13","...","   Durable goods manufacturing","(D)","(D)","(D)","(D)","(D)","(D)","(D)","(D)","(D)","(D)","(D)","(D)",1187,1207
"42540","Scranton--Wilkes-Barre--Hazleton, PA (Metropolitan Statistical Area)"," ","200","Gross domestic product (GDP) by metropolitan area","14","321","    Wood products manufacturing",54,61,63,61,68,69,59,48,40,37,39,39,46,"(NA)"
"42540","Scranton--Wilkes-Barre--Hazleton, PA (Metropolitan Statistical Area)"," ","200","Gross domestic product (GDP) by metropolitan area","15","327","    Nonmetallic mineral products manufacturing",230,"(D)","(D)","(D)","(D)","(D)","(D)","(D)","(D)","(D)","(D)","(D)","(D)","(NA)"
"42540","Scranton--Wilkes-Barre--Hazleton, PA (Metropolitan Statistical Area)"," ","200","Gross domestic product (GDP) by metropolitan area","16","331","    Primary metals manufacturing","(D)","(D)","(D)","(D)",78,"(D)",112,91,61,"(D)",90,"(D)","(D)","(NA)"
"42540","Scranton--Wilkes-Barre--Hazleton, PA (Metropolitan Statistical Area)"," ","200","Gross domestic product (GDP) by metropolitan area","17","332","    Fabricated metal products","(D)","(D)","(D)","(D)",360,"(D)","(D)","(D)","(D)","(D)",373,"(D)",359,"(NA)"
"42540","Scranton--Wilkes-Barre--Hazleton, PA (Metropolitan Statistical Area)"," ","200","Gross domestic product (GDP) by metropolitan area","18","333","    Machinery manufacturing",86,61,59,57,"(D)","(D)","(D)",72,65,51,44,"(D)","(D)","(NA)"
"42540","Scranton--Wilkes-Barre--Hazleton, PA (Metropolitan Statistical Area)"," ","200","Gross domestic product (GDP) by metropolitan area","19","334","    Computer and electronic products manufacturing",290,172,"(D)","(D)",195,"(D)","(D)","(D)","(D)","(D)","(D)","(D)",151,"(NA)"
"42540","Scranton--Wilkes-Barre--Hazleton, PA (Metropolitan Statistical Area)"," ","200","Gross domestic product (GDP) by metropolitan area","20","335","    Electrical equipment, appliance, and components manufacturing",72,62,"(D)",58,60,72,75,79,"(D)","(D)","(D)","(D)","(D)","(NA)"
"42540","Scranton--Wilkes-Barre--Hazleton, PA (Metropolitan Statistical Area)"," ","200","Gross domestic product (GDP) by metropolitan area","21","3361-3363","    Motor vehicles, bodies and trailers, and parts manufacturing","(D)","(D)","(D)","(D)","(D)","(D)","(D)","(D)","(D)","(D)","(D)","(D)","(D)","(NA)"
"42540","Scranton--Wilkes-Barre--Hazleton, PA (Metropolitan Statistical Area)"," ","200","Gross domestic product (GDP) by metropolitan area","22","3364-3366, 3369","    Other transportation equipment manufacturing","(D)","(D)","(D)","(D)","(D)","(D)","(D)","(D)","(D)","(D)","(D)","(D)","(D)","(NA)"
"42540","Scranton--Wilkes-Barre--Hazleton, PA (Metropolitan Statistical Area)"," ","200","Gross domestic product (GDP) by metropolitan area","23","337","    Furniture and related products manufacturing","(D)",37,36,"(D)","(D)",32,32,30,26,28,34,35,41,"(NA)"
"42540","Scranton--Wilkes-Barre--Hazleton, PA (Metropolitan Statistical Area)"," ","200","Gross domestic product (GDP) by metropolitan area","24","339","    Miscellaneous manufacturing","(D)",161,"(D)","(D)","(D)","(D)","(D)",217,266,"(D)","(D)","(D)","(D)","(NA)"
"42540","Scranton--Wilkes-Barre--Hazleton, PA (Metropolitan Statistical Area)"," ","200","Gross domestic product (GDP) by metropolitan area","25","...","   Nondurable goods manufacturing","(D)","(D)","(D)","(D)","(D)","(D)","(D)","(D)","(D)","(D)","(D)","(D)",1821,1842
"42540","Scranton--Wilkes-Barre--Hazleton, PA (Metropolitan Statistical Area)"," ","200","Gross domestic product (GDP) by metropolitan area","26","311-312","    Food and beverage and tobacco products manufacturing",307,354,442,393,352,"(D)","(D)","(D)","(D)",486,"(D)","(D)",552,"(NA)"
"42540","Scranton--Wilkes-Barre--Hazleton, PA (Metropolitan Statistical Area)"," ","200","Gross domestic product (GDP) by metropolitan area","27","313-314","    Textile mills and textile product mills","(D)","(D)",51,60,"(D)","(D)","(D)",33,29,"(D)","(D)",36,36,"(NA)"
"42540","Scranton--Wilkes-Barre--Hazleton, PA (Metropolitan Statistical Area)"," ","200","Gross domestic product (GDP) by metropolitan area","28","315-316","    Apparel and leather and allied products manufacturing","(D)","(D)","(D)","(D)","(D)","(D)","(D)","(D)","(D)","(D)","(D)","(D)",6,"(NA)"
"42540","Scranton--Wilkes-Barre--Hazleton, PA (Metropolitan Statistical Area)"," ","200","Gross domestic product (GDP) by metropolitan area","29","322","    Paper products manufacturing","(D)","(D)","(D)","(D)","(D)","(D)","(D)","(D)","(D)","(D)","(D)","(D)","(D)","(NA)"
"42540","Scranton--Wilkes-Barre--Hazleton, PA (Metropolitan Statistical Area)"," ","200","Gross domestic product (GDP) by metropolitan area","30","323","    Printing and related support activities","(D)","(D)","(D)","(D)","(D)","(D)","(D)","(D)","(D)","(D)","(D)","(D)","(D)","(NA)"
"42540","Scranton--Wilkes-Barre--Hazleton, PA (Metropolitan Statistical Area)"," ","200","Gross domestic product (GDP) by metropolitan area","31","324","    Petroleum and coal products manufacturing","(D)","(D)","(D)","(D)","(D)","(D)","(D)","(D)","(D)","(D)","(D)","(D)","(D)","(NA)"
"42540","Scranton--Wilkes-Barre--Hazleton, PA (Metropolitan Statistical Area)"," ","200","Gross domestic product (GDP) by metropolitan area","32","325","    Chemical products manufacturing","(D)","(D)","(D)",152,134,121,"(D)","(D)","(D)","(D)","(D)","(D)","(D)","(NA)"
"42540","Scranton--Wilkes-Barre--Hazleton, PA (Metropolitan Statistical Area)"," ","200","Gross domestic product (GDP) by metropolitan area","33","326","    Plastics and rubber products manufacturing",300,265,255,280,310,313,299,274,324,340,334,371,414,"(NA)"
"42540","Scranton--Wilkes-Barre--Hazleton, PA (Metropolitan Statistical Area)"," ","200","Gross domestic product (GDP) by metropolitan area","34","42","  Wholesale trade",943,1035,1159,1288,1382,"(D)","(D)","(D)","(D)","(D)","(D)",1338,1430,"(D)"
"42540","Scranton--Wilkes-Barre--Hazleton, PA (Metropolitan Statistical Area)"," ","200","Gross domestic product (GDP) by metropolitan area","35","44-45","  Retail trade",1246,1285,1356,1371,1431,1458,1492,1490,1485,1542,1583,1612,1647,1669
"42540","Scranton--Wilkes-Barre--Hazleton, PA (Metropolitan Statistical Area)"," ","200","Gross domestic product (GDP) by metropolitan area","36","48-49","  Transportation and warehousing",586,574,568,664,754,"(D)",793,805,848,923,981,1039,1062,1133
"42540","Scranton--Wilkes-Barre--Hazleton, PA (Metropolitan Statistical Area)"," ","200","Gross domestic product (GDP) by metropolitan area","37","481","   Air transportation","(D)","(D)","(D)",9,10,5,7,6,"(D)","(D)",8,8,7,"(NA)"
"42540","Scranton--Wilkes-Barre--Hazleton, PA (Metropolitan Statistical Area)"," ","200","Gross domestic product (GDP) by metropolitan area","38","482","   Rail transportation",10,10,11,11,12,12,13,9,9,9,10,11,12,"(NA)"
"42540","Scranton--Wilkes-Barre--Hazleton, PA (Metropolitan Statistical Area)"," ","200","Gross domestic product (GDP) by metropolitan area","39","483","   Water transportation","(D)","(D)","(D)","(D)","(L)","(L)","(L)","(L)","(L)","(L)","(D)","(L)","(L)","(NA)"
"42540","Scranton--Wilkes-Barre--Hazleton, PA (Metropolitan Statistical Area)"," ","200","Gross domestic product (GDP) by metropolitan area","40","484","   Truck transportation",337,309,304,294,306,302,316,273,263,271,305,313,328,"(NA)"
"42540","Scranton--Wilkes-Barre--Hazleton, PA (Metropolitan Statistical Area)"," ","200","Gross domestic product (GDP) by metropolitan area","41","485","   Transit and ground passenger transportation","(D)","(D)","(D)",64,63,62,61,62,64,64,66,64,65,"(NA)"
"42540","Scranton--Wilkes-Barre--Hazleton, PA (Metropolitan Statistical Area)"," ","200","Gross domestic product (GDP) by metropolitan area","42","486","   Pipeline transportation","(D)","(D)",3,"(D)","(D)","(D)","(D)","(D)","(D)","(D)","(D)","(D)",7,"(NA)"
"42540","Scranton--Wilkes-Barre--Hazleton, PA (Metropolitan Statistical Area)"," ","200","Gross domestic product (GDP) by metropolitan area","43","487-488, 492","   Other transportation and support activities","(D)","(D)","(D)","(D)","(D)","(D)","(D)","(D)","(D)","(D)","(D)","(D)","(D)","(NA)"
"42540","Scranton--Wilkes-Barre--Hazleton, PA (Metropolitan Statistical Area)"," ","200","Gross domestic product (GDP) by metropolitan area","44","493","   Warehousing and storage","(D)","(D)","(D)","(D)","(D)","(D)","(D)","(D)","(D)","(D)","(D)","(D)","(D)","(NA)"
"42540","Scranton--Wilkes-Barre--Hazleton, PA (Metropolitan Statistical Area)"," ","200","Gross domestic product (GDP) by metropolitan area","45","51","  Information",769,853,"(D)",1129,1225,1195,1303,1049,956,930,816,738,653,632
"42540","Scranton--Wilkes-Barre--Hazleton, PA (Metropolitan Statistical Area)"," ","200","Gross domestic product (GDP) by metropolitan area","46","511","   Publishing industries, except Internet (includes software)","(D)","(D)","(D)","(D)","(D)","(D)","(D)","(D)","(D)","(D)","(D)","(D)","(D)","(NA)"
"42540","Scranton--Wilkes-Barre--Hazleton, PA (Metropolitan Statistical Area)"," ","200","Gross domestic product (GDP) by metropolitan area","47","512","   Motion picture and sound recording industries","(D)","(D)","(D)","(D)","(D)","(D)","(D)","(D)","(D)","(D)","(D)","(D)","(D)","(NA)"
"42540","Scranton--Wilkes-Barre--Hazleton, PA (Metropolitan Statistical Area)"," ","200","Gross domestic product (GDP) by metropolitan area","48","515, 517","   Broadcasting and telecommunications","(D)","(D)","(D)",831,912,898,953,699,"(D)","(D)","(D)","(D)","(D)","(NA)"
"42540","Scranton--Wilkes-Barre--Hazleton, PA (Metropolitan Statistical Area)"," ","200","Gross domestic product (GDP) by metropolitan area","49","518, 519","   Data processing, internet publishing, and other information services","(D)","(D)","(D)","(D)","(D)","(D)","(D)","(D)",69,62,55,40,40,"(NA)"
"42540","Scranton--Wilkes-Barre--Hazleton, PA (Metropolitan Statistical Area)"," ","200","Gross domestic product (GDP) by metropolitan area","50","52, 53","  Finance, insurance, real estate, rental, and leasing",2110,1970,2045,2189,2206,2190,2251,2351,2459,2708,2815,2807,2931,2932
"42540","Scranton--Wilkes-Barre--Hazleton, PA (Metropolitan Statistical Area)"," ","200","Gross domestic product (GDP) by metropolitan area","51","52","   Finance and insurance",1186,1040,1028,1109,1161,1121,1126,1102,1125,1085,1102,1076,1153,1220
"42540","Scranton--Wilkes-Barre--Hazleton, PA (Metropolitan Statistical Area)"," ","200","Gross domestic product (GDP) by metropolitan area","52","521-522","    Federal Reserve banks, credit intermediation, and related services",621,522,482,"(D)","(D)","(D)","(D)","(D)","(D)","(D)","(D)",377,414,"(NA)"
"42540","Scranton--Wilkes-Barre--Hazleton, PA (Metropolitan Statistical Area)"," ","200","Gross domestic product (GDP) by metropolitan area","53","523","    Securities, commodity contracts, and investments","(D)","(D)","(D)","(D)","(D)","(D)","(D)","(D)","(D)","(D)","(D)","(D)",113,"(NA)"
"42540","Scranton--Wilkes-Barre--Hazleton, PA (Metropolitan Statistical Area)"," ","200","Gross domestic product (GDP) by metropolitan area","54","524","    Insurance carriers and related activities","(D)",434,"(D)","(D)","(D)","(D)","(D)","(D)",615,586,"(D)","(D)","(D)","(NA)"
"42540","Scranton--Wilkes-Barre--Hazleton, PA (Metropolitan Statistical Area)"," ","200","Gross domestic product (GDP) by metropolitan area","55","525","    Funds, trusts, and other financial vehicles","(D)","(D)","(D)","(D)","(D)","(D)","(D)","(D)","(D)","(D)","(D)","(D)","(D)","(NA)"
"42540","Scranton--Wilkes-Barre--Hazleton, PA (Metropolitan Statistical Area)"," ","200","Gross domestic product (GDP) by metropolitan area","56","53","   Real estate and rental and leasing",924,931,1017,1080,1044,1069,1126,1250,1334,1624,1713,1731,1778,1712
"42540","Scranton--Wilkes-Barre--Hazleton, PA (Metropolitan Statistical Area)"," ","200","Gross domestic product (GDP) by metropolitan area","57","531","    Real estate","(D)","(D)",897,"(D)","(D)","(D)","(D)","(D)","(D)","(D)","(D)","(D)","(D)","(NA)"
"42540","Scranton--Wilkes-Barre--Hazleton, PA (Metropolitan Statistical Area)"," ","200","Gross domestic product (GDP) by metropolitan area","58","532-533","    Rental and leasing services and lessors of intangible assets","(D)","(D)",120,"(D)","(D)","(D)","(D)","(D)","(D)","(D)","(D)","(D)","(D)","(NA)"
"42540","Scranton--Wilkes-Barre--Hazleton, PA (Metropolitan Statistical Area)"," ","200","Gross domestic product (GDP) by metropolitan area","59","54, 55, 56","  Professional and business services",1105,1061,1077,1178,1385,1425,1518,1601,1524,1643,1730,1771,1863,1936
"42540","Scranton--Wilkes-Barre--Hazleton, PA (Metropolitan Statistical Area)"," ","200","Gross domestic product (GDP) by metropolitan area","60","54","   Professional, scientific, and technical services",602,573,577,626,"(D)","(D)",720,852,790,760,797,851,"(D)","(D)"
"42540","Scranton--Wilkes-Barre--Hazleton, PA (Metropolitan Statistical Area)"," ","200","Gross domestic product (GDP) by metropolitan area","64","55","   Management of companies and enterprises",102,100,83,99,"(D)","(D)",238,173,175,260,257,227,"(D)","(D)"
"42540","Scranton--Wilkes-Barre--Hazleton, PA (Metropolitan Statistical Area)"," ","200","Gross domestic product (GDP) by metropolitan area","65","56","   Administrative and waste management services",401,387,417,453,500,521,560,575,559,622,676,693,780,782
"42540","Scranton--Wilkes-Barre--Hazleton, PA (Metropolitan Statistical Area)"," ","200","Gross domestic product (GDP) by metropolitan area","66","561","    Administrative and support services","(D)","(D)","(D)","(D)","(D)","(D)","(D)","(D)",482,526,592,607,678,"(NA)"
"42540","Scranton--Wilkes-Barre--Hazleton, PA (Metropolitan Statistical Area)"," ","200","Gross domestic product (GDP) by metropolitan area","67","562","    Waste management and remediation services","(D)","(D)","(D)","(D)","(D)","(D)","(D)","(D)",77,97,84,86,102,"(NA)"
"42540","Scranton--Wilkes-Barre--Hazleton, PA (Metropolitan Statistical Area)"," ","200","Gross domestic product (GDP) by metropolitan area","68","61, 62","  Educational services, health care, and social assistance",1827,1929,2035,2148,2248,2358,2421,2598,2735,2785,2837,2887,2917,3072
"42540","Scranton--Wilkes-Barre--Hazleton, PA (Metropolitan Statistical Area)"," ","200","Gross domestic product (GDP) by metropolitan area","69","61","   Educational services",258,277,286,"(D)","(D)","(D)","(D)","(D)","(D)",446,"(D)","(D)","(D)","(D)"
"42540","Scranton--Wilkes-Barre--Hazleton, PA (Metropolitan Statistical Area)"," ","200","Gross domestic product (GDP) by metropolitan area","70","62","   Health care and social assistance",1569,1652,1749,"(D)","(D)","(D)","(D)","(D)","(D)",2339,"(D)","(D)","(D)","(D)"
"42540","Scranton--Wilkes-Barre--Hazleton, PA (Metropolitan Statistical Area)"," ","200","Gross domestic product (GDP) by metropolitan area","71","621","    Ambulatory health care services",735,770,805,854,908,933,964,1034,1079,1101,1130,1176,1165,"(NA)"
"42540","Scranton--Wilkes-Barre--Hazleton, PA (Metropolitan Statistical Area)"," ","200","Gross domestic product (GDP) by metropolitan area","72","622-623","    Hospitals and nursing and residential care facilities","(D)","(D)","(D)","(D)","(D)","(D)","(D)","(D)","(D)","(D)","(D)","(D)","(D)","(NA)"
"42540","Scranton--Wilkes-Barre--Hazleton, PA (Metropolitan Statistical Area)"," ","200","Gross domestic product (GDP) by metropolitan area","73","624","    Social assistance","(D)","(D)","(D)",144,159,173,180,199,203,"(D)",225,225,212,"(NA)"
"42540","Scranton--Wilkes-Barre--Hazleton, PA (Metropolitan Statistical Area)"," ","200","Gross domestic product (GDP) by metropolitan area","74","71, 72","  Arts, entertainment, recreation, accommodation, and food services",482,505,522,562,591,607,683,659,659,718,758,774,798,791
"42540","Scranton--Wilkes-Barre--Hazleton, PA (Metropolitan Statistical Area)"," ","200","Gross domestic product (GDP) by metropolitan area","75","71","   Arts, entertainment, and recreation",62,66,72,77,80,92,161,161,160,203,218,210,232,154
"42540","Scranton--Wilkes-Barre--Hazleton, PA (Metropolitan Statistical Area)"," ","200","Gross domestic product (GDP) by metropolitan area","76","711-712","    Performing arts, spectator sports, museums, and related activities","(D)","(D)","(D)","(D)","(D)","(D)","(D)",48,"(D)",52,60,56,74,"(NA)"
"42540","Scranton--Wilkes-Barre--Hazleton, PA (Metropolitan Statistical Area)"," ","200","Gross domestic product (GDP) by metropolitan area","77","713","    Amusements, gambling, and recreation industries","(D)","(D)","(D)","(D)","(D)","(D)","(D)",113,"(D)",151,158,154,157,"(NA)"
"42540","Scranton--Wilkes-Barre--Hazleton, PA (Metropolitan Statistical Area)"," ","200","Gross domestic product (GDP) by metropolitan area","78","72","   Accommodation and food services",420,439,450,485,511,514,522,498,499,515,540,564,567,637
"42540","Scranton--Wilkes-Barre--Hazleton, PA (Metropolitan Statistical Area)"," ","200","Gross domestic product (GDP) by metropolitan area","79","721","    Accommodation",86,89,74,"(D)",103,96,100,81,71,78,94,97,99,"(NA)"
"42540","Scranton--Wilkes-Barre--Hazleton, PA (Metropolitan Statistical Area)"," ","200","Gross domestic product (GDP) by metropolitan area","80","722","    Food services and drinking places",334,350,376,"(D)",408,419,422,417,428,438,446,467,467,"(NA)"
"42540","Scranton--Wilkes-Barre--Hazleton, PA (Metropolitan Statistical Area)"," ","200","Gross domestic product (GDP) by metropolitan area","81","81","  Other services, except government",494,531,507,530,545,548,530,506,497,501,506,525,539,569
"42540","Scranton--Wilkes-Barre--Hazleton, PA (Metropolitan Statistical Area)"," ","200","Gross domestic product (GDP) by metropolitan area","82","92"," Government",1846,1925,2027,2138,2217,2300,2406,2497,2560,2587,2576,2554,2591,2610
"42540","Scranton--Wilkes-Barre--Hazleton, PA (Metropolitan Statistical Area)"," ","200","Gross domestic product (GDP) by metropolitan area","83","...","  Federal civilian",403,423,439,454,482,494,514,532,548,531,520,518,511,"(NA)"
"42540","Scranton--Wilkes-Barre--Hazleton, PA (Metropolitan Statistical Area)"," ","200","Gross domestic product (GDP) by metropolitan area","84","...","  Federal military",63,73,91,97,105,104,104,109,114,113,108,107,105,"(NA)"
"42540","Scranton--Wilkes-Barre--Hazleton, PA (Metropolitan Statistical Area)"," ","200","Gross domestic product (GDP) by metropolitan area","85","...","  State and local",1380,1429,1497,1587,1630,1702,1787,1856,1899,1942,1948,1929,1975,"(NA)"
"42540","Scranton--Wilkes-Barre--Hazleton, PA (Metropolitan Statistical Area)"," ","200","Gross domestic product (GDP) by metropolitan area","86","11, 21","Natural resources and mining",81,84,"(D)",98,102,124,136,144,147,197,229,261,329,366
"42540","Scranton--Wilkes-Barre--Hazleton, PA (Metropolitan Statistical Area)"," ","200","Gross domestic product (GDP) by metropolitan area","87","42, 44-45","Trade",2189,2320,2515,2659,2813,"(D)","(D)","(D)","(D)","(D)","(D)",2950,3078,"(D)"
"42540","Scranton--Wilkes-Barre--Hazleton, PA (Metropolitan Statistical Area)"," ","200","Gross domestic product (GDP) by metropolitan area","88","...","Transportation and utilities",1330,1285,1254,1439,1413,"(D)","(D)","(D)","(D)","(D)","(D)",1936,2001,"(D)"
"42540","Scranton--Wilkes-Barre--Hazleton, PA (Metropolitan Statistical Area)"," ","200","Gross domestic product (GDP) by metropolitan area","89","...","Private goods-producing industries",3623,3512,"(D)",3591,3595,3846,3846,3760,3799,3733,3702,3816,4023,4164
"42540","Scranton--Wilkes-Barre--Hazleton, PA (Metropolitan Statistical Area)"," ","200","Gross domestic product (GDP) by metropolitan area","90","...","Private services-providing industries",10306,10453,"(D)",11834,12426,12768,13320,13023,13192,13961,14259,14387,14780,15206
"42540","Scranton--Wilkes-Barre--Hazleton, PA (Metropolitan Statistical Area)"," ","800","Quantity indexes for real GDP by metropolitan area","1","...","All industry total",97.887,97.176,99.411,102.972,103.838,104.442,105.368,101.875,100.000,102.916,102.939,101.976,103.084,103.941
"42540","Scranton--Wilkes-Barre--Hazleton, PA (Metropolitan Statistical Area)"," ","800","Quantity indexes for real GDP by metropolitan area","2","..."," Private industries",97.911,97.049,99.450,103.458,104.507,105.243,106.249,102.152,100.000,103.638,104.018,103.246,104.570,105.690
"42540","Scranton--Wilkes-Barre--Hazleton, PA (Metropolitan Statistical Area)"," ","800","Quantity indexes for real GDP by metropolitan area","3","11","  Agriculture, forestry, fishing, and hunting",104.662,122.557,131.141,109.961,110.035,144.085,70.532,78.661,100.000,78.543,48.090,59.896,56.325,60.933
"42540","Scranton--Wilkes-Barre--Hazleton, PA (Metropolitan Statistical Area)"," ","800","Quantity indexes for real GDP by metropolitan area","4","111-112","   Farms",113.277,139.649,151.878,103.925,108.203,154.445,49.285,61.840,100.000,66.918,23.677,37.335,30.581,"(NA)"
"42540","Scranton--Wilkes-Barre--Hazleton, PA (Metropolitan Statistical Area)"," ","800","Quantity indexes for real GDP by metropolitan area","5","113-115","   Forestry, fishing, and related activities",84.609,87.603,89.625,120.676,112.650,126.049,110.268,108.702,100.000,97.624,93.937,98.964,103.784,"(NA)"
"42540","Scranton--Wilkes-Barre--Hazleton, PA (Metropolitan Statistical Area)"," ","800","Quantity indexes for real GDP by metropolitan area","6","21","  Mining",99.544,93.077,"(D)",91.781,85.141,85.872,111.932,103.848,100.000,138.426,158.623,180.548,231.848,259.752
"42540","Scranton--Wilkes-Barre--Hazleton, PA (Metropolitan Statistical Area)"," ","800","Quantity indexes for real GDP by metropolitan area","7","211","   Oil and gas extraction","(D)","(D)","(D)","(D)","(D)","(D)","(D)","(D)","(D)","(D)","(D)","(D)","(D)","(NA)"
"42540","Scranton--Wilkes-Barre--Hazleton, PA (Metropolitan Statistical Area)"," ","800","Quantity indexes for real GDP by metropolitan area","8","212","   Mining, except oil and gas","(D)","(D)","(D)","(D)","(D)","(D)","(D)","(D)","(D)","(D)","(D)","(D)","(D)","(NA)"
"42540","Scranton--Wilkes-Barre--Hazleton, PA (Metropolitan Statistical Area)"," ","800","Quantity indexes for real GDP by metropolitan area","9","213","   Support activities for mining","(D)","(D)","(D)","(D)","(D)","(D)","(D)","(D)","(D)","(D)","(D)","(D)","(D)","(NA)"
"42540","Scranton--Wilkes-Barre--Hazleton, PA (Metropolitan Statistical Area)"," ","800","Quantity indexes for real GDP by metropolitan area","10","22","  Utilities","(D)","(D)","(D)","(D)","(D)","(D)","(D)","(D)","(D)","(D)","(D)","(D)","(D)","(D)"
"42540","Scranton--Wilkes-Barre--Hazleton, PA (Metropolitan Statistical Area)"," ","800","Quantity indexes for real GDP by metropolitan area","11","23","  Construction",147.311,147.641,149.220,146.297,139.731,131.781,126.692,111.460,100.000,100.438,108.474,107.369,105.284,108.676
"42540","Scranton--Wilkes-Barre--Hazleton, PA (Metropolitan Statistical Area)"," ","800","Quantity indexes for real GDP by metropolitan area","12","31-33","  Manufacturing",108.747,103.999,107.828,105.901,101.620,106.353,105.544,103.298,100.000,97.209,92.733,91.819,93.979,94.227
"42540","Scranton--Wilkes-Barre--Hazleton, PA (Metropolitan Statistical Area)"," ","800","Quantity indexes for real GDP by metropolitan area","13","...","   Durable goods manufacturing","(D)","(D)","(D)","(D)","(D)","(D)","(D)","(D)","(D)","(D)","(D)","(D)","(D)","(D)"
"42540","Scranton--Wilkes-Barre--Hazleton, PA (Metropolitan Statistical Area)"," ","800","Quantity indexes for real GDP by metropolitan area","14","321","    Wood products manufacturing",119.049,136.227,134.950,113.115,127.404,140.071,137.075,118.200,100.000,89.200,103.411,98.489,97.630,"(NA)"
"42540","Scranton--Wilkes-Barre--Hazleton, PA (Metropolitan Statistical Area)"," ","800","Quantity indexes for real GDP by metropolitan area","15","327","    Nonmetallic mineral products manufacturing","(D)","(D)","(D)","(D)","(D)","(D)","(D)","(D)","(D)","(D)","(D)","(D)","(D)","(NA)"
"42540","Scranton--Wilkes-Barre--Hazleton, PA (Metropolitan Statistical Area)"," ","800","Quantity indexes for real GDP by metropolitan area","16","331","    Primary metals manufacturing","(D)","(D)","(D)","(D)",100.088,"(D)",111.912,89.417,100.000,"(D)",101.916,"(D)","(D)","(NA)"
"42540","Scranton--Wilkes-Barre--Hazleton, PA (Metropolitan Statistical Area)"," ","800","Quantity indexes for real GDP by metropolitan area","17","332","    Fabricated metal products","(D)","(D)","(D)","(D)","(D)","(D)","(D)","(D)","(D)","(D)","(D)","(D)","(D)","(NA)"
"42540","Scranton--Wilkes-Barre--Hazleton, PA (Metropolitan Statistical Area)"," ","800","Quantity indexes for real GDP by metropolitan area","18","333","    Machinery manufacturing",147.205,103.448,101.090,101.220,"(D)","(D)","(D)",123.778,100.000,82.100,71.884,"(D)","(D)","(NA)"
"42540","Scranton--Wilkes-Barre--Hazleton, PA (Metropolitan Statistical Area)"," ","800","Quantity indexes for real GDP by metropolitan area","19","334","    Computer and electronic products manufacturing","(D)","(D)","(D)","(D)","(D)","(D)","(D)","(D)","(D)","(D)","(D)","(D)","(D)","(NA)"
"42540","Scranton--Wilkes-Barre--Hazleton, PA (Metropolitan Statistical Area)"," ","800","Quantity indexes for real GDP by metropolitan area","20","335","    Electrical equipment, appliance, and components manufacturing","(D)","(D)","(D)","(D)","(D)","(D)","(D)","(D)","(D)","(D)","(D)","(D)","(D)","(NA)"
"42540","Scranton--Wilkes-Barre--Hazleton, PA (Metropolitan Statistical Area)"," ","800","Quantity indexes for real GDP by metropolitan area","21","3361-3363","    Motor vehicles, bodies and trailers, and parts manufacturing","(D)","(D)","(D)","(D)","(D)","(D)","(D)","(D)","(D)","(D)","(D)","(D)","(D)","(NA)"
"42540","Scranton--Wilkes-Barre--Hazleton, PA (Metropolitan Statistical Area)"," ","800","Quantity indexes for real GDP by metropolitan area","22","3364-3366, 3369","    Other transportation equipment manufacturing","(D)","(D)","(D)","(D)","(D)","(D)","(D)","(D)","(D)","(D)","(D)","(D)","(D)","(NA)"
"42540","Scranton--Wilkes-Barre--Hazleton, PA (Metropolitan Statistical Area)"," ","800","Quantity indexes for real GDP by metropolitan area","23","337","    Furniture and related products manufacturing","(D)",163.949,158.784,"(D)","(D)",142.405,138.455,127.091,100.000,111.840,134.439,134.208,157.135,"(NA)"
"42540","Scranton--Wilkes-Barre--Hazleton, PA (Metropolitan Statistical Area)"," ","800","Quantity indexes for real GDP by metropolitan area","24","339","    Miscellaneous manufacturing","(D)",60.665,"(D)","(D)","(D)","(D)","(D)",84.686,100.000,"(D)","(D)","(D)","(D)","(NA)"
"42540","Scranton--Wilkes-Barre--Hazleton, PA (Metropolitan Statistical Area)"," ","800","Quantity indexes for real GDP by metropolitan area","25","...","   Nondurable goods manufacturing","(D)","(D)","(D)","(D)","(D)","(D)","(D)","(D)","(D)","(D)","(D)","(D)","(D)","(D)"
"42540","Scranton--Wilkes-Barre--Hazleton, PA (Metropolitan Statistical Area)"," ","800","Quantity indexes for real GDP by metropolitan area","26","311-312","    Food and beverage and tobacco products manufacturing","(D)","(D)","(D)","(D)","(D)","(D)","(D)","(D)","(D)","(D)","(D)","(D)","(D)","(NA)"
"42540","Scranton--Wilkes-Barre--Hazleton, PA (Metropolitan Statistical Area)"," ","800","Quantity indexes for real GDP by metropolitan area","27","313-314","    Textile mills and textile product mills","(D)","(D)",195.936,236.204,"(D)","(D)","(D)",121.461,100.000,"(D)","(D)",115.635,114.928,"(NA)"
"42540","Scranton--Wilkes-Barre--Hazleton, PA (Metropolitan Statistical Area)"," ","800","Quantity indexes for real GDP by metropolitan area","28","315-316","    Apparel and leather and allied products manufacturing","(D)","(D)","(D)","(D)","(D)","(D)","(D)","(D)","(D)","(D)","(D)","(D)","(D)","(NA)"
"42540","Scranton--Wilkes-Barre--Hazleton, PA (Metropolitan Statistical Area)"," ","800","Quantity indexes for real GDP by metropolitan area","29","322","    Paper products manufacturing","(D)","(D)","(D)","(D)","(D)","(D)","(D)","(D)","(D)","(D)","(D)","(D)","(D)","(NA)"
"42540","Scranton--Wilkes-Barre--Hazleton, PA (Metropolitan Statistical Area)"," ","800","Quantity indexes for real GDP by metropolitan area","30","323","    Printing and related support activities","(D)","(D)","(D)","(D)","(D)","(D)","(D)","(D)","(D)","(D)","(D)","(D)","(D)","(NA)"
"42540","Scranton--Wilkes-Barre--Hazleton, PA (Metropolitan Statistical Area)"," ","800","Quantity indexes for real GDP by metropolitan area","31","324","    Petroleum and coal products manufacturing","(D)","(D)","(D)","(D)","(D)","(D)","(D)","(D)","(D)","(D)","(D)","(D)","(D)","(NA)"
"42540","Scranton--Wilkes-Barre--Hazleton, PA (Metropolitan Statistical Area)"," ","800","Quantity indexes for real GDP by metropolitan area","32","325","    Chemical products manufacturing","(D)","(D)","(D)","(D)","(D)","(D)","(D)","(D)","(D)","(D)","(D)","(D)","(D)","(NA)"
"42540","Scranton--Wilkes-Barre--Hazleton, PA (Metropolitan Statistical Area)"," ","800","Quantity indexes for real GDP by metropolitan area","33","326","    Plastics and rubber products manufacturing",107.423,94.202,92.626,105.486,114.332,105.009,103.257,93.129,100.000,108.655,103.145,108.657,118.179,"(NA)"
"42540","Scranton--Wilkes-Barre--Hazleton, PA (Metropolitan Statistical Area)"," ","800","Quantity indexes for real GDP by metropolitan area","34","42","  Wholesale trade","(D)","(D)","(D)","(D)","(D)","(D)","(D)","(D)","(D)","(D)","(D)","(D)","(D)","(D)"
"42540","Scranton--Wilkes-Barre--Hazleton, PA (Metropolitan Statistical Area)"," ","800","Quantity indexes for real GDP by metropolitan area","35","44-45","  Retail trade",94.612,97.855,103.900,102.994,104.987,103.978,103.522,101.510,100.000,103.022,103.704,102.609,103.098,103.096
"42540","Scranton--Wilkes-Barre--Hazleton, PA (Metropolitan Statistical Area)"," ","800","Quantity indexes for real GDP by metropolitan area","36","48-49","  Transportation and warehousing",82.398,79.470,77.012,89.001,99.184,"(D)",99.284,97.513,100.000,111.434,120.168,127.127,129.170,135.818
"42540","Scranton--Wilkes-Barre--Hazleton, PA (Metropolitan Statistical Area)"," ","800","Quantity indexes for real GDP by metropolitan area","37","481","   Air transportation","(D)","(D)","(D)","(D)","(D)","(D)","(D)","(D)","(D)","(D)","(D)","(D)","(D)","(NA)"
"42540","Scranton--Wilkes-Barre--Hazleton, PA (Metropolitan Statistical Area)"," ","800","Quantity indexes for real GDP by metropolitan area","38","482","   Rail transportation",170.876,162.411,171.042,175.686,169.625,162.817,162.149,109.583,100.000,101.050,105.295,110.672,113.998,"(NA)"
"42540","Scranton--Wilkes-Barre--Hazleton, PA (Metropolitan Statistical Area)"," ","800","Quantity indexes for real GDP by metropolitan area","39","483","   Water transportation","(D)","(D)","(D)","(D)",41.903,124.970,177.686,141.948,100.000,84.302,"(D)",77.594,74.037,"(NA)"
"42540","Scranton--Wilkes-Barre--Hazleton, PA (Metropolitan Statistical Area)"," ","800","Quantity indexes for real GDP by metropolitan area","40","484","   Truck transportation",148.587,134.787,130.593,125.127,125.905,122.701,126.933,106.785,100.000,109.252,123.550,123.018,124.508,"(NA)"
"42540","Scranton--Wilkes-Barre--Hazleton, PA (Metropolitan Statistical Area)"," ","800","Quantity indexes for real GDP by metropolitan area","41","485","   Transit and ground passenger transportation","(D)","(D)","(D)",126.290,122.076,114.131,110.653,107.626,100.000,98.101,97.756,90.699,86.688,"(NA)"
"42540","Scranton--Wilkes-Barre--Hazleton, PA (Metropolitan Statistical Area)"," ","800","Quantity indexes for real GDP by metropolitan area","42","486","   Pipeline transportation","(D)","(D)","(D)","(D)","(D)","(D)","(D)","(D)","(D)","(D)","(D)","(D)","(D)","(NA)"
"42540","Scranton--Wilkes-Barre--Hazleton, PA (Metropolitan Statistical Area)"," ","800","Quantity indexes for real GDP by metropolitan area","43","487-488, 492","   Other transportation and support activities","(D)","(D)","(D)","(D)","(D)","(D)","(D)","(D)","(D)","(D)","(D)","(D)","(D)","(NA)"
"42540","Scranton--Wilkes-Barre--Hazleton, PA (Metropolitan Statistical Area)"," ","800","Quantity indexes for real GDP by metropolitan area","44","493","   Warehousing and storage","(D)","(D)","(D)","(D)","(D)","(D)","(D)","(D)","(D)","(D)","(D)","(D)","(D)","(NA)"
"42540","Scranton--Wilkes-Barre--Hazleton, PA (Metropolitan Statistical Area)"," ","800","Quantity indexes for real GDP by metropolitan area","45","51","  Information",72.314,80.779,"(D)",108.009,121.206,121.157,134.324,109.792,100.000,97.915,86.303,77.924,68.426,66.060
"42540","Scranton--Wilkes-Barre--Hazleton, PA (Metropolitan Statistical Area)"," ","800","Quantity indexes for real GDP by metropolitan area","46","511","   Publishing industries, except Internet (includes software)","(D)","(D)","(D)","(D)","(D)","(D)","(D)","(D)","(D)","(D)","(D)","(D)","(D)","(NA)"
"42540","Scranton--Wilkes-Barre--Hazleton, PA (Metropolitan Statistical Area)"," ","800","Quantity indexes for real GDP by metropolitan area","47","512","   Motion picture and sound recording industries","(D)","(D)","(D)","(D)","(D)","(D)","(D)","(D)","(D)","(D)","(D)","(D)","(D)","(NA)"
"42540","Scranton--Wilkes-Barre--Hazleton, PA (Metropolitan Statistical Area)"," ","800","Quantity indexes for real GDP by metropolitan area","48","515, 517","   Broadcasting and telecommunications","(D)","(D)","(D)","(D)","(D)","(D)","(D)","(D)","(D)","(D)","(D)","(D)","(D)","(NA)"
"42540","Scranton--Wilkes-Barre--Hazleton, PA (Metropolitan Statistical Area)"," ","800","Quantity indexes for real GDP by metropolitan area","49","518, 519","   Data processing, internet publishing, and other information services","(D)","(D)","(D)","(D)","(D)","(D)","(D)","(D)",100.000,90.224,81.982,59.727,59.918,"(NA)"
"42540","Scranton--Wilkes-Barre--Hazleton, PA (Metropolitan Statistical Area)"," ","800","Quantity indexes for real GDP by metropolitan area","50","52, 53","  Finance, insurance, real estate, rental, and leasing",96.996,88.368,89.145,93.045,91.798,89.478,90.517,94.042,100.000,108.968,111.753,108.649,110.871,108.243
"42540","Scranton--Wilkes-Barre--Hazleton, PA (Metropolitan Statistical Area)"," ","800","Quantity indexes for real GDP by metropolitan area","51","52","   Finance and insurance",112.262,96.532,92.319,96.726,99.198,94.752,94.030,92.585,100.000,93.344,92.894,87.592,91.685,94.871
"42540","Scranton--Wilkes-Barre--Hazleton, PA (Metropolitan Statistical Area)"," ","800","Quantity indexes for real GDP by metropolitan area","52","521-522","    Federal Reserve banks, credit intermediation, and related services","(D)","(D)","(D)","(D)","(D)","(D)","(D)","(D)","(D)","(D)","(D)","(D)","(D)","(NA)"
"42540","Scranton--Wilkes-Barre--Hazleton, PA (Metropolitan Statistical Area)"," ","800","Quantity indexes for real GDP by metropolitan area","53","523","    Securities, commodity contracts, and investments","(D)","(D)","(D)","(D)","(D)","(D)","(D)","(D)","(D)","(D)","(D)","(D)","(D)","(NA)"
"42540","Scranton--Wilkes-Barre--Hazleton, PA (Metropolitan Statistical Area)"," ","800","Quantity indexes for real GDP by metropolitan area","54","524","    Insurance carriers and related activities","(D)",78.658,"(D)","(D)","(D)","(D)","(D)","(D)",100.000,93.858,"(D)","(D)","(D)","(NA)"
"42540","Scranton--Wilkes-Barre--Hazleton, PA (Metropolitan Statistical Area)"," ","800","Quantity indexes for real GDP by metropolitan area","55","525","    Funds, trusts, and other financial vehicles","(D)","(D)","(D)","(D)","(D)","(D)","(D)","(D)","(D)","(D)","(D)","(D)","(D)","(NA)"
"42540","Scranton--Wilkes-Barre--Hazleton, PA (Metropolitan Statistical Area)"," ","800","Quantity indexes for real GDP by metropolitan area","56","53","   Real estate and rental and leasing",82.724,80.771,86.235,89.659,84.872,84.557,87.238,95.323,100.000,122.400,128.029,126.907,127.428,119.587
"42540","Scranton--Wilkes-Barre--Hazleton, PA (Metropolitan Statistical Area)"," ","800","Quantity indexes for real GDP by metropolitan area","57","531","    Real estate","(D)","(D)","(D)","(D)","(D)","(D)","(D)","(D)","(D)","(D)","(D)","(D)","(D)","(NA)"
"42540","Scranton--Wilkes-Barre--Hazleton, PA (Metropolitan Statistical Area)"," ","800","Quantity indexes for real GDP by metropolitan area","58","532-533","    Rental and leasing services and lessors of intangible assets","(D)","(D)","(D)","(D)","(D)","(D)","(D)","(D)","(D)","(D)","(D)","(D)","(D)","(NA)"
"42540","Scranton--Wilkes-Barre--Hazleton, PA (Metropolitan Statistical Area)"," ","800","Quantity indexes for real GDP by metropolitan area","59","54, 55, 56","  Professional and business services",90.974,85.718,85.496,89.651,101.947,100.971,102.524,106.572,100.000,106.918,111.297,112.266,116.080,118.836
"42540","Scranton--Wilkes-Barre--Hazleton, PA (Metropolitan Statistical Area)"," ","800","Quantity indexes for real GDP by metropolitan area","60","54","   Professional, scientific, and technical services",97.068,90.667,88.747,92.807,"(D)","(D)",93.985,109.387,100.000,94.438,97.017,101.459,"(D)","(D)"
"42540","Scranton--Wilkes-Barre--Hazleton, PA (Metropolitan Statistical Area)"," ","800","Quantity indexes for real GDP by metropolitan area","64","55","   Management of companies and enterprises",93.916,90.486,72.814,75.257,"(D)","(D)",141.971,102.184,100.000,147.506,145.245,127.275,"(D)","(D)"
"42540","Scranton--Wilkes-Barre--Hazleton, PA (Metropolitan Statistical Area)"," ","800","Quantity indexes for real GDP by metropolitan area","65","56","   Administrative and waste management services",81.680,77.523,83.401,88.052,96.696,98.248,102.442,103.961,100.000,111.975,121.074,122.901,136.389,133.973
"42540","Scranton--Wilkes-Barre--Hazleton, PA (Metropolitan Statistical Area)"," ","800","Quantity indexes for real GDP by metropolitan area","66","561","    Administrative and support services","(D)","(D)","(D)","(D)","(D)","(D)","(D)","(D)",100.000,110.387,123.965,125.885,138.946,"(NA)"
"42540","Scranton--Wilkes-Barre--Hazleton, PA (Metropolitan Statistical Area)"," ","800","Quantity indexes for real GDP by metropolitan area","67","562","    Waste management and remediation services","(D)","(D)","(D)","(D)","(D)","(D)","(D)","(D)",100.000,121.699,104.088,105.366,121.361,"(NA)"
"42540","Scranton--Wilkes-Barre--Hazleton, PA (Metropolitan Statistical Area)"," ","800","Quantity indexes for real GDP by metropolitan area","68","61, 62","  Educational services, health care, and social assistance",86.452,87.962,89.812,91.874,93.217,95.137,93.836,98.524,100.000,99.572,99.868,99.437,98.863,102.481
"42540","Scranton--Wilkes-Barre--Hazleton, PA (Metropolitan Statistical Area)"," ","800","Quantity indexes for real GDP by metropolitan area","69","61","   Educational services","(D)","(D)","(D)","(D)","(D)","(D)","(D)","(D)","(D)","(D)","(D)","(D)","(D)","(D)"
"42540","Scranton--Wilkes-Barre--Hazleton, PA (Metropolitan Statistical Area)"," ","800","Quantity indexes for real GDP by metropolitan area","70","62","   Health care and social assistance","(D)","(D)","(D)","(D)","(D)","(D)","(D)","(D)","(D)","(D)","(D)","(D)","(D)","(D)"
"42540","Scranton--Wilkes-Barre--Hazleton, PA (Metropolitan Statistical Area)"," ","800","Quantity indexes for real GDP by metropolitan area","71","621","    Ambulatory health care services",81.966,84.664,86.510,89.691,93.154,94.753,93.663,99.097,100.000,99.531,101.189,103.769,102.242,"(NA)"
"42540","Scranton--Wilkes-Barre--Hazleton, PA (Metropolitan Statistical Area)"," ","800","Quantity indexes for real GDP by metropolitan area","72","622-623","    Hospitals and nursing and residential care facilities","(D)","(D)","(D)","(D)","(D)","(D)","(D)","(D)","(D)","(D)","(D)","(D)","(D)","(NA)"
"42540","Scranton--Wilkes-Barre--Hazleton, PA (Metropolitan Statistical Area)"," ","800","Quantity indexes for real GDP by metropolitan area","73","624","    Social assistance","(D)","(D)","(D)",82.661,87.699,92.716,92.974,100.474,100.000,"(D)",105.324,103.037,94.395,"(NA)"
"42540","Scranton--Wilkes-Barre--Hazleton, PA (Metropolitan Statistical Area)"," ","800","Quantity indexes for real GDP by metropolitan area","74","71, 72","  Arts, entertainment, recreation, accommodation, and food services",95.606,96.281,98.333,103.732,105.226,104.246,112.875,105.635,100.000,109.140,115.517,113.530,114.261,110.285
"42540","Scranton--Wilkes-Barre--Hazleton, PA (Metropolitan Statistical Area)"," ","800","Quantity indexes for real GDP by metropolitan area","75","71","   Arts, entertainment, and recreation",47.764,49.480,52.789,55.246,55.899,62.292,105.227,103.507,100.000,128.067,137.515,128.657,139.500,90.918
"42540","Scranton--Wilkes-Barre--Hazleton, PA (Metropolitan Statistical Area)"," ","800","Quantity indexes for real GDP by metropolitan area","76","711-712","    Performing arts, spectator sports, museums, and related activities","(D)","(D)","(D)","(D)","(D)","(D)","(D)","(D)","(D)","(D)","(D)","(D)","(D)","(NA)"
"42540","Scranton--Wilkes-Barre--Hazleton, PA (Metropolitan Statistical Area)"," ","800","Quantity indexes for real GDP by metropolitan area","77","713","    Amusements, gambling, and recreation industries","(D)","(D)","(D)","(D)","(D)","(D)","(D)","(D)","(D)","(D)","(D)","(D)","(D)","(NA)"
"42540","Scranton--Wilkes-Barre--Hazleton, PA (Metropolitan Statistical Area)"," ","800","Quantity indexes for real GDP by metropolitan area","78","72","   Accommodation and food services",111.829,112.145,113.762,120.160,121.940,118.448,115.420,106.330,100.000,103.108,108.508,108.698,106.262,116.112
"42540","Scranton--Wilkes-Barre--Hazleton, PA (Metropolitan Statistical Area)"," ","800","Quantity indexes for real GDP by metropolitan area","79","721","    Accommodation",145.789,148.056,123.132,"(D)",158.990,141.669,140.355,111.759,100.000,109.940,131.032,130.634,131.375,"(NA)"
"42540","Scranton--Wilkes-Barre--Hazleton, PA (Metropolitan Statistical Area)"," ","800","Quantity indexes for real GDP by metropolitan area","80","722","    Food services and drinking places",105.638,105.595,111.975,"(D)",115.173,114.216,110.869,105.380,100.000,101.978,104.770,105.058,102.095,"(NA)"
"42540","Scranton--Wilkes-Barre--Hazleton, PA (Metropolitan Statistical Area)"," ","800","Quantity indexes for real GDP by metropolitan area","81","81","  Other services, except government",135.515,139.281,129.352,131.082,129.636,125.180,116.319,106.832,100.000,98.071,96.877,97.727,97.214,100.057
"42540","Scranton--Wilkes-Barre--Hazleton, PA (Metropolitan Statistical Area)"," ","800","Quantity indexes for real GDP by metropolitan area","82","92"," Government",97.974,98.388,99.429,99.845,99.436,99.142,99.534,100.044,100.000,98.181,95.901,93.708,93.410,92.561
"42540","Scranton--Wilkes-Barre--Hazleton, PA (Metropolitan Statistical Area)"," ","800","Quantity indexes for real GDP by metropolitan area","83","...","  Federal civilian",99.920,99.064,97.661,96.174,97.904,97.405,97.798,98.896,100.000,93.437,89.288,88.839,85.711,"(NA)"
"42540","Scranton--Wilkes-Barre--Hazleton, PA (Metropolitan Statistical Area)"," ","800","Quantity indexes for real GDP by metropolitan area","84","...","  Federal military",79.181,85.929,99.293,101.703,102.965,96.619,92.886,95.011,100.000,97.190,91.247,89.193,87.125,"(NA)"
"42540","Scranton--Wilkes-Barre--Hazleton, PA (Metropolitan Statistical Area)"," ","800","Quantity indexes for real GDP by metropolitan area","85","...","  State and local",98.489,98.910,99.940,100.805,99.651,99.797,100.448,100.684,100.000,99.617,98.102,95.394,96.018,"(NA)"
"42540","Scranton--Wilkes-Barre--Hazleton, PA (Metropolitan Statistical Area)"," ","800","Quantity indexes for real GDP by metropolitan area","86","11, 21","Natural resources and mining",99.460,102.934,"(D)",97.204,93.021,103.780,100.575,97.200,100.000,123.803,130.971,150.440,187.603,209.584
"42540","Scranton--Wilkes-Barre--Hazleton, PA (Metropolitan Statistical Area)"," ","800","Quantity indexes for real GDP by metropolitan area","87","42, 44-45","Trade","(D)","(D)","(D)","(D)","(D)","(D)","(D)","(D)","(D)","(D)","(D)","(D)","(D)","(D)"
"42540","Scranton--Wilkes-Barre--Hazleton, PA (Metropolitan Statistical Area)"," ","800","Quantity indexes for real GDP by metropolitan area","88","...","Transportation and utilities","(D)","(D)","(D)","(D)","(D)","(D)","(D)","(D)","(D)","(D)","(D)","(D)","(D)","(D)"
"42540","Scranton--Wilkes-Barre--Hazleton, PA (Metropolitan Statistical Area)"," ","800","Quantity indexes for real GDP by metropolitan area","89","...","Private goods-producing industries",114.874,110.923,"(D)",112.184,107.546,110.481,108.869,104.389,100.000,98.802,96.830,96.806,99.812,101.515
"42540","Scranton--Wilkes-Barre--Hazleton, PA (Metropolitan Statistical Area)"," ","800","Quantity indexes for real GDP by metropolitan area","90","...","Private services-providing industries",93.188,93.202,"(D)",101.021,103.644,103.762,105.504,101.516,100.000,105.022,106.070,105.084,105.923,106.875
"42540","Scranton--Wilkes-Barre--Hazleton, PA (Metropolitan Statistical Area)"," ","900","Real GDP by metropolitan area","1","...","All industry total",19138,18999,19436,20133,20302,20420,20601,19918,19551,20122,20126,19938,20154,20322
"42540","Scranton--Wilkes-Barre--Hazleton, PA (Metropolitan Statistical Area)"," ","900","Real GDP by metropolitan area","2","..."," Private industries",16636,16490,16898,17579,17757,17882,18053,17357,16991,17609,17674,17543,17768,17958
"42540","Scranton--Wilkes-Barre--Hazleton, PA (Metropolitan Statistical Area)"," ","900","Real GDP by metropolitan area","3","11","  Agriculture, forestry, fishing, and hunting",37,43,46,39,39,51,25,28,35,28,17,21,20,22
"42540","Scranton--Wilkes-Barre--Hazleton, PA (Metropolitan Statistical Area)"," ","900","Real GDP by metropolitan area","4","111-112","   Farms",24,30,33,22,23,33,11,13,22,14,5,8,7,"(NA)"
"42540","Scranton--Wilkes-Barre--Hazleton, PA (Metropolitan Statistical Area)"," ","900","Real GDP by metropolitan area","5","113-115","   Forestry, fishing, and related activities",12,12,12,17,16,17,15,15,14,13,13,14,14,"(NA)"
"42540","Scranton--Wilkes-Barre--Hazleton, PA (Metropolitan Statistical Area)"," ","900","Real GDP by metropolitan area","6","21","  Mining",111,104,"(D)",102,95,95,124,115,111,154,176,201,258,289
"42540","Scranton--Wilkes-Barre--Hazleton, PA (Metropolitan Statistical Area)"," ","900","Real GDP by metropolitan area","7","211","   Oil and gas extraction",1,"(D)",1,1,1,"(D)","(D)","(D)","(D)","(D)","(D)","(D)","(D)","(NA)"
"42540","Scranton--Wilkes-Barre--Hazleton, PA (Metropolitan Statistical Area)"," ","900","Real GDP by metropolitan area","8","212","   Mining, except oil and gas","(D)",100,"(D)","(D)","(D)","(D)","(D)","(D)","(D)","(D)","(D)","(D)","(D)","(NA)"
"42540","Scranton--Wilkes-Barre--Hazleton, PA (Metropolitan Statistical Area)"," ","900","Real GDP by metropolitan area","9","213","   Support activities for mining","(D)","(D)","(D)","(D)","(D)","(D)","(D)","(D)","(D)","(D)","(D)","(D)","(D)","(NA)"
"42540","Scranton--Wilkes-Barre--Hazleton, PA (Metropolitan Statistical Area)"," ","900","Real GDP by metropolitan area","10","22","  Utilities",1041,1037,935,1021,821,"(D)","(D)","(D)","(D)","(D)","(D)",946,956,"(D)"
"42540","Scranton--Wilkes-Barre--Hazleton, PA (Metropolitan Statistical Area)"," ","900","Real GDP by metropolitan area","11","23","  Construction",899,901,911,893,853,804,773,680,610,613,662,655,643,663
"42540","Scranton--Wilkes-Barre--Hazleton, PA (Metropolitan Statistical Area)"," ","900","Real GDP by metropolitan area","12","31-33","  Manufacturing",3308,3163,3280,3221,3091,3235,3210,3142,3042,2957,2821,2793,2859,2866
"42540","Scranton--Wilkes-Barre--Hazleton, PA (Metropolitan Statistical Area)"," ","900","Real GDP by metropolitan area","13","...","   Durable goods manufacturing","(D)","(D)","(D)","(D)","(D)","(D)","(D)","(D)","(D)","(D)","(D)","(D)",1176,1174
"42540","Scranton--Wilkes-Barre--Hazleton, PA (Metropolitan Statistical Area)"," ","900","Real GDP by metropolitan area","14","321","    Wood products manufacturing",47,54,54,45,51,56,54,47,40,35,41,39,39,"(NA)"
"42540","Scranton--Wilkes-Barre--Hazleton, PA (Metropolitan Statistical Area)"," ","900","Real GDP by metropolitan area","15","327","    Nonmetallic mineral products manufacturing",278,"(D)","(D)","(D)","(D)","(D)","(D)","(D)","(D)","(D)","(D)","(D)","(D)","(NA)"
"42540","Scranton--Wilkes-Barre--Hazleton, PA (Metropolitan Statistical Area)"," ","900","Real GDP by metropolitan area","16","331","    Primary metals manufacturing","(D)","(D)","(D)","(D)",61,"(D)",68,55,61,"(D)",62,"(D)","(D)","(NA)"
"42540","Scranton--Wilkes-Barre--Hazleton, PA (Metropolitan Statistical Area)"," ","900","Real GDP by metropolitan area","17","332","    Fabricated metal products","(D)","(D)","(D)","(D)",445,"(D)","(D)","(D)","(D)","(D)",402,"(D)",358,"(NA)"
"42540","Scranton--Wilkes-Barre--Hazleton, PA (Metropolitan Statistical Area)"," ","900","Real GDP by metropolitan area","18","333","    Machinery manufacturing",96,67,66,66,"(D)","(D)","(D)",80,65,53,47,"(D)","(D)","(NA)"
"42540","Scranton--Wilkes-Barre--Hazleton, PA (Metropolitan Statistical Area)"," ","900","Real GDP by metropolitan area","19","334","    Computer and electronic products manufacturing",148,95,"(D)","(D)",142,"(D)","(D)","(D)","(D)","(D)","(D)","(D)",162,"(NA)"
"42540","Scranton--Wilkes-Barre--Hazleton, PA (Metropolitan Statistical Area)"," ","900","Real GDP by metropolitan area","20","335","    Electrical equipment, appliance, and components manufacturing",83,71,"(D)",70,72,85,84,87,"(D)","(D)","(D)","(D)","(D)","(NA)"
"42540","Scranton--Wilkes-Barre--Hazleton, PA (Metropolitan Statistical Area)"," ","900","Real GDP by metropolitan area","21","3361-3363","    Motor vehicles, bodies and trailers, and parts manufacturing","(D)","(D)","(D)","(D)","(D)","(D)","(D)","(D)","(D)","(D)","(D)","(D)","(D)","(NA)"
"42540","Scranton--Wilkes-Barre--Hazleton, PA (Metropolitan Statistical Area)"," ","900","Real GDP by metropolitan area","22","3364-3366, 3369","    Other transportation equipment manufacturing","(D)","(D)","(D)","(D)","(D)","(D)","(D)","(D)","(D)","(D)","(D)","(D)","(D)","(NA)"
"42540","Scranton--Wilkes-Barre--Hazleton, PA (Metropolitan Statistical Area)"," ","900","Real GDP by metropolitan area","23","337","    Furniture and related products manufacturing","(D)",43,41,"(D)","(D)",37,36,33,26,29,35,35,41,"(NA)"
"42540","Scranton--Wilkes-Barre--Hazleton, PA (Metropolitan Statistical Area)"," ","900","Real GDP by metropolitan area","24","339","    Miscellaneous manufacturing","(D)",162,"(D)","(D)","(D)","(D)","(D)",225,266,"(D)","(D)","(D)","(D)","(NA)"
"42540","Scranton--Wilkes-Barre--Hazleton, PA (Metropolitan Statistical Area)"," ","900","Real GDP by metropolitan area","25","...","   Nondurable goods manufacturing","(D)","(D)","(D)","(D)","(D)","(D)","(D)","(D)","(D)","(D)","(D)","(D)",1683,1692
"42540","Scranton--Wilkes-Barre--Hazleton, PA (Metropolitan Statistical Area)"," ","900","Real GDP by metropolitan area","26","311-312","    Food and beverage and tobacco products manufacturing",373,405,513,472,415,"(D)","(D)","(D)","(D)",494,"(D)","(D)",516,"(NA)"
"42540","Scranton--Wilkes-Barre--Hazleton, PA (Metropolitan Statistical Area)"," ","900","Real GDP by metropolitan area","27","313-314","    Textile mills and textile product mills","(D)","(D)",56,68,"(D)","(D)","(D)",35,29,"(D)","(D)",33,33,"(NA)"
"42540","Scranton--Wilkes-Barre--Hazleton, PA (Metropolitan Statistical Area)"," ","900","Real GDP by metropolitan area","28","315-316","    Apparel and leather and allied products manufacturing","(D)","(D)","(D)","(D)","(D)","(D)","(D)","(D)","(D)","(D)","(D)","(D)",7,"(NA)"
"42540","Scranton--Wilkes-Barre--Hazleton, PA (Metropolitan Statistical Area)"," ","900","Real GDP by metropolitan area","29","322","    Paper products manufacturing","(D)","(D)","(D)","(D)","(D)","(D)","(D)","(D)","(D)","(D)","(D)","(D)","(D)","(NA)"
"42540","Scranton--Wilkes-Barre--Hazleton, PA (Metropolitan Statistical Area)"," ","900","Real GDP by metropolitan area","30","323","    Printing and related support activities","(D)","(D)","(D)","(D)","(D)","(D)","(D)","(D)","(D)","(D)","(D)","(D)","(D)","(NA)"
"42540","Scranton--Wilkes-Barre--Hazleton, PA (Metropolitan Statistical Area)"," ","900","Real GDP by metropolitan area","31","324","    Petroleum and coal products manufacturing","(D)","(D)","(D)","(D)","(D)","(D)","(D)","(D)","(D)","(D)","(D)","(D)","(D)","(NA)"
"42540","Scranton--Wilkes-Barre--Hazleton, PA (Metropolitan Statistical Area)"," ","900","Real GDP by metropolitan area","32","325","    Chemical products manufacturing","(D)","(D)","(D)",199,168,146,"(D)","(D)","(D)","(D)","(D)","(D)","(D)","(NA)"
"42540","Scranton--Wilkes-Barre--Hazleton, PA (Metropolitan Statistical Area)"," ","900","Real GDP by metropolitan area","33","326","    Plastics and rubber products manufacturing",348,305,300,341,370,340,334,301,324,352,334,352,382,"(NA)"
"42540","Scranton--Wilkes-Barre--Hazleton, PA (Metropolitan Statistical Area)"," ","900","Real GDP by metropolitan area","34","42","  Wholesale trade",1151,1270,1437,1549,1619,"(D)","(D)","(D)","(D)","(D)","(D)",1238,1300,"(D)"
"42540","Scranton--Wilkes-Barre--Hazleton, PA (Metropolitan Statistical Area)"," ","900","Real GDP by metropolitan area","35","44-45","  Retail trade",1405,1453,1543,1530,1559,1544,1538,1508,1485,1530,1540,1524,1531,1531
"42540","Scranton--Wilkes-Barre--Hazleton, PA (Metropolitan Statistical Area)"," ","900","Real GDP by metropolitan area","36","48-49","  Transportation and warehousing",699,674,653,755,841,"(D)",842,827,848,945,1019,1078,1095,1152
"42540","Scranton--Wilkes-Barre--Hazleton, PA (Metropolitan Statistical Area)"," ","900","Real GDP by metropolitan area","37","481","   Air transportation","(D)","(D)","(D)",9,11,5,7,6,"(D)","(D)",7,7,6,"(NA)"
"42540","Scranton--Wilkes-Barre--Hazleton, PA (Metropolitan Statistical Area)"," ","900","Real GDP by metropolitan area","38","482","   Rail transportation",15,14,15,15,15,14,14,10,9,9,9,10,10,"(NA)"
"42540","Scranton--Wilkes-Barre--Hazleton, PA (Metropolitan Statistical Area)"," ","900","Real GDP by metropolitan area","39","483","   Water transportation","(D)","(D)","(D)","(D)","(L)","(L)","(L)","(L)","(L)","(L)","(D)","(L)","(L)","(NA)"
"42540","Scranton--Wilkes-Barre--Hazleton, PA (Metropolitan Statistical Area)"," ","900","Real GDP by metropolitan area","40","484","   Truck transportation",390,354,343,329,331,322,333,281,263,287,325,323,327,"(NA)"
"42540","Scranton--Wilkes-Barre--Hazleton, PA (Metropolitan Statistical Area)"," ","900","Real GDP by metropolitan area","41","485","   Transit and ground passenger transportation","(D)","(D)","(D)",81,78,73,71,69,64,63,63,58,55,"(NA)"
"42540","Scranton--Wilkes-Barre--Hazleton, PA (Metropolitan Statistical Area)"," ","900","Real GDP by metropolitan area","42","486","   Pipeline transportation","(D)","(D)",4,"(D)","(D)","(D)","(D)","(D)","(D)","(D)","(D)","(D)",6,"(NA)"
"42540","Scranton--Wilkes-Barre--Hazleton, PA (Metropolitan Statistical Area)"," ","900","Real GDP by metropolitan area","43","487-488, 492","   Other transportation and support activities","(D)","(D)","(D)","(D)","(D)","(D)","(D)","(D)","(D)","(D)","(D)","(D)","(D)","(NA)"
"42540","Scranton--Wilkes-Barre--Hazleton, PA (Metropolitan Statistical Area)"," ","900","Real GDP by metropolitan area","44","493","   Warehousing and storage","(D)","(D)","(D)","(D)","(D)","(D)","(D)","(D)","(D)","(D)","(D)","(D)","(D)","(NA)"
"42540","Scranton--Wilkes-Barre--Hazleton, PA (Metropolitan Statistical Area)"," ","900","Real GDP by metropolitan area","45","51","  Information",692,773,"(D)",1033,1159,1159,1285,1050,956,936,825,745,654,632
"42540","Scranton--Wilkes-Barre--Hazleton, PA (Metropolitan Statistical Area)"," ","900","Real GDP by metropolitan area","46","511","   Publishing industries, except Internet (includes software)","(D)","(D)","(D)","(D)","(D)","(D)","(D)","(D)","(D)","(D)","(D)","(D)","(D)","(NA)"
"42540","Scranton--Wilkes-Barre--Hazleton, PA (Metropolitan Statistical Area)"," ","900","Real GDP by metropolitan area","47","512","   Motion picture and sound recording industries","(D)","(D)","(D)","(D)","(D)","(D)","(D)","(D)","(D)","(D)","(D)","(D)","(D)","(NA)"
"42540","Scranton--Wilkes-Barre--Hazleton, PA (Metropolitan Statistical Area)"," ","900","Real GDP by metropolitan area","48","515, 517","   Broadcasting and telecommunications","(D)","(D)","(D)",721,832,850,923,694,"(D)","(D)","(D)","(D)","(D)","(NA)"
"42540","Scranton--Wilkes-Barre--Hazleton, PA (Metropolitan Statistical Area)"," ","900","Real GDP by metropolitan area","49","518, 519","   Data processing, internet publishing, and other information services","(D)","(D)","(D)","(D)","(D)","(D)","(D)","(D)",69,62,57,41,41,"(NA)"
"42540","Scranton--Wilkes-Barre--Hazleton, PA (Metropolitan Statistical Area)"," ","900","Real GDP by metropolitan area","50","52, 53","  Finance, insurance, real estate, rental, and leasing",2386,2173,2193,2288,2258,2201,2226,2313,2459,2680,2749,2672,2727,2662
"42540","Scranton--Wilkes-Barre--Hazleton, PA (Metropolitan Statistical Area)"," ","900","Real GDP by metropolitan area","51","52","   Finance and insurance",1263,1086,1039,1088,1116,1066,1058,1042,1125,1050,1045,986,1032,1068
"42540","Scranton--Wilkes-Barre--Hazleton, PA (Metropolitan Statistical Area)"," ","900","Real GDP by metropolitan area","52","521-522","    Federal Reserve banks, credit intermediation, and related services",591,487,438,"(D)","(D)","(D)","(D)","(D)","(D)","(D)","(D)",333,352,"(NA)"
"42540","Scranton--Wilkes-Barre--Hazleton, PA (Metropolitan Statistical Area)"," ","900","Real GDP by metropolitan area","53","523","    Securities, commodity contracts, and investments","(D)","(D)","(D)","(D)","(D)","(D)","(D)","(D)","(D)","(D)","(D)","(D)",104,"(NA)"
"42540","Scranton--Wilkes-Barre--Hazleton, PA (Metropolitan Statistical Area)"," ","900","Real GDP by metropolitan area","54","524","    Insurance carriers and related activities","(D)",483,"(D)","(D)","(D)","(D)","(D)","(D)",615,577,"(D)","(D)","(D)","(NA)"
"42540","Scranton--Wilkes-Barre--Hazleton, PA (Metropolitan Statistical Area)"," ","900","Real GDP by metropolitan area","55","525","    Funds, trusts, and other financial vehicles","(D)","(D)","(D)","(D)","(D)","(D)","(D)","(D)","(D)","(D)","(D)","(D)","(D)","(NA)"
"42540","Scranton--Wilkes-Barre--Hazleton, PA (Metropolitan Statistical Area)"," ","900","Real GDP by metropolitan area","56","53","   Real estate and rental and leasing",1104,1078,1151,1196,1132,1128,1164,1272,1334,1633,1708,1693,1700,1596
"42540","Scranton--Wilkes-Barre--Hazleton, PA (Metropolitan Statistical Area)"," ","900","Real GDP by metropolitan area","57","531","    Real estate","(D)","(D)",1010,"(D)","(D)","(D)","(D)","(D)","(D)","(D)","(D)","(D)","(D)","(NA)"
"42540","Scranton--Wilkes-Barre--Hazleton, PA (Metropolitan Statistical Area)"," ","900","Real GDP by metropolitan area","58","532-533","    Rental and leasing services and lessors of intangible assets","(D)","(D)",142,"(D)","(D)","(D)","(D)","(D)","(D)","(D)","(D)","(D)","(D)","(NA)"
"42540","Scranton--Wilkes-Barre--Hazleton, PA (Metropolitan Statistical Area)"," ","900","Real GDP by metropolitan area","59","54, 55, 56","  Professional and business services",1386,1306,1303,1366,1553,1538,1562,1624,1524,1629,1696,1711,1769,1811
"42540","Scranton--Wilkes-Barre--Hazleton, PA (Metropolitan Statistical Area)"," ","900","Real GDP by metropolitan area","60","54","   Professional, scientific, and technical services",766,716,701,733,"(D)","(D)",742,864,790,746,766,801,"(D)","(D)"
"42540","Scranton--Wilkes-Barre--Hazleton, PA (Metropolitan Statistical Area)"," ","900","Real GDP by metropolitan area","64","55","   Management of companies and enterprises",164,158,127,132,"(D)","(D)",248,179,175,258,254,223,"(D)","(D)"
"42540","Scranton--Wilkes-Barre--Hazleton, PA (Metropolitan Statistical Area)"," ","900","Real GDP by metropolitan area","65","56","   Administrative and waste management services",457,433,466,492,541,549,573,581,559,626,677,687,763,749
"42540","Scranton--Wilkes-Barre--Hazleton, PA (Metropolitan Statistical Area)"," ","900","Real GDP by metropolitan area","66","561","    Administrative and support services","(D)","(D)","(D)","(D)","(D)","(D)","(D)","(D)",482,532,597,607,670,"(NA)"
"42540","Scranton--Wilkes-Barre--Hazleton, PA (Metropolitan Statistical Area)"," ","900","Real GDP by metropolitan area","67","562","    Waste management and remediation services","(D)","(D)","(D)","(D)","(D)","(D)","(D)","(D)",77,94,80,81,94,"(NA)"
"42540","Scranton--Wilkes-Barre--Hazleton, PA (Metropolitan Statistical Area)"," ","900","Real GDP by metropolitan area","68","61, 62","  Educational services, health care, and social assistance",2364,2405,2456,2512,2549,2602,2566,2694,2735,2723,2731,2719,2704,2802
"42540","Scranton--Wilkes-Barre--Hazleton, PA (Metropolitan Statistical Area)"," ","900","Real GDP by metropolitan area","69","61","   Educational services",363,368,367,"(D)","(D)","(D)","(D)","(D)","(D)",434,"(D)","(D)","(D)","(D)"
"42540","Scranton--Wilkes-Barre--Hazleton, PA (Metropolitan Statistical Area)"," ","900","Real GDP by metropolitan area","70","62","   Health care and social assistance",2002,2038,2089,"(D)","(D)","(D)","(D)","(D)","(D)",2289,"(D)","(D)","(D)","(D)"
"42540","Scranton--Wilkes-Barre--Hazleton, PA (Metropolitan Statistical Area)"," ","900","Real GDP by metropolitan area","71","621","    Ambulatory health care services",884,914,933,968,1005,1022,1011,1069,1079,1074,1092,1120,1103,"(NA)"
"42540","Scranton--Wilkes-Barre--Hazleton, PA (Metropolitan Statistical Area)"," ","900","Real GDP by metropolitan area","72","622-623","    Hospitals and nursing and residential care facilities","(D)","(D)","(D)","(D)","(D)","(D)","(D)","(D)","(D)","(D)","(D)","(D)","(D)","(NA)"
"42540","Scranton--Wilkes-Barre--Hazleton, PA (Metropolitan Statistical Area)"," ","900","Real GDP by metropolitan area","73","624","    Social assistance","(D)","(D)","(D)",168,178,189,189,204,203,"(D)",214,210,192,"(NA)"
"42540","Scranton--Wilkes-Barre--Hazleton, PA (Metropolitan Statistical Area)"," ","900","Real GDP by metropolitan area","74","71, 72","  Arts, entertainment, recreation, accommodation, and food services",630,635,648,684,693,687,744,696,659,719,761,748,753,727
"42540","Scranton--Wilkes-Barre--Hazleton, PA (Metropolitan Statistical Area)"," ","900","Real GDP by metropolitan area","75","71","   Arts, entertainment, and recreation",76,79,84,88,89,100,168,165,160,205,220,206,223,145
"42540","Scranton--Wilkes-Barre--Hazleton, PA (Metropolitan Statistical Area)"," ","900","Real GDP by metropolitan area","76","711-712","    Performing arts, spectator sports, museums, and related activities","(D)","(D)","(D)","(D)","(D)","(D)","(D)",49,"(D)",52,60,54,71,"(NA)"
"42540","Scranton--Wilkes-Barre--Hazleton, PA (Metropolitan Statistical Area)"," ","900","Real GDP by metropolitan area","77","713","    Amusements, gambling, and recreation industries","(D)","(D)","(D)","(D)","(D)","(D)","(D)",116,"(D)",153,160,151,152,"(NA)"
"42540","Scranton--Wilkes-Barre--Hazleton, PA (Metropolitan Statistical Area)"," ","900","Real GDP by metropolitan area","78","72","   Accommodation and food services",558,560,568,600,609,591,576,531,499,515,542,543,530,580
"42540","Scranton--Wilkes-Barre--Hazleton, PA (Metropolitan Statistical Area)"," ","900","Real GDP by metropolitan area","79","721","    Accommodation",104,105,88,"(D)",113,101,100,80,71,78,93,93,94,"(NA)"
"42540","Scranton--Wilkes-Barre--Hazleton, PA (Metropolitan Statistical Area)"," ","900","Real GDP by metropolitan area","80","722","    Food services and drinking places",452,452,479,"(D)",493,489,475,451,428,436,448,450,437,"(NA)"
"42540","Scranton--Wilkes-Barre--Hazleton, PA (Metropolitan Statistical Area)"," ","900","Real GDP by metropolitan area","81","81","  Other services, except government",674,693,643,652,645,623,578,531,497,488,482,486,483,498
"42540","Scranton--Wilkes-Barre--Hazleton, PA (Metropolitan Statistical Area)"," ","900","Real GDP by metropolitan area","82","92"," Government",2508,2519,2546,2556,2546,2538,2548,2561,2560,2514,2455,2399,2392,2370
"42540","Scranton--Wilkes-Barre--Hazleton, PA (Metropolitan Statistical Area)"," ","900","Real GDP by metropolitan area","83","...","  Federal civilian",548,543,535,527,537,534,536,542,548,512,489,487,470,"(NA)"
"42540","Scranton--Wilkes-Barre--Hazleton, PA (Metropolitan Statistical Area)"," ","900","Real GDP by metropolitan area","84","...","  Federal military",90,98,113,116,117,110,106,108,114,110,104,101,99,"(NA)"
"42540","Scranton--Wilkes-Barre--Hazleton, PA (Metropolitan Statistical Area)"," ","900","Real GDP by metropolitan area","85","...","  State and local",1870,1878,1897,1914,1892,1895,1907,1912,1899,1891,1863,1811,1823,"(NA)"
"42540","Scranton--Wilkes-Barre--Hazleton, PA (Metropolitan Statistical Area)"," ","900","Real GDP by metropolitan area","86","11, 21","Natural resources and mining",146,151,"(D)",143,136,152,147,143,147,182,192,221,275,307
"42540","Scranton--Wilkes-Barre--Hazleton, PA (Metropolitan Statistical Area)"," ","900","Real GDP by metropolitan area","87","42, 44-45","Trade",2560,2724,2977,3071,3169,"(D)","(D)","(D)","(D)","(D)","(D)",2762,2832,"(D)"
"42540","Scranton--Wilkes-Barre--Hazleton, PA (Metropolitan Statistical Area)"," ","900","Real GDP by metropolitan area","88","...","Transportation and utilities",1713,1682,1567,1756,1660,"(D)","(D)","(D)","(D)","(D)","(D)",2024,2051,"(D)"
"42540","Scranton--Wilkes-Barre--Hazleton, PA (Metropolitan Statistical Area)"," ","900","Real GDP by metropolitan area","89","...","Private goods-producing industries",4364,4214,"(D)",4262,4086,4197,4136,3966,3799,3753,3678,3678,3792,3856
"42540","Scranton--Wilkes-Barre--Hazleton, PA (Metropolitan Statistical Area)"," ","900","Real GDP by metropolitan area","90","...","Private services-providing industries",12294,12296,"(D)",13327,13673,13689,13918,13392,13192,13855,13993,13863,13974,14099
"42540","Scranton--Wilkes-Barre--Hazleton, PA (Metropolitan Statistical Area)"," ","1000","Per capita real GDP by metropolitan area","1","...","All industry total",34330,34190,34990,36243,36471,36619,36786,35470,34731,35704,35697,35348,35860,36310
"Note: See the included footnote file."
NAICS Industry detail is based on the 2007 North American Industry Classification System (NAICS).
"Source: U.S. Department of Commerce / Bureau of Economic Analysis / Regional Product Division"
