"41860","San Francisco-Oakland-Hayward, CA (Metropolitan Statistical Area)"," ","200","Gross domestic product (GDP) by metropolitan area","1","...","All industry total",245090,246820,256901,270592,294749,313790,331526,344690,327088,334484,345165,373546,387030,411969
"41860","San Francisco-Oakland-Hayward, CA (Metropolitan Statistical Area)"," ","200","Gross domestic product (GDP) by metropolitan area","2","..."," Private industries",220961,220958,229794,241995,265066,282708,299087,311644,293583,300200,310042,338011,350697,374352
"41860","San Francisco-Oakland-Hayward, CA (Metropolitan Statistical Area)"," ","200","Gross domestic product (GDP) by metropolitan area","3","11","  Agriculture, forestry, fishing, and hunting","(D)","(D)","(D)","(D)","(D)","(D)",329,"(D)","(D)","(D)",323,"(D)","(D)","(D)"
"41860","San Francisco-Oakland-Hayward, CA (Metropolitan Statistical Area)"," ","200","Gross domestic product (GDP) by metropolitan area","4","111-112","   Farms",346,325,369,301,280,301,265,230,198,233,251,196,231,"(NA)"
"41860","San Francisco-Oakland-Hayward, CA (Metropolitan Statistical Area)"," ","200","Gross domestic product (GDP) by metropolitan area","5","113-115","   Forestry, fishing, and related activities","(D)","(D)","(D)","(D)","(D)","(D)",65,"(D)","(D)","(D)",72,"(D)","(D)","(NA)"
"41860","San Francisco-Oakland-Hayward, CA (Metropolitan Statistical Area)"," ","200","Gross domestic product (GDP) by metropolitan area","6","21","  Mining","(D)","(D)","(D)","(D)","(D)","(D)",3095,"(D)","(D)","(D)",3798,"(D)","(D)","(D)"
"41860","San Francisco-Oakland-Hayward, CA (Metropolitan Statistical Area)"," ","200","Gross domestic product (GDP) by metropolitan area","7","211","   Oil and gas extraction","(D)","(D)","(D)","(D)","(D)","(D)","(D)","(D)","(D)","(D)","(D)","(D)","(D)","(NA)"
"41860","San Francisco-Oakland-Hayward, CA (Metropolitan Statistical Area)"," ","200","Gross domestic product (GDP) by metropolitan area","8","212","   Mining, except oil and gas","(D)","(D)","(D)","(D)","(D)","(D)","(D)","(D)","(D)","(D)","(D)","(D)","(D)","(NA)"
"41860","San Francisco-Oakland-Hayward, CA (Metropolitan Statistical Area)"," ","200","Gross domestic product (GDP) by metropolitan area","9","213","   Support activities for mining","(D)","(D)","(D)","(D)","(D)","(D)","(D)","(D)","(D)","(D)","(D)","(D)","(D)","(NA)"
"41860","San Francisco-Oakland-Hayward, CA (Metropolitan Statistical Area)"," ","200","Gross domestic product (GDP) by metropolitan area","10","22","  Utilities","(D)","(D)","(D)","(D)","(D)","(D)","(D)","(D)","(D)","(D)","(D)",4713,5458,"(D)"
"41860","San Francisco-Oakland-Hayward, CA (Metropolitan Statistical Area)"," ","200","Gross domestic product (GDP) by metropolitan area","11","23","  Construction",10352,9895,10538,11877,13037,13634,14476,13117,10957,9830,10158,11583,12618,13414
"41860","San Francisco-Oakland-Hayward, CA (Metropolitan Statistical Area)"," ","200","Gross domestic product (GDP) by metropolitan area","12","31-33","  Manufacturing",26337,22298,26742,29441,38377,41324,45303,56782,47296,41090,37556,40406,43739,43019
"41860","San Francisco-Oakland-Hayward, CA (Metropolitan Statistical Area)"," ","200","Gross domestic product (GDP) by metropolitan area","13","...","   Durable goods manufacturing","(D)","(D)","(D)",11502,11824,"(D)","(D)",12194,11034,11032,10782,"(D)",12476,13347
"41860","San Francisco-Oakland-Hayward, CA (Metropolitan Statistical Area)"," ","200","Gross domestic product (GDP) by metropolitan area","14","321","    Wood products manufacturing",80,83,80,89,98,87,77,69,67,67,"(D)","(D)","(D)","(NA)"
"41860","San Francisco-Oakland-Hayward, CA (Metropolitan Statistical Area)"," ","200","Gross domestic product (GDP) by metropolitan area","15","327","    Nonmetallic mineral products manufacturing",428,442,445,516,499,529,502,407,324,324,321,"(D)",360,"(NA)"
"41860","San Francisco-Oakland-Hayward, CA (Metropolitan Statistical Area)"," ","200","Gross domestic product (GDP) by metropolitan area","16","331","    Primary metals manufacturing","(D)","(D)","(D)","(D)","(D)","(D)","(D)","(D)","(D)","(D)","(D)","(D)",444,"(NA)"
"41860","San Francisco-Oakland-Hayward, CA (Metropolitan Statistical Area)"," ","200","Gross domestic product (GDP) by metropolitan area","17","332","    Fabricated metal products",1114,855,815,868,929,900,986,940,764,840,852,"(D)",810,"(NA)"
"41860","San Francisco-Oakland-Hayward, CA (Metropolitan Statistical Area)"," ","200","Gross domestic product (GDP) by metropolitan area","18","333","    Machinery manufacturing",1134,839,869,1060,1067,1268,1314,1233,948,970,1197,"(D)",1262,"(NA)"
"41860","San Francisco-Oakland-Hayward, CA (Metropolitan Statistical Area)"," ","200","Gross domestic product (GDP) by metropolitan area","19","334","    Computer and electronic products manufacturing",5298,4830,4899,4790,5039,4866,5166,5578,5230,5218,5143,"(D)",6455,"(NA)"
"41860","San Francisco-Oakland-Hayward, CA (Metropolitan Statistical Area)"," ","200","Gross domestic product (GDP) by metropolitan area","20","335","    Electrical equipment, appliance, and components manufacturing",379,343,266,239,"(D)","(D)",309,325,291,"(D)","(D)","(D)","(D)","(NA)"
"41860","San Francisco-Oakland-Hayward, CA (Metropolitan Statistical Area)"," ","200","Gross domestic product (GDP) by metropolitan area","21","3361-3363","    Motor vehicles, bodies and trailers, and parts manufacturing","(D)","(D)","(D)","(D)","(D)","(D)","(D)","(D)","(D)","(D)","(D)","(D)","(D)","(NA)"
"41860","San Francisco-Oakland-Hayward, CA (Metropolitan Statistical Area)"," ","200","Gross domestic product (GDP) by metropolitan area","22","3364-3366, 3369","    Other transportation equipment manufacturing","(D)","(D)","(D)","(D)","(D)","(D)","(D)","(D)","(D)","(D)","(D)",146,"(D)","(NA)"
"41860","San Francisco-Oakland-Hayward, CA (Metropolitan Statistical Area)"," ","200","Gross domestic product (GDP) by metropolitan area","23","337","    Furniture and related products manufacturing",318,300,274,285,319,334,304,274,204,197,190,"(D)",202,"(NA)"
"41860","San Francisco-Oakland-Hayward, CA (Metropolitan Statistical Area)"," ","200","Gross domestic product (GDP) by metropolitan area","24","339","    Miscellaneous manufacturing",1136,1302,1650,1636,1609,1767,1974,1580,1845,1792,1612,"(D)",1864,"(NA)"
"41860","San Francisco-Oakland-Hayward, CA (Metropolitan Statistical Area)"," ","200","Gross domestic product (GDP) by metropolitan area","25","...","   Nondurable goods manufacturing","(D)","(D)","(D)",17939,26553,"(D)","(D)",44587,36262,30057,26774,"(D)",31263,29673
"41860","San Francisco-Oakland-Hayward, CA (Metropolitan Statistical Area)"," ","200","Gross domestic product (GDP) by metropolitan area","26","311-312","    Food and beverage and tobacco products manufacturing","(D)","(D)","(D)",1641,1659,"(D)",1819,1947,2374,2067,2109,2323,2359,"(NA)"
"41860","San Francisco-Oakland-Hayward, CA (Metropolitan Statistical Area)"," ","200","Gross domestic product (GDP) by metropolitan area","27","313-314","    Textile mills and textile product mills","(D)","(D)","(D)","(D)","(D)","(D)","(D)","(D)","(D)","(D)","(D)",40,45,"(NA)"
"41860","San Francisco-Oakland-Hayward, CA (Metropolitan Statistical Area)"," ","200","Gross domestic product (GDP) by metropolitan area","28","315-316","    Apparel and leather and allied products manufacturing","(D)","(D)","(D)","(D)","(D)","(D)","(D)","(D)","(D)","(D)","(D)","(D)",154,"(NA)"
"41860","San Francisco-Oakland-Hayward, CA (Metropolitan Statistical Area)"," ","200","Gross domestic product (GDP) by metropolitan area","29","322","    Paper products manufacturing",274,"(D)","(D)","(D)","(D)","(D)","(D)","(D)","(D)","(D)","(D)","(D)",205,"(NA)"
"41860","San Francisco-Oakland-Hayward, CA (Metropolitan Statistical Area)"," ","200","Gross domestic product (GDP) by metropolitan area","30","323","    Printing and related support activities",693,632,592,566,553,563,610,520,452,483,453,"(D)",426,"(NA)"
"41860","San Francisco-Oakland-Hayward, CA (Metropolitan Statistical Area)"," ","200","Gross domestic product (GDP) by metropolitan area","31","324","    Petroleum and coal products manufacturing","(D)","(D)","(D)","(D)","(D)","(D)","(D)","(D)","(D)","(D)","(D)","(D)",11556,"(NA)"
"41860","San Francisco-Oakland-Hayward, CA (Metropolitan Statistical Area)"," ","200","Gross domestic product (GDP) by metropolitan area","32","325","    Chemical products manufacturing",3323,2733,4863,6252,7543,7247,"(D)",8175,14464,10238,9548,"(D)",16272,"(NA)"
"41860","San Francisco-Oakland-Hayward, CA (Metropolitan Statistical Area)"," ","200","Gross domestic product (GDP) by metropolitan area","33","326","    Plastics and rubber products manufacturing",327,336,333,"(D)","(D)","(D)","(D)","(D)","(D)",294,268,"(D)",245,"(NA)"
"41860","San Francisco-Oakland-Hayward, CA (Metropolitan Statistical Area)"," ","200","Gross domestic product (GDP) by metropolitan area","34","42","  Wholesale trade","(D)",11772,11780,11869,12581,"(D)","(D)","(D)",13115,13996,15342,16361,17231,18853
"41860","San Francisco-Oakland-Hayward, CA (Metropolitan Statistical Area)"," ","200","Gross domestic product (GDP) by metropolitan area","35","44-45","  Retail trade",16044,16240,16421,16867,17384,17801,17669,16453,15500,16261,16697,17945,18803,19693
"41860","San Francisco-Oakland-Hayward, CA (Metropolitan Statistical Area)"," ","200","Gross domestic product (GDP) by metropolitan area","36","48-49","  Transportation and warehousing","(D)","(D)","(D)","(D)","(D)","(D)","(D)","(D)","(D)","(D)","(D)",9198,9702,"(D)"
"41860","San Francisco-Oakland-Hayward, CA (Metropolitan Statistical Area)"," ","200","Gross domestic product (GDP) by metropolitan area","37","481","   Air transportation","(D)","(D)",2460,"(D)","(D)","(D)",3119,"(D)","(D)","(D)",3445,"(D)","(D)","(NA)"
"41860","San Francisco-Oakland-Hayward, CA (Metropolitan Statistical Area)"," ","200","Gross domestic product (GDP) by metropolitan area","38","482","   Rail transportation",102,85,90,"(D)","(D)","(D)","(D)","(D)","(D)","(D)",111,139,142,"(NA)"
"41860","San Francisco-Oakland-Hayward, CA (Metropolitan Statistical Area)"," ","200","Gross domestic product (GDP) by metropolitan area","39","483","   Water transportation","(D)","(D)","(D)","(D)","(D)","(D)","(D)","(D)","(D)","(D)","(D)","(D)","(D)","(NA)"
"41860","San Francisco-Oakland-Hayward, CA (Metropolitan Statistical Area)"," ","200","Gross domestic product (GDP) by metropolitan area","40","484","   Truck transportation",972,1010,993,1068,1155,1214,1160,1051,931,914,992,"(D)",1063,"(NA)"
"41860","San Francisco-Oakland-Hayward, CA (Metropolitan Statistical Area)"," ","200","Gross domestic product (GDP) by metropolitan area","41","485","   Transit and ground passenger transportation",410,464,502,514,521,559,541,517,519,523,581,"(D)",700,"(NA)"
"41860","San Francisco-Oakland-Hayward, CA (Metropolitan Statistical Area)"," ","200","Gross domestic product (GDP) by metropolitan area","42","486","   Pipeline transportation","(D)","(D)","(D)","(D)","(D)","(D)","(D)","(D)","(D)","(D)","(D)","(D)",393,"(NA)"
"41860","San Francisco-Oakland-Hayward, CA (Metropolitan Statistical Area)"," ","200","Gross domestic product (GDP) by metropolitan area","43","487-488, 492","   Other transportation and support activities","(D)","(D)","(D)","(D)","(D)","(D)","(D)","(D)","(D)","(D)","(D)",2414,2518,"(NA)"
"41860","San Francisco-Oakland-Hayward, CA (Metropolitan Statistical Area)"," ","200","Gross domestic product (GDP) by metropolitan area","44","493","   Warehousing and storage",364,308,"(D)",321,336,364,438,"(D)","(D)",407,381,"(D)",389,"(NA)"
"41860","San Francisco-Oakland-Hayward, CA (Metropolitan Statistical Area)"," ","200","Gross domestic product (GDP) by metropolitan area","45","51","  Information",17542,18484,18249,19352,19438,19581,22156,21233,20655,21997,22631,25929,28903,33702
"41860","San Francisco-Oakland-Hayward, CA (Metropolitan Statistical Area)"," ","200","Gross domestic product (GDP) by metropolitan area","46","511","   Publishing industries, except Internet (includes software)","(D)","(D)","(D)","(D)","(D)","(D)",7901,7531,7316,7542,7744,"(D)",9942,"(NA)"
"41860","San Francisco-Oakland-Hayward, CA (Metropolitan Statistical Area)"," ","200","Gross domestic product (GDP) by metropolitan area","47","512","   Motion picture and sound recording industries",1636,2228,2232,2148,1621,2333,2478,2210,3104,3848,3432,"(D)",4493,"(NA)"
"41860","San Francisco-Oakland-Hayward, CA (Metropolitan Statistical Area)"," ","200","Gross domestic product (GDP) by metropolitan area","48","515, 517","   Broadcasting and telecommunications","(D)",6677,"(D)","(D)","(D)","(D)","(D)","(D)","(D)","(D)","(D)","(D)","(D)","(NA)"
"41860","San Francisco-Oakland-Hayward, CA (Metropolitan Statistical Area)"," ","200","Gross domestic product (GDP) by metropolitan area","49","518, 519","   Data processing, internet publishing, and other information services","(D)","(D)","(D)",2498,2582,2866,"(D)","(D)","(D)","(D)","(D)","(D)","(D)","(NA)"
"41860","San Francisco-Oakland-Hayward, CA (Metropolitan Statistical Area)"," ","200","Gross domestic product (GDP) by metropolitan area","50","52, 53","  Finance, insurance, real estate, rental, and leasing",56020,59909,62684,64183,70934,75832,78972,76961,77321,82712,85595,88625,91693,97533
"41860","San Francisco-Oakland-Hayward, CA (Metropolitan Statistical Area)"," ","200","Gross domestic product (GDP) by metropolitan area","51","52","   Finance and insurance",21809,21928,22635,21967,24799,27347,25783,20820,24155,24093,24007,26541,26795,29102
"41860","San Francisco-Oakland-Hayward, CA (Metropolitan Statistical Area)"," ","200","Gross domestic product (GDP) by metropolitan area","52","521-522","    Federal Reserve banks, credit intermediation, and related services","(D)","(D)","(D)","(D)","(D)","(D)","(D)","(D)","(D)","(D)","(D)","(D)","(D)","(NA)"
"41860","San Francisco-Oakland-Hayward, CA (Metropolitan Statistical Area)"," ","200","Gross domestic product (GDP) by metropolitan area","53","523","    Securities, commodity contracts, and investments",9276,7596,6409,6857,8580,9698,8780,5396,7793,7650,7203,"(D)",8583,"(NA)"
"41860","San Francisco-Oakland-Hayward, CA (Metropolitan Statistical Area)"," ","200","Gross domestic product (GDP) by metropolitan area","54","524","    Insurance carriers and related activities",4637,4723,5501,5953,6489,6803,6319,5470,6115,5193,5076,"(D)",5227,"(NA)"
"41860","San Francisco-Oakland-Hayward, CA (Metropolitan Statistical Area)"," ","200","Gross domestic product (GDP) by metropolitan area","55","525","    Funds, trusts, and other financial vehicles","(D)","(D)","(D)","(D)","(D)","(D)","(D)","(D)","(D)","(D)","(D)","(D)","(D)","(NA)"
"41860","San Francisco-Oakland-Hayward, CA (Metropolitan Statistical Area)"," ","200","Gross domestic product (GDP) by metropolitan area","56","53","   Real estate and rental and leasing",34211,37981,40049,42216,46134,48485,53189,56140,53166,58619,61588,62085,64898,68431
"41860","San Francisco-Oakland-Hayward, CA (Metropolitan Statistical Area)"," ","200","Gross domestic product (GDP) by metropolitan area","57","531","    Real estate",31094,35526,37830,40074,43701,45966,50937,54000,51054,56456,59334,"(D)",62237,"(NA)"
"41860","San Francisco-Oakland-Hayward, CA (Metropolitan Statistical Area)"," ","200","Gross domestic product (GDP) by metropolitan area","58","532-533","    Rental and leasing services and lessors of intangible assets",3117,2455,2219,2142,2433,2519,2252,2140,2112,2164,2254,"(D)",2661,"(NA)"
"41860","San Francisco-Oakland-Hayward, CA (Metropolitan Statistical Area)"," ","200","Gross domestic product (GDP) by metropolitan area","59","54, 55, 56","  Professional and business services",43758,40854,40624,42530,46363,49964,54378,58907,54790,56710,61952,74937,72165,80680
"41860","San Francisco-Oakland-Hayward, CA (Metropolitan Statistical Area)"," ","200","Gross domestic product (GDP) by metropolitan area","60","54","   Professional, scientific, and technical services",27898,27768,27148,28787,31614,34117,36765,41095,38338,39047,42878,54928,48970,55036
"41860","San Francisco-Oakland-Hayward, CA (Metropolitan Statistical Area)"," ","200","Gross domestic product (GDP) by metropolitan area","64","55","   Management of companies and enterprises",8577,6117,6269,6158,6566,7334,8295,8439,7837,8262,9243,9507,11609,13149
"41860","San Francisco-Oakland-Hayward, CA (Metropolitan Statistical Area)"," ","200","Gross domestic product (GDP) by metropolitan area","65","56","   Administrative and waste management services",7283,6968,7207,7585,8183,8513,9319,9373,8616,9402,9831,10502,11586,12494
"41860","San Francisco-Oakland-Hayward, CA (Metropolitan Statistical Area)"," ","200","Gross domestic product (GDP) by metropolitan area","66","561","    Administrative and support services",6611,6216,6338,6714,7274,7680,8352,8360,7596,8151,8732,"(D)",10440,"(NA)"
"41860","San Francisco-Oakland-Hayward, CA (Metropolitan Statistical Area)"," ","200","Gross domestic product (GDP) by metropolitan area","67","562","    Waste management and remediation services",672,752,869,870,910,832,967,1013,1020,1250,1099,"(D)",1146,"(NA)"
"41860","San Francisco-Oakland-Hayward, CA (Metropolitan Statistical Area)"," ","200","Gross domestic product (GDP) by metropolitan area","68","61, 62","  Educational services, health care, and social assistance",12189,13406,14374,15308,16013,17089,17783,19486,20545,22421,22756,23750,24946,25929
"41860","San Francisco-Oakland-Hayward, CA (Metropolitan Statistical Area)"," ","200","Gross domestic product (GDP) by metropolitan area","69","61","   Educational services",1563,1704,1879,2077,2143,2374,2457,2662,2894,2947,3091,3275,3451,3670
"41860","San Francisco-Oakland-Hayward, CA (Metropolitan Statistical Area)"," ","200","Gross domestic product (GDP) by metropolitan area","70","62","   Health care and social assistance",10626,11702,12496,13231,13870,14715,15325,16824,17652,19474,19664,20475,21495,22259
"41860","San Francisco-Oakland-Hayward, CA (Metropolitan Statistical Area)"," ","200","Gross domestic product (GDP) by metropolitan area","71","621","    Ambulatory health care services",5368,5872,5471,5861,6141,6363,6724,7264,7429,10126,10692,"(D)",11648,"(NA)"
"41860","San Francisco-Oakland-Hayward, CA (Metropolitan Statistical Area)"," ","200","Gross domestic product (GDP) by metropolitan area","72","622-623","    Hospitals and nursing and residential care facilities",4152,4656,5764,6097,6417,6976,7163,7874,8425,7370,6899,7029,7110,"(NA)"
"41860","San Francisco-Oakland-Hayward, CA (Metropolitan Statistical Area)"," ","200","Gross domestic product (GDP) by metropolitan area","73","624","    Social assistance",1106,1174,1261,1273,1313,1376,1439,1686,1798,1978,2074,"(D)",2737,"(NA)"
"41860","San Francisco-Oakland-Hayward, CA (Metropolitan Statistical Area)"," ","200","Gross domestic product (GDP) by metropolitan area","74","71, 72","  Arts, entertainment, recreation, accommodation, and food services",8681,9251,9506,10080,10519,11011,11466,11588,11077,11538,12288,12965,13933,14949
"41860","San Francisco-Oakland-Hayward, CA (Metropolitan Statistical Area)"," ","200","Gross domestic product (GDP) by metropolitan area","75","71","   Arts, entertainment, and recreation",2176,2486,2632,2763,3055,3021,3193,3194,3133,3366,3484,3727,3929,4204
"41860","San Francisco-Oakland-Hayward, CA (Metropolitan Statistical Area)"," ","200","Gross domestic product (GDP) by metropolitan area","76","711-712","    Performing arts, spectator sports, museums, and related activities",1390,1630,1754,1848,1931,2037,2091,2118,2091,2182,2237,"(D)",2514,"(NA)"
"41860","San Francisco-Oakland-Hayward, CA (Metropolitan Statistical Area)"," ","200","Gross domestic product (GDP) by metropolitan area","77","713","    Amusements, gambling, and recreation industries",786,855,878,915,1124,984,1103,1076,1042,1184,1248,"(D)",1415,"(NA)"
"41860","San Francisco-Oakland-Hayward, CA (Metropolitan Statistical Area)"," ","200","Gross domestic product (GDP) by metropolitan area","78","72","   Accommodation and food services",6505,6765,6874,7317,7464,7990,8273,8394,7945,8172,8804,9238,10004,10745
"41860","San Francisco-Oakland-Hayward, CA (Metropolitan Statistical Area)"," ","200","Gross domestic product (GDP) by metropolitan area","79","721","    Accommodation",2018,2041,2069,2218,2288,2459,2587,2687,2292,2303,2604,"(D)",2905,"(NA)"
"41860","San Francisco-Oakland-Hayward, CA (Metropolitan Statistical Area)"," ","200","Gross domestic product (GDP) by metropolitan area","80","722","    Food services and drinking places",4487,4724,4805,5099,5176,5531,5686,5707,5652,5869,6199,"(D)",7099,"(NA)"
"41860","San Francisco-Oakland-Hayward, CA (Metropolitan Statistical Area)"," ","200","Gross domestic product (GDP) by metropolitan area","81","81","  Other services, except government",6138,6367,6150,6295,6185,6308,6525,6597,6493,6573,6859,7123,7575,7893
"41860","San Francisco-Oakland-Hayward, CA (Metropolitan Statistical Area)"," ","200","Gross domestic product (GDP) by metropolitan area","82","92"," Government",24129,25861,27107,28597,29682,31083,32439,33046,33505,34284,35124,35535,36333,37617
"41860","San Francisco-Oakland-Hayward, CA (Metropolitan Statistical Area)"," ","200","Gross domestic product (GDP) by metropolitan area","83","...","  Federal civilian",4543,4698,4732,4918,4991,5030,5028,5122,5158,5485,5329,5294,5170,"(NA)"
"41860","San Francisco-Oakland-Hayward, CA (Metropolitan Statistical Area)"," ","200","Gross domestic product (GDP) by metropolitan area","84","...","  Federal military",446,526,638,667,738,742,740,800,882,898,910,952,975,"(NA)"
"41860","San Francisco-Oakland-Hayward, CA (Metropolitan Statistical Area)"," ","200","Gross domestic product (GDP) by metropolitan area","85","...","  State and local",19140,20637,21737,23012,23954,25311,26671,27124,27465,27901,28884,29289,30188,"(NA)"
"41860","San Francisco-Oakland-Hayward, CA (Metropolitan Statistical Area)"," ","200","Gross domestic product (GDP) by metropolitan area","86","11, 21","Natural resources and mining","(D)",1058,1197,1486,1978,"(D)",3424,"(D)",3228,3041,4121,4475,3931,2939
"41860","San Francisco-Oakland-Hayward, CA (Metropolitan Statistical Area)"," ","200","Gross domestic product (GDP) by metropolitan area","87","42, 44-45","Trade","(D)",28012,28201,28736,29965,"(D)","(D)","(D)",28614,30257,32039,34306,36034,38545
"41860","San Francisco-Oakland-Hayward, CA (Metropolitan Statistical Area)"," ","200","Gross domestic product (GDP) by metropolitan area","88","...","Transportation and utilities",9728,11426,11530,12707,12258,14050,"(D)",12412,12605,14031,14088,13911,15160,15749
"41860","San Francisco-Oakland-Hayward, CA (Metropolitan Statistical Area)"," ","200","Gross domestic product (GDP) by metropolitan area","89","...","Private goods-producing industries",38579,33251,38476,42805,53392,57554,63204,73701,61481,53961,51834,56465,60288,59373
"41860","San Francisco-Oakland-Hayward, CA (Metropolitan Statistical Area)"," ","200","Gross domestic product (GDP) by metropolitan area","90","...","Private services-providing industries",182382,187708,191318,199190,211674,225154,235883,237943,232102,246239,258207,281546,290409,314979
"41860","San Francisco-Oakland-Hayward, CA (Metropolitan Statistical Area)"," ","800","Quantity indexes for real GDP by metropolitan area","1","...","All industry total",88.838,88.469,90.097,92.173,96.453,99.152,101.629,104.226,100.000,99.726,99.500,105.390,107.717,113.266
"41860","San Francisco-Oakland-Hayward, CA (Metropolitan Statistical Area)"," ","800","Quantity indexes for real GDP by metropolitan area","2","..."," Private industries",87.879,87.147,88.865,91.112,95.869,98.788,101.513,104.554,100.000,99.752,99.443,106.038,108.574,114.549
"41860","San Francisco-Oakland-Hayward, CA (Metropolitan Statistical Area)"," ","800","Quantity indexes for real GDP by metropolitan area","3","11","  Agriculture, forestry, fishing, and hunting","(D)","(D)","(D)","(D)","(D)","(D)","(D)","(D)","(D)","(D)","(D)","(D)","(D)","(D)"
"41860","San Francisco-Oakland-Hayward, CA (Metropolitan Statistical Area)"," ","800","Quantity indexes for real GDP by metropolitan area","4","111-112","   Farms",174.255,179.729,180.052,122.896,137.567,156.724,101.578,87.247,100.000,101.198,80.614,61.191,69.354,"(NA)"
"41860","San Francisco-Oakland-Hayward, CA (Metropolitan Statistical Area)"," ","800","Quantity indexes for real GDP by metropolitan area","5","113-115","   Forestry, fishing, and related activities","(D)","(D)","(D)","(D)","(D)","(D)","(D)","(D)","(D)","(D)","(D)","(D)","(D)","(NA)"
"41860","San Francisco-Oakland-Hayward, CA (Metropolitan Statistical Area)"," ","800","Quantity indexes for real GDP by metropolitan area","6","21","  Mining","(D)","(D)","(D)","(D)","(D)","(D)","(D)","(D)","(D)","(D)","(D)","(D)","(D)","(D)"
"41860","San Francisco-Oakland-Hayward, CA (Metropolitan Statistical Area)"," ","800","Quantity indexes for real GDP by metropolitan area","7","211","   Oil and gas extraction","(D)","(D)","(D)","(D)","(D)","(D)","(D)","(D)","(D)","(D)","(D)","(D)","(D)","(NA)"
"41860","San Francisco-Oakland-Hayward, CA (Metropolitan Statistical Area)"," ","800","Quantity indexes for real GDP by metropolitan area","8","212","   Mining, except oil and gas","(D)","(D)","(D)","(D)","(D)","(D)","(D)","(D)","(D)","(D)","(D)","(D)","(D)","(NA)"
"41860","San Francisco-Oakland-Hayward, CA (Metropolitan Statistical Area)"," ","800","Quantity indexes for real GDP by metropolitan area","9","213","   Support activities for mining","(D)","(D)","(D)","(D)","(D)","(D)","(D)","(D)","(D)","(D)","(D)","(D)","(D)","(NA)"
"41860","San Francisco-Oakland-Hayward, CA (Metropolitan Statistical Area)"," ","800","Quantity indexes for real GDP by metropolitan area","10","22","  Utilities","(D)","(D)","(D)","(D)","(D)","(D)","(D)","(D)","(D)","(D)","(D)","(D)","(D)","(D)"
"41860","San Francisco-Oakland-Hayward, CA (Metropolitan Statistical Area)"," ","800","Quantity indexes for real GDP by metropolitan area","11","23","  Construction",146.244,133.483,135.815,142.150,140.565,134.279,133.992,121.404,100.000,91.370,93.049,102.867,108.040,108.366
"41860","San Francisco-Oakland-Hayward, CA (Metropolitan Statistical Area)"," ","800","Quantity indexes for real GDP by metropolitan area","12","31-33","  Manufacturing",57.905,52.673,61.700,66.441,77.543,78.937,84.245,107.854,100.000,78.392,60.123,61.628,68.823,70.731
"41860","San Francisco-Oakland-Hayward, CA (Metropolitan Statistical Area)"," ","800","Quantity indexes for real GDP by metropolitan area","13","...","   Durable goods manufacturing","(D)","(D)","(D)",91.272,96.424,"(D)","(D)",112.053,100.000,102.245,101.749,"(D)",115.881,123.050
"41860","San Francisco-Oakland-Hayward, CA (Metropolitan Statistical Area)"," ","800","Quantity indexes for real GDP by metropolitan area","14","321","    Wood products manufacturing",104.631,109.450,100.774,96.843,108.595,103.883,104.802,99.280,100.000,96.194,"(D)","(D)","(D)","(NA)"
"41860","San Francisco-Oakland-Hayward, CA (Metropolitan Statistical Area)"," ","800","Quantity indexes for real GDP by metropolitan area","15","327","    Nonmetallic mineral products manufacturing",159.628,161.160,165.656,190.472,172.868,165.681,158.030,134.386,100.000,103.342,105.794,"(D)",108.207,"(NA)"
"41860","San Francisco-Oakland-Hayward, CA (Metropolitan Statistical Area)"," ","800","Quantity indexes for real GDP by metropolitan area","16","331","    Primary metals manufacturing","(D)","(D)","(D)","(D)","(D)","(D)","(D)","(D)","(D)","(D)","(D)","(D)","(D)","(NA)"
"41860","San Francisco-Oakland-Hayward, CA (Metropolitan Statistical Area)"," ","800","Quantity indexes for real GDP by metropolitan area","17","332","    Fabricated metal products",189.016,144.831,140.235,146.946,150.220,146.180,156.534,142.869,100.000,118.151,120.217,"(D)",105.659,"(NA)"
"41860","San Francisco-Oakland-Hayward, CA (Metropolitan Statistical Area)"," ","800","Quantity indexes for real GDP by metropolitan area","18","333","    Machinery manufacturing",133.575,98.083,102.340,129.229,127.308,151.771,154.669,145.382,100.000,107.112,133.545,"(D)",129.309,"(NA)"
"41860","San Francisco-Oakland-Hayward, CA (Metropolitan Statistical Area)"," ","800","Quantity indexes for real GDP by metropolitan area","19","334","    Computer and electronic products manufacturing",51.497,51.086,57.709,61.861,70.211,74.749,88.084,103.651,100.000,102.482,104.637,"(D)",132.221,"(NA)"
"41860","San Francisco-Oakland-Hayward, CA (Metropolitan Statistical Area)"," ","800","Quantity indexes for real GDP by metropolitan area","20","335","    Electrical equipment, appliance, and components manufacturing",149.313,136.524,108.866,99.995,"(D)","(D)",119.387,121.693,100.000,"(D)","(D)","(D)","(D)","(NA)"
"41860","San Francisco-Oakland-Hayward, CA (Metropolitan Statistical Area)"," ","800","Quantity indexes for real GDP by metropolitan area","21","3361-3363","    Motor vehicles, bodies and trailers, and parts manufacturing","(D)","(D)","(D)","(D)","(D)","(D)","(D)","(D)","(D)","(D)","(D)","(D)","(D)","(NA)"
"41860","San Francisco-Oakland-Hayward, CA (Metropolitan Statistical Area)"," ","800","Quantity indexes for real GDP by metropolitan area","22","3364-3366, 3369","    Other transportation equipment manufacturing","(D)","(D)","(D)","(D)","(D)","(D)","(D)","(D)","(D)","(D)","(D)","(D)","(D)","(NA)"
"41860","San Francisco-Oakland-Hayward, CA (Metropolitan Statistical Area)"," ","800","Quantity indexes for real GDP by metropolitan area","23","337","    Furniture and related products manufacturing",181.525,168.225,154.676,169.274,183.370,191.038,168.022,151.038,100.000,101.002,97.377,"(D)",99.576,"(NA)"
"41860","San Francisco-Oakland-Hayward, CA (Metropolitan Statistical Area)"," ","800","Quantity indexes for real GDP by metropolitan area","24","339","    Miscellaneous manufacturing",62.800,70.621,89.039,90.270,89.650,99.059,109.949,89.116,100.000,97.908,88.034,"(D)",98.272,"(NA)"
"41860","San Francisco-Oakland-Hayward, CA (Metropolitan Statistical Area)"," ","800","Quantity indexes for real GDP by metropolitan area","25","...","   Nondurable goods manufacturing","(D)","(D)","(D)",59.129,72.783,"(D)","(D)",106.578,100.000,71.714,49.825,"(D)",57.152,57.927
"41860","San Francisco-Oakland-Hayward, CA (Metropolitan Statistical Area)"," ","800","Quantity indexes for real GDP by metropolitan area","26","311-312","    Food and beverage and tobacco products manufacturing","(D)","(D)","(D)",82.984,82.409,"(D)",93.190,91.847,100.000,88.448,92.364,92.665,92.972,"(NA)"
"41860","San Francisco-Oakland-Hayward, CA (Metropolitan Statistical Area)"," ","800","Quantity indexes for real GDP by metropolitan area","27","313-314","    Textile mills and textile product mills","(D)","(D)","(D)","(D)","(D)","(D)","(D)","(D)","(D)","(D)","(D)","(D)","(D)","(NA)"
"41860","San Francisco-Oakland-Hayward, CA (Metropolitan Statistical Area)"," ","800","Quantity indexes for real GDP by metropolitan area","28","315-316","    Apparel and leather and allied products manufacturing","(D)","(D)","(D)","(D)","(D)","(D)","(D)","(D)","(D)","(D)","(D)","(D)","(D)","(NA)"
"41860","San Francisco-Oakland-Hayward, CA (Metropolitan Statistical Area)"," ","800","Quantity indexes for real GDP by metropolitan area","29","322","    Paper products manufacturing","(D)","(D)","(D)","(D)","(D)","(D)","(D)","(D)","(D)","(D)","(D)","(D)","(D)","(NA)"
"41860","San Francisco-Oakland-Hayward, CA (Metropolitan Statistical Area)"," ","800","Quantity indexes for real GDP by metropolitan area","30","323","    Printing and related support activities",146.067,141.094,132.954,128.114,122.152,120.271,131.563,116.281,100.000,109.283,107.002,"(D)",100.963,"(NA)"
"41860","San Francisco-Oakland-Hayward, CA (Metropolitan Statistical Area)"," ","800","Quantity indexes for real GDP by metropolitan area","31","324","    Petroleum and coal products manufacturing","(D)","(D)","(D)","(D)","(D)","(D)","(D)","(D)","(D)","(D)","(D)","(D)","(D)","(NA)"
"41860","San Francisco-Oakland-Hayward, CA (Metropolitan Statistical Area)"," ","800","Quantity indexes for real GDP by metropolitan area","32","325","    Chemical products manufacturing",30.947,25.285,44.115,56.452,65.332,60.596,"(D)",61.552,100.000,70.691,60.946,"(D)",96.699,"(NA)"
"41860","San Francisco-Oakland-Hayward, CA (Metropolitan Statistical Area)"," ","800","Quantity indexes for real GDP by metropolitan area","33","326","    Plastics and rubber products manufacturing","(D)","(D)","(D)","(D)","(D)","(D)","(D)","(D)","(D)","(D)","(D)","(D)","(D)","(NA)"
"41860","San Francisco-Oakland-Hayward, CA (Metropolitan Statistical Area)"," ","800","Quantity indexes for real GDP by metropolitan area","34","42","  Wholesale trade","(D)",110.091,111.318,108.807,112.391,"(D)","(D)","(D)",100.000,104.245,111.668,115.448,119.432,128.893
"41860","San Francisco-Oakland-Hayward, CA (Metropolitan Statistical Area)"," ","800","Quantity indexes for real GDP by metropolitan area","35","44-45","  Retail trade",116.750,118.505,120.543,121.404,122.239,121.621,117.447,107.426,100.000,104.110,104.804,109.483,112.753,116.589
"41860","San Francisco-Oakland-Hayward, CA (Metropolitan Statistical Area)"," ","800","Quantity indexes for real GDP by metropolitan area","36","48-49","  Transportation and warehousing","(D)","(D)","(D)","(D)","(D)","(D)","(D)","(D)","(D)","(D)","(D)","(D)","(D)","(D)"
"41860","San Francisco-Oakland-Hayward, CA (Metropolitan Statistical Area)"," ","800","Quantity indexes for real GDP by metropolitan area","37","481","   Air transportation","(D)","(D)","(D)","(D)","(D)","(D)","(D)","(D)","(D)","(D)","(D)","(D)","(D)","(NA)"
"41860","San Francisco-Oakland-Hayward, CA (Metropolitan Statistical Area)"," ","800","Quantity indexes for real GDP by metropolitan area","38","482","   Rail transportation","(D)","(D)","(D)","(D)","(D)","(D)","(D)","(D)","(D)","(D)","(D)","(D)","(D)","(NA)"
"41860","San Francisco-Oakland-Hayward, CA (Metropolitan Statistical Area)"," ","800","Quantity indexes for real GDP by metropolitan area","39","483","   Water transportation","(D)","(D)","(D)","(D)","(D)","(D)","(D)","(D)","(D)","(D)","(D)","(D)","(D)","(NA)"
"41860","San Francisco-Oakland-Hayward, CA (Metropolitan Statistical Area)"," ","800","Quantity indexes for real GDP by metropolitan area","40","484","   Truck transportation",121.092,124.337,120.319,128.146,134.016,139.184,131.335,116.130,100.000,103.850,113.461,"(D)",114.053,"(NA)"
"41860","San Francisco-Oakland-Hayward, CA (Metropolitan Statistical Area)"," ","800","Quantity indexes for real GDP by metropolitan area","41","485","   Transit and ground passenger transportation",115.266,126.642,127.490,125.261,123.592,126.549,121.006,111.433,100.000,98.344,106.939,"(D)",115.680,"(NA)"
"41860","San Francisco-Oakland-Hayward, CA (Metropolitan Statistical Area)"," ","800","Quantity indexes for real GDP by metropolitan area","42","486","   Pipeline transportation","(D)","(D)","(D)","(D)","(D)","(D)","(D)","(D)","(D)","(D)","(D)","(D)","(D)","(NA)"
"41860","San Francisco-Oakland-Hayward, CA (Metropolitan Statistical Area)"," ","800","Quantity indexes for real GDP by metropolitan area","43","487-488, 492","   Other transportation and support activities","(D)","(D)","(D)","(D)","(D)","(D)","(D)","(D)","(D)","(D)","(D)","(D)","(D)","(NA)"
"41860","San Francisco-Oakland-Hayward, CA (Metropolitan Statistical Area)"," ","800","Quantity indexes for real GDP by metropolitan area","44","493","   Warehousing and storage","(D)","(D)","(D)","(D)","(D)","(D)","(D)","(D)","(D)","(D)","(D)","(D)","(D)","(NA)"
"41860","San Francisco-Oakland-Hayward, CA (Metropolitan Statistical Area)"," ","800","Quantity indexes for real GDP by metropolitan area","45","51","  Information",81.805,85.787,84.692,90.727,92.386,93.616,107.134,103.289,100.000,107.283,110.685,126.658,140.502,163.321
"41860","San Francisco-Oakland-Hayward, CA (Metropolitan Statistical Area)"," ","800","Quantity indexes for real GDP by metropolitan area","46","511","   Publishing industries, except Internet (includes software)","(D)","(D)","(D)","(D)","(D)","(D)",111.153,104.674,100.000,104.327,106.711,"(D)",134.864,"(NA)"
"41860","San Francisco-Oakland-Hayward, CA (Metropolitan Statistical Area)"," ","800","Quantity indexes for real GDP by metropolitan area","47","512","   Motion picture and sound recording industries",56.479,75.166,77.356,72.761,54.169,77.260,81.147,71.344,100.000,123.869,110.499,"(D)",143.340,"(NA)"
"41860","San Francisco-Oakland-Hayward, CA (Metropolitan Statistical Area)"," ","800","Quantity indexes for real GDP by metropolitan area","48","515, 517","   Broadcasting and telecommunications","(D)","(D)","(D)","(D)","(D)","(D)","(D)","(D)","(D)","(D)","(D)","(D)","(D)","(NA)"
"41860","San Francisco-Oakland-Hayward, CA (Metropolitan Statistical Area)"," ","800","Quantity indexes for real GDP by metropolitan area","49","518, 519","   Data processing, internet publishing, and other information services","(D)","(D)","(D)","(D)","(D)","(D)","(D)","(D)","(D)","(D)","(D)","(D)","(D)","(NA)"
"41860","San Francisco-Oakland-Hayward, CA (Metropolitan Statistical Area)"," ","800","Quantity indexes for real GDP by metropolitan area","50","52, 53","  Finance, insurance, real estate, rental, and leasing",83.460,86.761,88.652,88.634,95.747,100.115,101.976,97.954,100.000,106.075,108.371,109.297,110.479,114.326
"41860","San Francisco-Oakland-Hayward, CA (Metropolitan Statistical Area)"," ","800","Quantity indexes for real GDP by metropolitan area","51","52","   Finance and insurance",95.467,94.540,95.079,89.546,98.537,107.204,98.513,78.492,100.000,95.668,93.088,98.632,97.329,102.624
"41860","San Francisco-Oakland-Hayward, CA (Metropolitan Statistical Area)"," ","800","Quantity indexes for real GDP by metropolitan area","52","521-522","    Federal Reserve banks, credit intermediation, and related services","(D)","(D)","(D)","(D)","(D)","(D)","(D)","(D)","(D)","(D)","(D)","(D)","(D)","(NA)"
"41860","San Francisco-Oakland-Hayward, CA (Metropolitan Statistical Area)"," ","800","Quantity indexes for real GDP by metropolitan area","53","523","    Securities, commodity contracts, and investments",144.928,118.881,98.784,99.645,119.279,132.710,110.495,63.262,100.000,94.570,84.504,"(D)",101.312,"(NA)"
"41860","San Francisco-Oakland-Hayward, CA (Metropolitan Statistical Area)"," ","800","Quantity indexes for real GDP by metropolitan area","54","524","    Insurance carriers and related activities",86.253,85.960,95.595,100.015,106.602,111.994,104.143,91.774,100.000,83.626,79.655,"(D)",78.772,"(NA)"
"41860","San Francisco-Oakland-Hayward, CA (Metropolitan Statistical Area)"," ","800","Quantity indexes for real GDP by metropolitan area","55","525","    Funds, trusts, and other financial vehicles","(D)","(D)","(D)","(D)","(D)","(D)","(D)","(D)","(D)","(D)","(D)","(D)","(D)","(NA)"
"41860","San Francisco-Oakland-Hayward, CA (Metropolitan Statistical Area)"," ","800","Quantity indexes for real GDP by metropolitan area","56","53","   Real estate and rental and leasing",76.933,82.366,84.928,87.708,93.824,95.984,103.177,107.310,100.000,110.916,115.550,114.213,116.621,119.738
"41860","San Francisco-Oakland-Hayward, CA (Metropolitan Statistical Area)"," ","800","Quantity indexes for real GDP by metropolitan area","57","531","    Real estate",72.806,79.999,83.364,86.537,92.403,94.600,102.728,107.389,100.000,111.251,115.937,"(D)",116.370,"(NA)"
"41860","San Francisco-Oakland-Hayward, CA (Metropolitan Statistical Area)"," ","800","Quantity indexes for real GDP by metropolitan area","58","532-533","    Rental and leasing services and lessors of intangible assets",181.473,142.377,124.374,117.153,129.589,130.802,114.422,105.375,100.000,102.816,106.226,"(D)",122.732,"(NA)"
"41860","San Francisco-Oakland-Hayward, CA (Metropolitan Statistical Area)"," ","800","Quantity indexes for real GDP by metropolitan area","59","54, 55, 56","  Professional and business services",98.744,91.109,89.064,89.334,94.292,97.864,101.780,108.968,100.000,102.779,111.218,133.041,126.424,140.371
"41860","San Francisco-Oakland-Hayward, CA (Metropolitan Statistical Area)"," ","800","Quantity indexes for real GDP by metropolitan area","60","54","   Professional, scientific, and technical services",86.844,85.660,82.071,85.043,90.188,94.184,98.034,108.321,100.000,100.843,109.417,138.481,121.726,135.177
"41860","San Francisco-Oakland-Hayward, CA (Metropolitan Statistical Area)"," ","800","Quantity indexes for real GDP by metropolitan area","64","55","   Management of companies and enterprises",176.103,123.254,122.962,104.216,105.488,109.330,110.676,111.180,100.000,104.575,116.529,118.938,143.971,167.336
"41860","San Francisco-Oakland-Hayward, CA (Metropolitan Statistical Area)"," ","800","Quantity indexes for real GDP by metropolitan area","65","56","   Administrative and waste management services",95.759,90.242,93.685,95.745,102.663,104.115,110.507,109.857,100.000,109.826,114.399,121.006,131.644,139.283
"41860","San Francisco-Oakland-Hayward, CA (Metropolitan Statistical Area)"," ","800","Quantity indexes for real GDP by metropolitan area","66","561","    Administrative and support services",97.939,90.923,93.513,96.015,103.236,106.110,111.934,110.987,100.000,108.525,115.999,"(D)",135.664,"(NA)"
"41860","San Francisco-Oakland-Hayward, CA (Metropolitan Statistical Area)"," ","800","Quantity indexes for real GDP by metropolitan area","67","562","    Waste management and remediation services",78.950,85.161,95.062,93.826,98.452,88.983,99.777,101.387,100.000,119.329,103.252,"(D)",103.513,"(NA)"
"41860","San Francisco-Oakland-Hayward, CA (Metropolitan Statistical Area)"," ","800","Quantity indexes for real GDP by metropolitan area","68","61, 62","  Educational services, health care, and social assistance",76.645,81.364,84.490,87.195,88.408,91.789,91.769,98.376,100.000,106.684,106.684,109.048,112.812,115.550
"41860","San Francisco-Oakland-Hayward, CA (Metropolitan Statistical Area)"," ","800","Quantity indexes for real GDP by metropolitan area","69","61","   Educational services",75.931,78.118,83.401,88.295,87.568,92.522,91.656,95.847,100.000,99.151,101.161,103.472,105.536,108.799
"41860","San Francisco-Oakland-Hayward, CA (Metropolitan Statistical Area)"," ","800","Quantity indexes for real GDP by metropolitan area","70","62","   Health care and social assistance",76.762,81.863,84.660,87.029,88.543,91.676,91.791,98.789,100.000,107.921,107.589,109.961,114.015,116.660
"41860","San Francisco-Oakland-Hayward, CA (Metropolitan Statistical Area)"," ","800","Quantity indexes for real GDP by metropolitan area","71","621","    Ambulatory health care services",86.901,93.789,85.429,89.437,91.542,93.857,94.870,101.120,100.000,133.009,139.029,"(D)",148.538,"(NA)"
"41860","San Francisco-Oakland-Hayward, CA (Metropolitan Statistical Area)"," ","800","Quantity indexes for real GDP by metropolitan area","72","622-623","    Hospitals and nursing and residential care facilities",66.750,71.078,84.276,85.822,87.247,91.560,90.717,97.224,100.000,85.842,79.312,78.856,78.262,"(NA)"
"41860","San Francisco-Oakland-Hayward, CA (Metropolitan Statistical Area)"," ","800","Quantity indexes for real GDP by metropolitan area","73","624","    Social assistance",79.167,80.080,83.578,82.753,82.189,83.281,84.111,96.482,100.000,107.429,109.748,"(D)",138.050,"(NA)"
"41860","San Francisco-Oakland-Hayward, CA (Metropolitan Statistical Area)"," ","800","Quantity indexes for real GDP by metropolitan area","74","71, 72","  Arts, entertainment, recreation, accommodation, and food services",101.768,104.798,106.059,109.997,110.329,111.454,111.348,109.100,100.000,104.229,111.073,112.967,118.589,123.697
"41860","San Francisco-Oakland-Hayward, CA (Metropolitan Statistical Area)"," ","800","Quantity indexes for real GDP by metropolitan area","75","71","   Arts, entertainment, and recreation",88.807,98.870,101.463,103.568,110.406,105.491,107.099,104.589,100.000,107.575,111.184,115.604,120.187,125.658
"41860","San Francisco-Oakland-Hayward, CA (Metropolitan Statistical Area)"," ","800","Quantity indexes for real GDP by metropolitan area","76","711-712","    Performing arts, spectator sports, museums, and related activities",88.366,100.910,104.891,106.381,105.841,107.614,105.719,103.849,100.000,103.738,105.987,"(D)",114.736,"(NA)"
"41860","San Francisco-Oakland-Hayward, CA (Metropolitan Statistical Area)"," ","800","Quantity indexes for real GDP by metropolitan area","77","713","    Amusements, gambling, and recreation industries",89.494,95.092,95.180,98.415,119.301,101.385,109.859,106.074,100.000,115.355,121.757,"(D)",131.269,"(NA)"
"41860","San Francisco-Oakland-Hayward, CA (Metropolitan Statistical Area)"," ","800","Quantity indexes for real GDP by metropolitan area","78","72","   Accommodation and food services",106.966,107.178,107.904,112.590,110.254,113.846,113.042,110.900,100.000,102.910,111.031,111.933,117.957,122.925
"41860","San Francisco-Oakland-Hayward, CA (Metropolitan Statistical Area)"," ","800","Quantity indexes for real GDP by metropolitan area","79","721","    Accommodation",105.800,105.867,107.201,112.848,109.706,113.294,113.332,114.894,100.000,101.369,113.005,"(D)",119.341,"(NA)"
"41860","San Francisco-Oakland-Hayward, CA (Metropolitan Statistical Area)"," ","800","Quantity indexes for real GDP by metropolitan area","80","722","    Food services and drinking places",107.571,107.848,108.308,112.582,110.599,114.195,113.010,109.197,100.000,103.531,110.227,"(D)",117.404,"(NA)"
"41860","San Francisco-Oakland-Hayward, CA (Metropolitan Statistical Area)"," ","800","Quantity indexes for real GDP by metropolitan area","81","81","  Other services, except government",128.932,128.030,120.241,119.298,112.632,110.392,109.721,106.691,100.000,98.642,100.577,101.488,104.664,106.367
"41860","San Francisco-Oakland-Hayward, CA (Metropolitan Statistical Area)"," ","800","Quantity indexes for real GDP by metropolitan area","82","92"," Government",97.834,101.120,101.865,102.281,102.042,102.648,102.795,101.299,100.000,99.499,100.010,99.618,100.080,101.847
"41860","San Francisco-Oakland-Hayward, CA (Metropolitan Statistical Area)"," ","800","Quantity indexes for real GDP by metropolitan area","83","...","  Federal civilian",119.697,116.830,111.850,110.783,107.760,105.389,101.569,101.186,100.000,102.493,97.248,96.550,92.184,"(NA)"
"41860","San Francisco-Oakland-Hayward, CA (Metropolitan Statistical Area)"," ","800","Quantity indexes for real GDP by metropolitan area","84","...","  Federal military",72.256,80.301,89.268,89.725,92.918,89.040,85.137,89.743,100.000,99.195,98.921,102.084,104.376,"(NA)"
"41860","San Francisco-Oakland-Hayward, CA (Metropolitan Statistical Area)"," ","800","Quantity indexes for real GDP by metropolitan area","85","...","  State and local",94.437,98.743,100.332,101.037,101.228,102.564,103.612,101.699,100.000,98.943,100.575,100.127,101.439,"(NA)"
"41860","San Francisco-Oakland-Hayward, CA (Metropolitan Statistical Area)"," ","800","Quantity indexes for real GDP by metropolitan area","86","11, 21","Natural resources and mining","(D)",54.685,46.344,47.508,49.876,"(D)",75.016,"(D)",100.000,72.882,84.755,102.930,85.676,65.503
"41860","San Francisco-Oakland-Hayward, CA (Metropolitan Statistical Area)"," ","800","Quantity indexes for real GDP by metropolitan area","87","42, 44-45","Trade","(D)",114.879,116.563,115.945,117.992,"(D)","(D)","(D)",100.000,104.172,107.979,112.242,115.843,122.283
"41860","San Francisco-Oakland-Hayward, CA (Metropolitan Statistical Area)"," ","800","Quantity indexes for real GDP by metropolitan area","88","...","Transportation and utilities",92.185,107.042,104.585,115.841,110.249,121.413,"(D)",104.607,100.000,110.339,109.044,105.965,112.016,110.645
"41860","San Francisco-Oakland-Hayward, CA (Metropolitan Statistical Area)"," ","800","Quantity indexes for real GDP by metropolitan area","89","...","Private goods-producing industries",72.276,64.826,72.190,77.007,85.737,86.703,91.610,106.944,100.000,80.259,66.730,70.388,75.979,76.379
"41860","San Francisco-Oakland-Hayward, CA (Metropolitan Statistical Area)"," ","800","Quantity indexes for real GDP by metropolitan area","90","...","Private services-providing industries",92.459,93.489,93.759,95.342,99.006,102.509,104.573,103.869,100.000,105.158,108.985,116.466,117.976,125.664
"41860","San Francisco-Oakland-Hayward, CA (Metropolitan Statistical Area)"," ","900","Real GDP by metropolitan area","1","...","All industry total",290578,289373,294698,301487,315488,324313,332416,340912,327088,326191,325452,344717,352329,370478
"41860","San Francisco-Oakland-Hayward, CA (Metropolitan Statistical Area)"," ","900","Real GDP by metropolitan area","2","..."," Private industries",257997,255848,260891,267490,281454,290024,298026,306952,293583,292853,291946,311308,318755,336295
"41860","San Francisco-Oakland-Hayward, CA (Metropolitan Statistical Area)"," ","900","Real GDP by metropolitan area","3","11","  Agriculture, forestry, fishing, and hunting","(D)","(D)","(D)","(D)","(D)","(D)",268,"(D)","(D)","(D)",224,"(D)","(D)","(D)"
"41860","San Francisco-Oakland-Hayward, CA (Metropolitan Statistical Area)"," ","900","Real GDP by metropolitan area","4","111-112","   Farms",344,355,356,243,272,310,201,172,198,200,159,121,137,"(NA)"
"41860","San Francisco-Oakland-Hayward, CA (Metropolitan Statistical Area)"," ","900","Real GDP by metropolitan area","5","113-115","   Forestry, fishing, and related activities","(D)","(D)","(D)","(D)","(D)","(D)",66,"(D)","(D)","(D)",67,"(D)","(D)","(NA)"
"41860","San Francisco-Oakland-Hayward, CA (Metropolitan Statistical Area)"," ","900","Real GDP by metropolitan area","6","21","  Mining","(D)","(D)","(D)","(D)","(D)","(D)",2166,"(D)","(D)","(D)",2510,"(D)","(D)","(D)"
"41860","San Francisco-Oakland-Hayward, CA (Metropolitan Statistical Area)"," ","900","Real GDP by metropolitan area","7","211","   Oil and gas extraction","(D)","(D)","(D)","(D)","(D)","(D)","(D)","(D)","(D)","(D)","(D)","(D)","(D)","(NA)"
"41860","San Francisco-Oakland-Hayward, CA (Metropolitan Statistical Area)"," ","900","Real GDP by metropolitan area","8","212","   Mining, except oil and gas","(D)","(D)","(D)","(D)","(D)","(D)","(D)","(D)","(D)","(D)","(D)","(D)","(D)","(NA)"
"41860","San Francisco-Oakland-Hayward, CA (Metropolitan Statistical Area)"," ","900","Real GDP by metropolitan area","9","213","   Support activities for mining","(D)","(D)","(D)","(D)","(D)","(D)","(D)","(D)","(D)","(D)","(D)","(D)","(D)","(NA)"
"41860","San Francisco-Oakland-Hayward, CA (Metropolitan Statistical Area)"," ","900","Real GDP by metropolitan area","10","22","  Utilities","(D)","(D)","(D)","(D)","(D)","(D)","(D)","(D)","(D)","(D)","(D)",4974,5560,"(D)"
"41860","San Francisco-Oakland-Hayward, CA (Metropolitan Statistical Area)"," ","900","Real GDP by metropolitan area","11","23","  Construction",16024,14626,14881,15575,15402,14713,14681,13302,10957,10011,10195,11271,11838,11874
"41860","San Francisco-Oakland-Hayward, CA (Metropolitan Statistical Area)"," ","900","Real GDP by metropolitan area","12","31-33","  Manufacturing",27387,24912,29182,31424,36675,37334,39844,51011,47296,37076,28436,29147,32551,33453
"41860","San Francisco-Oakland-Hayward, CA (Metropolitan Statistical Area)"," ","900","Real GDP by metropolitan area","13","...","   Durable goods manufacturing","(D)","(D)","(D)",10071,10640,"(D)","(D)",12364,11034,11282,11227,"(D)",12787,13578
"41860","San Francisco-Oakland-Hayward, CA (Metropolitan Statistical Area)"," ","900","Real GDP by metropolitan area","14","321","    Wood products manufacturing",71,74,68,65,73,70,71,67,67,65,"(D)","(D)","(D)","(NA)"
"41860","San Francisco-Oakland-Hayward, CA (Metropolitan Statistical Area)"," ","900","Real GDP by metropolitan area","15","327","    Nonmetallic mineral products manufacturing",517,522,537,617,560,537,512,435,324,335,343,"(D)",350,"(NA)"
"41860","San Francisco-Oakland-Hayward, CA (Metropolitan Statistical Area)"," ","900","Real GDP by metropolitan area","16","331","    Primary metals manufacturing","(D)","(D)","(D)","(D)","(D)","(D)","(D)","(D)","(D)","(D)","(D)","(D)",397,"(NA)"
"41860","San Francisco-Oakland-Hayward, CA (Metropolitan Statistical Area)"," ","900","Real GDP by metropolitan area","17","332","    Fabricated metal products",1444,1107,1072,1123,1148,1117,1196,1092,764,903,919,"(D)",807,"(NA)"
"41860","San Francisco-Oakland-Hayward, CA (Metropolitan Statistical Area)"," ","900","Real GDP by metropolitan area","18","333","    Machinery manufacturing",1266,929,970,1225,1206,1438,1466,1378,948,1015,1265,"(D)",1225,"(NA)"
"41860","San Francisco-Oakland-Hayward, CA (Metropolitan Statistical Area)"," ","900","Real GDP by metropolitan area","19","334","    Computer and electronic products manufacturing",2693,2672,3018,3235,3672,3909,4607,5421,5230,5360,5473,"(D)",6915,"(NA)"
"41860","San Francisco-Oakland-Hayward, CA (Metropolitan Statistical Area)"," ","900","Real GDP by metropolitan area","20","335","    Electrical equipment, appliance, and components manufacturing",435,398,317,291,"(D)","(D)",348,355,291,"(D)","(D)","(D)","(D)","(NA)"
"41860","San Francisco-Oakland-Hayward, CA (Metropolitan Statistical Area)"," ","900","Real GDP by metropolitan area","21","3361-3363","    Motor vehicles, bodies and trailers, and parts manufacturing","(D)","(D)","(D)","(D)","(D)","(D)","(D)","(D)","(D)","(D)","(D)","(D)","(D)","(NA)"
"41860","San Francisco-Oakland-Hayward, CA (Metropolitan Statistical Area)"," ","900","Real GDP by metropolitan area","22","3364-3366, 3369","    Other transportation equipment manufacturing","(D)","(D)","(D)","(D)","(D)","(D)","(D)","(D)","(D)","(D)","(D)",141,"(D)","(NA)"
"41860","San Francisco-Oakland-Hayward, CA (Metropolitan Statistical Area)"," ","900","Real GDP by metropolitan area","23","337","    Furniture and related products manufacturing",370,343,315,345,374,389,342,308,204,206,198,"(D)",203,"(NA)"
"41860","San Francisco-Oakland-Hayward, CA (Metropolitan Statistical Area)"," ","900","Real GDP by metropolitan area","24","339","    Miscellaneous manufacturing",1159,1303,1643,1666,1654,1828,2029,1645,1845,1807,1625,"(D)",1814,"(NA)"
"41860","San Francisco-Oakland-Hayward, CA (Metropolitan Statistical Area)"," ","900","Real GDP by metropolitan area","25","...","   Nondurable goods manufacturing","(D)","(D)","(D)",21441,26392,"(D)","(D)",38647,36262,26005,18067,"(D)",20724,21005
"41860","San Francisco-Oakland-Hayward, CA (Metropolitan Statistical Area)"," ","900","Real GDP by metropolitan area","26","311-312","    Food and beverage and tobacco products manufacturing","(D)","(D)","(D)",1970,1956,"(D)",2212,2180,2374,2099,2192,2200,2207,"(NA)"
"41860","San Francisco-Oakland-Hayward, CA (Metropolitan Statistical Area)"," ","900","Real GDP by metropolitan area","27","313-314","    Textile mills and textile product mills","(D)","(D)","(D)","(D)","(D)","(D)","(D)","(D)","(D)","(D)","(D)",36,42,"(NA)"
"41860","San Francisco-Oakland-Hayward, CA (Metropolitan Statistical Area)"," ","900","Real GDP by metropolitan area","28","315-316","    Apparel and leather and allied products manufacturing","(D)","(D)","(D)","(D)","(D)","(D)","(D)","(D)","(D)","(D)","(D)","(D)",155,"(NA)"
"41860","San Francisco-Oakland-Hayward, CA (Metropolitan Statistical Area)"," ","900","Real GDP by metropolitan area","29","322","    Paper products manufacturing",318,"(D)","(D)","(D)","(D)","(D)","(D)","(D)","(D)","(D)","(D)","(D)",188,"(NA)"
"41860","San Francisco-Oakland-Hayward, CA (Metropolitan Statistical Area)"," ","900","Real GDP by metropolitan area","30","323","    Printing and related support activities",661,638,602,580,553,544,595,526,452,494,484,"(D)",457,"(NA)"
"41860","San Francisco-Oakland-Hayward, CA (Metropolitan Statistical Area)"," ","900","Real GDP by metropolitan area","31","324","    Petroleum and coal products manufacturing","(D)","(D)","(D)","(D)","(D)","(D)","(D)","(D)","(D)","(D)","(D)","(D)",6136,"(NA)"
"41860","San Francisco-Oakland-Hayward, CA (Metropolitan Statistical Area)"," ","900","Real GDP by metropolitan area","32","325","    Chemical products manufacturing",4476,3657,6381,8165,9450,8765,"(D)",8903,14464,10225,8815,"(D)",13987,"(NA)"
"41860","San Francisco-Oakland-Hayward, CA (Metropolitan Statistical Area)"," ","900","Real GDP by metropolitan area","33","326","    Plastics and rubber products manufacturing",380,387,391,"(D)","(D)","(D)","(D)","(D)","(D)",304,267,"(D)",226,"(NA)"
"41860","San Francisco-Oakland-Hayward, CA (Metropolitan Statistical Area)"," ","900","Real GDP by metropolitan area","34","42","  Wholesale trade","(D)",14438,14599,14270,14740,"(D)","(D)","(D)",13115,13671,14645,15140,15663,16904
"41860","San Francisco-Oakland-Hayward, CA (Metropolitan Statistical Area)"," ","900","Real GDP by metropolitan area","35","44-45","  Retail trade",18096,18368,18684,18817,18947,18851,18204,16651,15500,16137,16244,16970,17476,18071
"41860","San Francisco-Oakland-Hayward, CA (Metropolitan Statistical Area)"," ","900","Real GDP by metropolitan area","36","48-49","  Transportation and warehousing","(D)","(D)","(D)","(D)","(D)","(D)","(D)","(D)","(D)","(D)","(D)",8369,8585,"(D)"
"41860","San Francisco-Oakland-Hayward, CA (Metropolitan Statistical Area)"," ","900","Real GDP by metropolitan area","37","481","   Air transportation","(D)","(D)",2402,"(D)","(D)","(D)",3386,"(D)","(D)","(D)",3198,"(D)","(D)","(NA)"
"41860","San Francisco-Oakland-Hayward, CA (Metropolitan Statistical Area)"," ","900","Real GDP by metropolitan area","38","482","   Rail transportation",148,120,127,"(D)","(D)","(D)","(D)","(D)","(D)","(D)",103,120,117,"(NA)"
"41860","San Francisco-Oakland-Hayward, CA (Metropolitan Statistical Area)"," ","900","Real GDP by metropolitan area","39","483","   Water transportation","(D)","(D)","(D)","(D)","(D)","(D)","(D)","(D)","(D)","(D)","(D)","(D)","(D)","(NA)"
"41860","San Francisco-Oakland-Hayward, CA (Metropolitan Statistical Area)"," ","900","Real GDP by metropolitan area","40","484","   Truck transportation",1127,1157,1120,1193,1247,1296,1223,1081,931,967,1056,"(D)",1062,"(NA)"
"41860","San Francisco-Oakland-Hayward, CA (Metropolitan Statistical Area)"," ","900","Real GDP by metropolitan area","41","485","   Transit and ground passenger transportation",598,657,662,650,641,657,628,578,519,510,555,"(D)",600,"(NA)"
"41860","San Francisco-Oakland-Hayward, CA (Metropolitan Statistical Area)"," ","900","Real GDP by metropolitan area","42","486","   Pipeline transportation","(D)","(D)","(D)","(D)","(D)","(D)","(D)","(D)","(D)","(D)","(D)","(D)",318,"(NA)"
"41860","San Francisco-Oakland-Hayward, CA (Metropolitan Statistical Area)"," ","900","Real GDP by metropolitan area","43","487-488, 492","   Other transportation and support activities","(D)","(D)","(D)","(D)","(D)","(D)","(D)","(D)","(D)","(D)","(D)",2076,2072,"(NA)"
"41860","San Francisco-Oakland-Hayward, CA (Metropolitan Statistical Area)"," ","900","Real GDP by metropolitan area","44","493","   Warehousing and storage",411,344,"(D)",357,376,409,462,"(D)","(D)",420,413,"(D)",454,"(NA)"
"41860","San Francisco-Oakland-Hayward, CA (Metropolitan Statistical Area)"," ","900","Real GDP by metropolitan area","45","51","  Information",16897,17719,17493,18740,19083,19337,22129,21335,20655,22160,22862,26162,29021,33734
"41860","San Francisco-Oakland-Hayward, CA (Metropolitan Statistical Area)"," ","900","Real GDP by metropolitan area","46","511","   Publishing industries, except Internet (includes software)","(D)","(D)","(D)","(D)","(D)","(D)",8131,7657,7316,7632,7806,"(D)",9866,"(NA)"
"41860","San Francisco-Oakland-Hayward, CA (Metropolitan Statistical Area)"," ","900","Real GDP by metropolitan area","47","512","   Motion picture and sound recording industries",1753,2333,2401,2259,1682,2398,2519,2215,3104,3845,3430,"(D)",4450,"(NA)"
"41860","San Francisco-Oakland-Hayward, CA (Metropolitan Statistical Area)"," ","900","Real GDP by metropolitan area","48","515, 517","   Broadcasting and telecommunications","(D)",5742,"(D)","(D)","(D)","(D)","(D)","(D)","(D)","(D)","(D)","(D)","(D)","(NA)"
"41860","San Francisco-Oakland-Hayward, CA (Metropolitan Statistical Area)"," ","900","Real GDP by metropolitan area","49","518, 519","   Data processing, internet publishing, and other information services","(D)","(D)","(D)",2468,2534,2787,"(D)","(D)","(D)","(D)","(D)","(D)","(D)","(NA)"
"41860","San Francisco-Oakland-Hayward, CA (Metropolitan Statistical Area)"," ","900","Real GDP by metropolitan area","50","52, 53","  Finance, insurance, real estate, rental, and leasing",64532,67085,68547,68533,74033,77410,78849,75739,77321,82019,83794,84510,85424,88399
"41860","San Francisco-Oakland-Hayward, CA (Metropolitan Statistical Area)"," ","900","Real GDP by metropolitan area","51","52","   Finance and insurance",23060,22836,22967,21630,23802,25895,23796,18960,24155,23109,22486,23825,23510,24789
"41860","San Francisco-Oakland-Hayward, CA (Metropolitan Statistical Area)"," ","900","Real GDP by metropolitan area","52","521-522","    Federal Reserve banks, credit intermediation, and related services","(D)","(D)","(D)","(D)","(D)","(D)","(D)","(D)","(D)","(D)","(D)","(D)","(D)","(NA)"
"41860","San Francisco-Oakland-Hayward, CA (Metropolitan Statistical Area)"," ","900","Real GDP by metropolitan area","53","523","    Securities, commodity contracts, and investments",11294,9264,7698,7765,9295,10342,8611,4930,7793,7370,6585,"(D)",7895,"(NA)"
"41860","San Francisco-Oakland-Hayward, CA (Metropolitan Statistical Area)"," ","900","Real GDP by metropolitan area","54","524","    Insurance carriers and related activities",5275,5257,5846,6116,6519,6849,6369,5612,6115,5114,4871,"(D)",4817,"(NA)"
"41860","San Francisco-Oakland-Hayward, CA (Metropolitan Statistical Area)"," ","900","Real GDP by metropolitan area","55","525","    Funds, trusts, and other financial vehicles","(D)","(D)","(D)","(D)","(D)","(D)","(D)","(D)","(D)","(D)","(D)","(D)","(D)","(NA)"
"41860","San Francisco-Oakland-Hayward, CA (Metropolitan Statistical Area)"," ","900","Real GDP by metropolitan area","56","53","   Real estate and rental and leasing",40902,43791,45153,46631,49883,51031,54855,57052,53166,58970,61434,60723,62003,63660
"41860","San Francisco-Oakland-Hayward, CA (Metropolitan Statistical Area)"," ","900","Real GDP by metropolitan area","57","531","    Real estate",37170,40842,42561,44181,47175,48297,52447,54826,51054,56798,59190,"(D)",59411,"(NA)"
"41860","San Francisco-Oakland-Hayward, CA (Metropolitan Statistical Area)"," ","900","Real GDP by metropolitan area","58","532-533","    Rental and leasing services and lessors of intangible assets",3833,3008,2627,2475,2737,2763,2417,2226,2112,2172,2244,"(D)",2593,"(NA)"
"41860","San Francisco-Oakland-Hayward, CA (Metropolitan Statistical Area)"," ","900","Real GDP by metropolitan area","59","54, 55, 56","  Professional and business services",54102,49919,48799,48946,51663,53620,55766,59704,54790,56313,60937,72894,69268,76910
"41860","San Francisco-Oakland-Hayward, CA (Metropolitan Statistical Area)"," ","900","Real GDP by metropolitan area","60","54","   Professional, scientific, and technical services",33294,32840,31464,32603,34576,36108,37584,41528,38338,38661,41948,53091,46667,51824
"41860","San Francisco-Oakland-Hayward, CA (Metropolitan Statistical Area)"," ","900","Real GDP by metropolitan area","64","55","   Management of companies and enterprises",13800,9659,9636,8167,8267,8568,8673,8713,7837,8195,9132,9321,11282,13113
"41860","San Francisco-Oakland-Hayward, CA (Metropolitan Statistical Area)"," ","900","Real GDP by metropolitan area","65","56","   Administrative and waste management services",8251,7775,8072,8249,8845,8971,9521,9465,8616,9463,9857,10426,11342,12001
"41860","San Francisco-Oakland-Hayward, CA (Metropolitan Statistical Area)"," ","900","Real GDP by metropolitan area","66","561","    Administrative and support services",7440,6907,7103,7293,7842,8060,8503,8431,7596,8244,8811,"(D)",10305,"(NA)"
"41860","San Francisco-Oakland-Hayward, CA (Metropolitan Statistical Area)"," ","900","Real GDP by metropolitan area","67","562","    Waste management and remediation services",805,869,970,957,1004,908,1018,1034,1020,1217,1053,"(D)",1056,"(NA)"
"41860","San Francisco-Oakland-Hayward, CA (Metropolitan Statistical Area)"," ","900","Real GDP by metropolitan area","68","61, 62","  Educational services, health care, and social assistance",15747,16716,17358,17914,18164,18858,18854,20211,20545,21918,21918,22404,23177,23740
"41860","San Francisco-Oakland-Hayward, CA (Metropolitan Statistical Area)"," ","900","Real GDP by metropolitan area","69","61","   Educational services",2197,2260,2413,2555,2534,2677,2652,2773,2894,2869,2927,2994,3054,3148
"41860","San Francisco-Oakland-Hayward, CA (Metropolitan Statistical Area)"," ","900","Real GDP by metropolitan area","70","62","   Health care and social assistance",13550,14450,14944,15362,15629,16182,16203,17438,17652,19050,18991,19410,20125,20592
"41860","San Francisco-Oakland-Hayward, CA (Metropolitan Statistical Area)"," ","900","Real GDP by metropolitan area","71","621","    Ambulatory health care services",6456,6968,6347,6644,6801,6973,7048,7512,7429,9881,10329,"(D)",11035,"(NA)"
"41860","San Francisco-Oakland-Hayward, CA (Metropolitan Statistical Area)"," ","900","Real GDP by metropolitan area","72","622-623","    Hospitals and nursing and residential care facilities",5623,5988,7100,7230,7350,7714,7643,8191,8425,7232,6682,6643,6593,"(NA)"
"41860","San Francisco-Oakland-Hayward, CA (Metropolitan Statistical Area)"," ","900","Real GDP by metropolitan area","73","624","    Social assistance",1423,1440,1503,1488,1478,1497,1512,1735,1798,1931,1973,"(D)",2482,"(NA)"
"41860","San Francisco-Oakland-Hayward, CA (Metropolitan Statistical Area)"," ","900","Real GDP by metropolitan area","74","71, 72","  Arts, entertainment, recreation, accommodation, and food services",11273,11608,11748,12184,12221,12346,12334,12085,11077,11545,12304,12513,13136,13702
"41860","San Francisco-Oakland-Hayward, CA (Metropolitan Statistical Area)"," ","900","Real GDP by metropolitan area","75","71","   Arts, entertainment, and recreation",2782,3097,3178,3244,3458,3304,3355,3276,3133,3370,3483,3621,3765,3936
"41860","San Francisco-Oakland-Hayward, CA (Metropolitan Statistical Area)"," ","900","Real GDP by metropolitan area","76","711-712","    Performing arts, spectator sports, museums, and related activities",1847,2110,2193,2224,2213,2250,2210,2171,2091,2169,2216,"(D)",2399,"(NA)"
"41860","San Francisco-Oakland-Hayward, CA (Metropolitan Statistical Area)"," ","900","Real GDP by metropolitan area","77","713","    Amusements, gambling, and recreation industries",932,991,992,1025,1243,1056,1145,1105,1042,1202,1268,"(D)",1368,"(NA)"
"41860","San Francisco-Oakland-Hayward, CA (Metropolitan Statistical Area)"," ","900","Real GDP by metropolitan area","78","72","   Accommodation and food services",8498,8515,8572,8945,8759,9044,8981,8810,7945,8176,8821,8892,9371,9766
"41860","San Francisco-Oakland-Hayward, CA (Metropolitan Statistical Area)"," ","900","Real GDP by metropolitan area","79","721","    Accommodation",2425,2427,2458,2587,2515,2597,2598,2634,2292,2324,2591,"(D)",2736,"(NA)"
"41860","San Francisco-Oakland-Hayward, CA (Metropolitan Statistical Area)"," ","900","Real GDP by metropolitan area","80","722","    Food services and drinking places",6080,6096,6122,6363,6251,6454,6387,6172,5652,5852,6230,"(D)",6636,"(NA)"
"41860","San Francisco-Oakland-Hayward, CA (Metropolitan Statistical Area)"," ","900","Real GDP by metropolitan area","81","81","  Other services, except government",8372,8313,7808,7746,7314,7168,7125,6928,6493,6405,6531,6590,6796,6907
"41860","San Francisco-Oakland-Hayward, CA (Metropolitan Statistical Area)"," ","900","Real GDP by metropolitan area","82","92"," Government",32780,33881,34130,34270,34190,34393,34442,33940,33505,33337,33509,33377,33532,34124
"41860","San Francisco-Oakland-Hayward, CA (Metropolitan Statistical Area)"," ","900","Real GDP by metropolitan area","83","...","  Federal civilian",6174,6026,5769,5714,5558,5436,5239,5219,5158,5287,5016,4980,4755,"(NA)"
"41860","San Francisco-Oakland-Hayward, CA (Metropolitan Statistical Area)"," ","900","Real GDP by metropolitan area","84","...","  Federal military",638,709,788,792,820,786,751,792,882,875,873,901,921,"(NA)"
"41860","San Francisco-Oakland-Hayward, CA (Metropolitan Statistical Area)"," ","900","Real GDP by metropolitan area","85","...","  State and local",25937,27120,27556,27750,27802,28169,28457,27932,27465,27175,27623,27500,27860,"(NA)"
"41860","San Francisco-Oakland-Hayward, CA (Metropolitan Statistical Area)"," ","900","Real GDP by metropolitan area","86","11, 21","Natural resources and mining","(D)",1765,1496,1533,1610,"(D)",2421,"(D)",3228,2352,2736,3322,2765,2114
"41860","San Francisco-Oakland-Hayward, CA (Metropolitan Statistical Area)"," ","900","Real GDP by metropolitan area","87","42, 44-45","Trade","(D)",32872,33354,33177,33762,"(D)","(D)","(D)",28614,29808,30897,32117,33147,34990
"41860","San Francisco-Oakland-Hayward, CA (Metropolitan Statistical Area)"," ","900","Real GDP by metropolitan area","88","...","Transportation and utilities",11620,13493,13183,14602,13897,15304,"(D)",13186,12605,13909,13745,13357,14120,13947
"41860","San Francisco-Oakland-Hayward, CA (Metropolitan Statistical Area)"," ","900","Real GDP by metropolitan area","89","...","Private goods-producing industries",44436,39855,44383,47344,52711,53306,56322,65750,61481,49343,41026,43275,46712,46958
"41860","San Francisco-Oakland-Hayward, CA (Metropolitan Statistical Area)"," ","900","Real GDP by metropolitan area","90","...","Private services-providing industries",214598,216990,217616,221291,229796,237926,242716,241082,232102,244073,252957,270321,273825,291668
"41860","San Francisco-Oakland-Hayward, CA (Metropolitan Statistical Area)"," ","1000","Per capita real GDP by metropolitan area","1","...","All industry total",69603,69585,71081,72939,76244,78172,79456,80329,76017,75080,74037,77392,78013,80643
"Note: See the included footnote file."
NAICS Industry detail is based on the 2007 North American Industry Classification System (NAICS).
"Source: U.S. Department of Commerce / Bureau of Economic Analysis / Regional Product Division"
