"44060","Spokane-Spokane Valley, WA (Metropolitan Statistical Area)"," ","200","Gross domestic product (GDP) by metropolitan area","1","...","All industry total",13736,14055,14704,15516,16773,17963,19062,19493,19341,19636,20069,20645,21325,22213
"44060","Spokane-Spokane Valley, WA (Metropolitan Statistical Area)"," ","200","Gross domestic product (GDP) by metropolitan area","2","..."," Private industries",11404,11584,12118,12826,13982,15024,15998,16214,15995,16227,16646,17088,17719,18528
"44060","Spokane-Spokane Valley, WA (Metropolitan Statistical Area)"," ","200","Gross domestic product (GDP) by metropolitan area","3","11","  Agriculture, forestry, fishing, and hunting","(D)","(D)","(D)",95,80,80,87,76,61,82,75,41,38,"(D)"
"44060","Spokane-Spokane Valley, WA (Metropolitan Statistical Area)"," ","200","Gross domestic product (GDP) by metropolitan area","4","111-112","   Farms",35,50,74,53,36,28,36,31,26,44,38,1,"(L)","(NA)"
"44060","Spokane-Spokane Valley, WA (Metropolitan Statistical Area)"," ","200","Gross domestic product (GDP) by metropolitan area","5","113-115","   Forestry, fishing, and related activities","(D)","(D)","(D)",42,44,52,52,45,35,38,37,39,38,"(NA)"
"44060","Spokane-Spokane Valley, WA (Metropolitan Statistical Area)"," ","200","Gross domestic product (GDP) by metropolitan area","6","21","  Mining","(D)","(D)","(D)",29,52,76,100,110,102,91,111,107,109,"(D)"
"44060","Spokane-Spokane Valley, WA (Metropolitan Statistical Area)"," ","200","Gross domestic product (GDP) by metropolitan area","7","211","   Oil and gas extraction","(L)","(L)","(L)","(L)","(L)","(L)","(L)","(L)","(L)","(L)","(L)","(L)","(L)","(NA)"
"44060","Spokane-Spokane Valley, WA (Metropolitan Statistical Area)"," ","200","Gross domestic product (GDP) by metropolitan area","8","212","   Mining, except oil and gas","(D)","(D)","(D)",22,43,68,84,96,94,"(D)","(D)","(D)","(D)","(NA)"
"44060","Spokane-Spokane Valley, WA (Metropolitan Statistical Area)"," ","200","Gross domestic product (GDP) by metropolitan area","9","213","   Support activities for mining",6,6,6,7,8,8,17,13,8,"(D)","(D)","(D)","(D)","(NA)"
"44060","Spokane-Spokane Valley, WA (Metropolitan Statistical Area)"," ","200","Gross domestic product (GDP) by metropolitan area","10","22","  Utilities","(D)","(D)","(D)","(D)","(D)","(D)","(D)","(D)","(D)","(D)","(D)","(D)","(D)","(D)"
"44060","Spokane-Spokane Valley, WA (Metropolitan Statistical Area)"," ","200","Gross domestic product (GDP) by metropolitan area","11","23","  Construction",615,580,656,761,853,966,1075,1045,934,813,786,812,854,875
"44060","Spokane-Spokane Valley, WA (Metropolitan Statistical Area)"," ","200","Gross domestic product (GDP) by metropolitan area","12","31-33","  Manufacturing",1455,1310,1356,1442,1692,1868,"(D)",1961,1900,1784,1859,1967,1963,2027
"44060","Spokane-Spokane Valley, WA (Metropolitan Statistical Area)"," ","200","Gross domestic product (GDP) by metropolitan area","13","...","   Durable goods manufacturing","(D)","(D)","(D)","(D)","(D)","(D)","(D)","(D)","(D)","(D)","(D)","(D)",1454,1522
"44060","Spokane-Spokane Valley, WA (Metropolitan Statistical Area)"," ","200","Gross domestic product (GDP) by metropolitan area","14","321","    Wood products manufacturing","(D)","(D)","(D)","(D)","(D)","(D)","(D)","(D)","(D)","(D)","(D)","(D)","(D)","(NA)"
"44060","Spokane-Spokane Valley, WA (Metropolitan Statistical Area)"," ","200","Gross domestic product (GDP) by metropolitan area","15","327","    Nonmetallic mineral products manufacturing","(D)","(D)","(D)","(D)","(D)","(D)","(D)","(D)","(D)","(D)","(D)","(D)",83,"(NA)"
"44060","Spokane-Spokane Valley, WA (Metropolitan Statistical Area)"," ","200","Gross domestic product (GDP) by metropolitan area","16","331","    Primary metals manufacturing","(D)","(D)","(D)","(D)","(D)","(D)","(D)","(D)","(D)","(D)","(D)","(D)","(D)","(NA)"
"44060","Spokane-Spokane Valley, WA (Metropolitan Statistical Area)"," ","200","Gross domestic product (GDP) by metropolitan area","17","332","    Fabricated metal products","(D)","(D)","(D)","(D)","(D)","(D)","(D)","(D)","(D)","(D)","(D)","(D)","(D)","(NA)"
"44060","Spokane-Spokane Valley, WA (Metropolitan Statistical Area)"," ","200","Gross domestic product (GDP) by metropolitan area","18","333","    Machinery manufacturing",131,118,123,127,158,206,248,233,230,204,210,228,155,"(NA)"
"44060","Spokane-Spokane Valley, WA (Metropolitan Statistical Area)"," ","200","Gross domestic product (GDP) by metropolitan area","19","334","    Computer and electronic products manufacturing","(D)","(D)","(D)","(D)",353,290,288,380,315,279,"(D)","(D)","(D)","(NA)"
"44060","Spokane-Spokane Valley, WA (Metropolitan Statistical Area)"," ","200","Gross domestic product (GDP) by metropolitan area","20","335","    Electrical equipment, appliance, and components manufacturing","(D)","(D)","(D)",49,"(D)","(D)","(D)","(D)","(D)","(D)","(D)","(D)","(D)","(NA)"
"44060","Spokane-Spokane Valley, WA (Metropolitan Statistical Area)"," ","200","Gross domestic product (GDP) by metropolitan area","21","3361-3363","    Motor vehicles, bodies and trailers, and parts manufacturing","(D)","(D)","(D)","(D)","(D)","(D)","(D)","(D)","(D)","(D)","(D)","(D)",42,"(NA)"
"44060","Spokane-Spokane Valley, WA (Metropolitan Statistical Area)"," ","200","Gross domestic product (GDP) by metropolitan area","22","3364-3366, 3369","    Other transportation equipment manufacturing","(D)","(D)","(D)","(D)","(D)","(D)","(D)","(D)","(D)","(D)","(D)","(D)","(D)","(NA)"
"44060","Spokane-Spokane Valley, WA (Metropolitan Statistical Area)"," ","200","Gross domestic product (GDP) by metropolitan area","23","337","    Furniture and related products manufacturing",29,29,41,"(D)",62,74,71,59,"(D)",42,39,47,87,"(NA)"
"44060","Spokane-Spokane Valley, WA (Metropolitan Statistical Area)"," ","200","Gross domestic product (GDP) by metropolitan area","24","339","    Miscellaneous manufacturing","(D)","(D)","(D)","(D)","(D)",37,39,39,"(D)","(D)","(D)","(D)","(D)","(NA)"
"44060","Spokane-Spokane Valley, WA (Metropolitan Statistical Area)"," ","200","Gross domestic product (GDP) by metropolitan area","25","...","   Nondurable goods manufacturing","(D)","(D)","(D)","(D)","(D)","(D)","(D)","(D)","(D)","(D)","(D)","(D)",509,504
"44060","Spokane-Spokane Valley, WA (Metropolitan Statistical Area)"," ","200","Gross domestic product (GDP) by metropolitan area","26","311-312","    Food and beverage and tobacco products manufacturing","(D)","(D)","(D)","(D)","(D)","(D)","(D)","(D)","(D)","(D)","(D)","(D)",141,"(NA)"
"44060","Spokane-Spokane Valley, WA (Metropolitan Statistical Area)"," ","200","Gross domestic product (GDP) by metropolitan area","27","313-314","    Textile mills and textile product mills","(D)","(D)","(D)","(D)","(D)",5,7,9,7,8,9,12,13,"(NA)"
"44060","Spokane-Spokane Valley, WA (Metropolitan Statistical Area)"," ","200","Gross domestic product (GDP) by metropolitan area","28","315-316","    Apparel and leather and allied products manufacturing","(D)","(D)","(D)","(D)","(D)",9,8,9,9,"(D)","(D)","(D)","(D)","(NA)"
"44060","Spokane-Spokane Valley, WA (Metropolitan Statistical Area)"," ","200","Gross domestic product (GDP) by metropolitan area","29","322","    Paper products manufacturing","(D)","(D)","(D)","(D)","(D)","(D)","(D)","(D)","(D)","(D)","(D)","(D)","(D)","(NA)"
"44060","Spokane-Spokane Valley, WA (Metropolitan Statistical Area)"," ","200","Gross domestic product (GDP) by metropolitan area","30","323","    Printing and related support activities","(D)","(D)","(D)","(D)","(D)",39,37,38,38,37,33,27,24,"(NA)"
"44060","Spokane-Spokane Valley, WA (Metropolitan Statistical Area)"," ","200","Gross domestic product (GDP) by metropolitan area","31","324","    Petroleum and coal products manufacturing","(D)","(D)","(D)","(L)","(L)","(L)","(L)","(L)","(L)",1,10,"(D)","(D)","(NA)"
"44060","Spokane-Spokane Valley, WA (Metropolitan Statistical Area)"," ","200","Gross domestic product (GDP) by metropolitan area","32","325","    Chemical products manufacturing",33,53,59,72,75,82,145,"(D)","(D)","(D)","(D)","(D)","(D)","(NA)"
"44060","Spokane-Spokane Valley, WA (Metropolitan Statistical Area)"," ","200","Gross domestic product (GDP) by metropolitan area","33","326","    Plastics and rubber products manufacturing","(D)",43,"(D)","(D)","(D)","(D)","(D)","(D)","(D)",71,74,64,80,"(NA)"
"44060","Spokane-Spokane Valley, WA (Metropolitan Statistical Area)"," ","200","Gross domestic product (GDP) by metropolitan area","34","42","  Wholesale trade","(D)","(D)","(D)","(D)","(D)","(D)","(D)","(D)","(D)","(D)","(D)","(D)","(D)","(D)"
"44060","Spokane-Spokane Valley, WA (Metropolitan Statistical Area)"," ","200","Gross domestic product (GDP) by metropolitan area","35","44-45","  Retail trade",1417,1455,1510,1569,1681,1763,1816,1769,1686,1737,1756,1771,1782,1836
"44060","Spokane-Spokane Valley, WA (Metropolitan Statistical Area)"," ","200","Gross domestic product (GDP) by metropolitan area","36","48-49","  Transportation and warehousing",359,359,377,418,477,511,525,566,525,564,598,648,678,690
"44060","Spokane-Spokane Valley, WA (Metropolitan Statistical Area)"," ","200","Gross domestic product (GDP) by metropolitan area","37","481","   Air transportation","(D)","(D)","(D)","(D)",29,30,33,31,28,36,33,39,46,"(NA)"
"44060","Spokane-Spokane Valley, WA (Metropolitan Statistical Area)"," ","200","Gross domestic product (GDP) by metropolitan area","38","482","   Rail transportation",90,78,88,102,118,128,126,"(D)","(D)","(D)","(D)","(D)","(D)","(NA)"
"44060","Spokane-Spokane Valley, WA (Metropolitan Statistical Area)"," ","200","Gross domestic product (GDP) by metropolitan area","39","483","   Water transportation","(L)","(L)","(L)","(L)","(L)","(L)","(L)","(L)","(L)","(L)","(L)","(L)","(L)","(NA)"
"44060","Spokane-Spokane Valley, WA (Metropolitan Statistical Area)"," ","200","Gross domestic product (GDP) by metropolitan area","40","484","   Truck transportation",141,136,142,150,"(D)","(D)",191,186,168,"(D)",175,"(D)","(D)","(NA)"
"44060","Spokane-Spokane Valley, WA (Metropolitan Statistical Area)"," ","200","Gross domestic product (GDP) by metropolitan area","41","485","   Transit and ground passenger transportation","(D)","(D)","(D)","(D)","(D)","(D)","(D)","(D)","(D)","(D)","(D)","(D)","(D)","(NA)"
"44060","Spokane-Spokane Valley, WA (Metropolitan Statistical Area)"," ","200","Gross domestic product (GDP) by metropolitan area","42","486","   Pipeline transportation","(D)","(D)","(D)","(D)","(D)","(D)","(D)","(D)","(D)","(D)",12,12,13,"(NA)"
"44060","Spokane-Spokane Valley, WA (Metropolitan Statistical Area)"," ","200","Gross domestic product (GDP) by metropolitan area","43","487-488, 492","   Other transportation and support activities","(D)","(D)","(D)","(D)","(D)","(D)","(D)","(D)","(D)","(D)","(D)","(D)",202,"(NA)"
"44060","Spokane-Spokane Valley, WA (Metropolitan Statistical Area)"," ","200","Gross domestic product (GDP) by metropolitan area","44","493","   Warehousing and storage","(D)","(D)","(D)","(D)","(D)",12,"(D)",12,13,12,"(D)","(D)","(D)","(NA)"
"44060","Spokane-Spokane Valley, WA (Metropolitan Statistical Area)"," ","200","Gross domestic product (GDP) by metropolitan area","45","51","  Information",366,336,367,408,445,474,508,507,486,481,491,495,506,512
"44060","Spokane-Spokane Valley, WA (Metropolitan Statistical Area)"," ","200","Gross domestic product (GDP) by metropolitan area","46","511","   Publishing industries, except Internet (includes software)","(D)","(D)","(D)","(D)","(D)","(D)","(D)","(D)","(D)","(D)","(D)","(D)",160,"(NA)"
"44060","Spokane-Spokane Valley, WA (Metropolitan Statistical Area)"," ","200","Gross domestic product (GDP) by metropolitan area","47","512","   Motion picture and sound recording industries","(D)","(D)","(D)","(D)","(D)","(D)","(D)","(D)","(D)","(D)","(D)","(D)",42,"(NA)"
"44060","Spokane-Spokane Valley, WA (Metropolitan Statistical Area)"," ","200","Gross domestic product (GDP) by metropolitan area","48","515, 517","   Broadcasting and telecommunications","(D)","(D)","(D)","(D)","(D)","(D)","(D)","(D)","(D)","(D)","(D)","(D)","(D)","(NA)"
"44060","Spokane-Spokane Valley, WA (Metropolitan Statistical Area)"," ","200","Gross domestic product (GDP) by metropolitan area","49","518, 519","   Data processing, internet publishing, and other information services","(D)","(D)",16,"(D)","(D)","(D)","(D)","(D)","(D)","(D)","(D)","(D)","(D)","(NA)"
"44060","Spokane-Spokane Valley, WA (Metropolitan Statistical Area)"," ","200","Gross domestic product (GDP) by metropolitan area","50","52, 53","  Finance, insurance, real estate, rental, and leasing",2379,2557,2605,2598,2843,2974,3138,3251,3328,3491,3591,3553,3781,4071
"44060","Spokane-Spokane Valley, WA (Metropolitan Statistical Area)"," ","200","Gross domestic product (GDP) by metropolitan area","51","52","   Finance and insurance",785,885,951,909,1010,1058,1073,1062,1095,1178,1242,1252,1391,1500
"44060","Spokane-Spokane Valley, WA (Metropolitan Statistical Area)"," ","200","Gross domestic product (GDP) by metropolitan area","52","521-522","    Federal Reserve banks, credit intermediation, and related services",323,434,483,397,441,429,411,455,"(D)",479,513,546,"(D)","(NA)"
"44060","Spokane-Spokane Valley, WA (Metropolitan Statistical Area)"," ","200","Gross domestic product (GDP) by metropolitan area","53","523","    Securities, commodity contracts, and investments","(D)","(D)","(D)","(D)","(D)","(D)","(D)","(D)","(D)",108,105,116,"(D)","(NA)"
"44060","Spokane-Spokane Valley, WA (Metropolitan Statistical Area)"," ","200","Gross domestic product (GDP) by metropolitan area","54","524","    Insurance carriers and related activities","(D)","(D)","(D)","(D)","(D)","(D)","(D)","(D)","(D)",581,614,583,615,"(NA)"
"44060","Spokane-Spokane Valley, WA (Metropolitan Statistical Area)"," ","200","Gross domestic product (GDP) by metropolitan area","55","525","    Funds, trusts, and other financial vehicles",9,11,14,9,5,4,8,9,7,10,10,7,"(D)","(NA)"
"44060","Spokane-Spokane Valley, WA (Metropolitan Statistical Area)"," ","200","Gross domestic product (GDP) by metropolitan area","56","53","   Real estate and rental and leasing",1595,1672,1654,1689,1832,1916,2065,2190,2233,2313,2349,2301,2390,2571
"44060","Spokane-Spokane Valley, WA (Metropolitan Statistical Area)"," ","200","Gross domestic product (GDP) by metropolitan area","57","531","    Real estate","(D)","(D)","(D)","(D)","(D)","(D)","(D)","(D)","(D)","(D)","(D)","(D)","(D)","(NA)"
"44060","Spokane-Spokane Valley, WA (Metropolitan Statistical Area)"," ","200","Gross domestic product (GDP) by metropolitan area","58","532-533","    Rental and leasing services and lessors of intangible assets","(D)","(D)","(D)","(D)","(D)","(D)","(D)","(D)","(D)","(D)","(D)","(D)","(D)","(NA)"
"44060","Spokane-Spokane Valley, WA (Metropolitan Statistical Area)"," ","200","Gross domestic product (GDP) by metropolitan area","59","54, 55, 56","  Professional and business services",1114,1178,1244,1335,1449,1576,1687,1732,1658,1691,1782,1828,1969,2052
"44060","Spokane-Spokane Valley, WA (Metropolitan Statistical Area)"," ","200","Gross domestic product (GDP) by metropolitan area","60","54","   Professional, scientific, and technical services",641,712,710,758,788,839,928,"(D)",924,"(D)","(D)",978,"(D)",1064
"44060","Spokane-Spokane Valley, WA (Metropolitan Statistical Area)"," ","200","Gross domestic product (GDP) by metropolitan area","64","55","   Management of companies and enterprises","(D)","(D)","(D)","(D)","(D)","(D)","(D)","(D)","(D)","(D)","(D)","(D)","(D)","(D)"
"44060","Spokane-Spokane Valley, WA (Metropolitan Statistical Area)"," ","200","Gross domestic product (GDP) by metropolitan area","65","56","   Administrative and waste management services","(D)","(D)","(D)","(D)","(D)","(D)","(D)",493,"(D)",490,504,"(D)","(D)","(D)"
"44060","Spokane-Spokane Valley, WA (Metropolitan Statistical Area)"," ","200","Gross domestic product (GDP) by metropolitan area","66","561","    Administrative and support services","(D)","(D)","(D)","(D)","(D)","(D)","(D)","(D)","(D)","(D)","(D)","(D)","(D)","(NA)"
"44060","Spokane-Spokane Valley, WA (Metropolitan Statistical Area)"," ","200","Gross domestic product (GDP) by metropolitan area","67","562","    Waste management and remediation services","(D)","(D)","(D)","(D)","(D)","(D)","(D)","(D)","(D)","(D)","(D)","(D)","(D)","(NA)"
"44060","Spokane-Spokane Valley, WA (Metropolitan Statistical Area)"," ","200","Gross domestic product (GDP) by metropolitan area","68","61, 62","  Educational services, health care, and social assistance",1448,1535,1599,1707,1786,1895,2042,2229,2441,2541,2539,2593,2722,2834
"44060","Spokane-Spokane Valley, WA (Metropolitan Statistical Area)"," ","200","Gross domestic product (GDP) by metropolitan area","69","61","   Educational services","(D)","(D)","(D)",151,169,183,205,"(D)","(D)","(D)","(D)","(D)","(D)","(D)"
"44060","Spokane-Spokane Valley, WA (Metropolitan Statistical Area)"," ","200","Gross domestic product (GDP) by metropolitan area","70","62","   Health care and social assistance","(D)","(D)","(D)",1556,1617,1712,1838,"(D)","(D)","(D)","(D)","(D)","(D)","(D)"
"44060","Spokane-Spokane Valley, WA (Metropolitan Statistical Area)"," ","200","Gross domestic product (GDP) by metropolitan area","71","621","    Ambulatory health care services",669,690,713,"(D)",821,881,923,987,1109,1182,1182,1223,1226,"(NA)"
"44060","Spokane-Spokane Valley, WA (Metropolitan Statistical Area)"," ","200","Gross domestic product (GDP) by metropolitan area","72","622-623","    Hospitals and nursing and residential care facilities","(D)","(D)","(D)","(D)","(D)","(D)","(D)","(D)","(D)","(D)","(D)","(D)","(D)","(NA)"
"44060","Spokane-Spokane Valley, WA (Metropolitan Statistical Area)"," ","200","Gross domestic product (GDP) by metropolitan area","73","624","    Social assistance",103,116,122,"(D)","(D)","(D)","(D)",186,182,182,167,"(D)",237,"(NA)"
"44060","Spokane-Spokane Valley, WA (Metropolitan Statistical Area)"," ","200","Gross domestic product (GDP) by metropolitan area","74","71, 72","  Arts, entertainment, recreation, accommodation, and food services",542,590,601,646,708,748,786,776,730,734,759,808,817,841
"44060","Spokane-Spokane Valley, WA (Metropolitan Statistical Area)"," ","200","Gross domestic product (GDP) by metropolitan area","75","71","   Arts, entertainment, and recreation",81,"(D)","(D)","(D)","(D)","(D)","(D)","(D)","(D)","(D)","(D)","(D)","(D)","(D)"
"44060","Spokane-Spokane Valley, WA (Metropolitan Statistical Area)"," ","200","Gross domestic product (GDP) by metropolitan area","76","711-712","    Performing arts, spectator sports, museums, and related activities","(D)","(D)","(D)","(D)","(D)","(D)","(D)","(D)","(D)","(D)","(D)","(D)","(D)","(NA)"
"44060","Spokane-Spokane Valley, WA (Metropolitan Statistical Area)"," ","200","Gross domestic product (GDP) by metropolitan area","77","713","    Amusements, gambling, and recreation industries","(D)","(D)","(D)","(D)","(D)","(D)","(D)","(D)","(D)","(D)","(D)","(D)",73,"(NA)"
"44060","Spokane-Spokane Valley, WA (Metropolitan Statistical Area)"," ","200","Gross domestic product (GDP) by metropolitan area","78","72","   Accommodation and food services",461,"(D)","(D)","(D)","(D)","(D)","(D)","(D)","(D)","(D)","(D)","(D)","(D)","(D)"
"44060","Spokane-Spokane Valley, WA (Metropolitan Statistical Area)"," ","200","Gross domestic product (GDP) by metropolitan area","79","721","    Accommodation",142,"(D)","(D)","(D)","(D)","(D)","(D)","(D)","(D)","(D)","(D)","(D)","(D)","(NA)"
"44060","Spokane-Spokane Valley, WA (Metropolitan Statistical Area)"," ","200","Gross domestic product (GDP) by metropolitan area","80","722","    Food services and drinking places",318,347,353,375,406,450,449,448,453,472,487,522,520,"(NA)"
"44060","Spokane-Spokane Valley, WA (Metropolitan Statistical Area)"," ","200","Gross domestic product (GDP) by metropolitan area","81","81","  Other services, except government",434,440,429,439,463,486,508,507,495,495,505,522,534,589
"44060","Spokane-Spokane Valley, WA (Metropolitan Statistical Area)"," ","200","Gross domestic product (GDP) by metropolitan area","82","92"," Government",2332,2471,2586,2690,2791,2939,3064,3278,3346,3410,3422,3556,3606,3685
"44060","Spokane-Spokane Valley, WA (Metropolitan Statistical Area)"," ","200","Gross domestic product (GDP) by metropolitan area","83","...","  Federal civilian",431,482,519,512,498,535,546,580,575,554,587,606,605,"(NA)"
"44060","Spokane-Spokane Valley, WA (Metropolitan Statistical Area)"," ","200","Gross domestic product (GDP) by metropolitan area","84","...","  Federal military",310,359,379,390,373,345,344,342,359,372,384,391,395,"(NA)"
"44060","Spokane-Spokane Valley, WA (Metropolitan Statistical Area)"," ","200","Gross domestic product (GDP) by metropolitan area","85","...","  State and local",1591,1630,1688,1788,1920,2059,2174,2357,2412,2484,2452,2559,2606,"(NA)"
"44060","Spokane-Spokane Valley, WA (Metropolitan Statistical Area)"," ","200","Gross domestic product (GDP) by metropolitan area","86","11, 21","Natural resources and mining",96,115,139,124,131,156,188,186,163,173,186,148,147,199
"44060","Spokane-Spokane Valley, WA (Metropolitan Statistical Area)"," ","200","Gross domestic product (GDP) by metropolitan area","87","42, 44-45","Trade","(D)","(D)","(D)","(D)","(D)","(D)","(D)","(D)","(D)","(D)","(D)","(D)","(D)","(D)"
"44060","Spokane-Spokane Valley, WA (Metropolitan Statistical Area)"," ","200","Gross domestic product (GDP) by metropolitan area","88","...","Transportation and utilities","(D)","(D)","(D)","(D)","(D)","(D)","(D)","(D)","(D)","(D)","(D)","(D)","(D)","(D)"
"44060","Spokane-Spokane Valley, WA (Metropolitan Statistical Area)"," ","200","Gross domestic product (GDP) by metropolitan area","89","...","Private goods-producing industries",2167,2004,2152,2327,2676,2991,"(D)",3192,2997,2769,2831,2926,2964,3101
"44060","Spokane-Spokane Valley, WA (Metropolitan Statistical Area)"," ","200","Gross domestic product (GDP) by metropolitan area","90","...","Private services-providing industries",9237,9579,9966,10499,11306,12034,"(D)",13022,12998,13457,13816,14162,14755,15427
"44060","Spokane-Spokane Valley, WA (Metropolitan Statistical Area)"," ","800","Quantity indexes for real GDP by metropolitan area","1","...","All industry total",87.134,87.422,89.629,91.655,95.968,99.441,102.515,102.974,100.000,100.300,100.906,101.688,103.095,105.243
"44060","Spokane-Spokane Valley, WA (Metropolitan Statistical Area)"," ","800","Quantity indexes for real GDP by metropolitan area","2","..."," Private industries",85.515,85.540,88.179,90.767,96.056,100.014,103.705,103.533,100.000,100.558,101.613,102.063,103.820,106.318
"44060","Spokane-Spokane Valley, WA (Metropolitan Statistical Area)"," ","800","Quantity indexes for real GDP by metropolitan area","3","11","  Agriculture, forestry, fishing, and hunting","(D)","(D)","(D)",147.833,135.308,137.777,130.289,109.624,100.000,121.762,94.044,50.630,47.022,"(D)"
"44060","Spokane-Spokane Valley, WA (Metropolitan Statistical Area)"," ","800","Quantity indexes for real GDP by metropolitan area","4","111-112","   Farms",134.471,211.969,278.604,166.975,135.458,112.403,105.261,89.999,100.000,148.022,93.790,3.138,0.000,"(NA)"
"44060","Spokane-Spokane Valley, WA (Metropolitan Statistical Area)"," ","800","Quantity indexes for real GDP by metropolitan area","5","113-115","   Forestry, fishing, and related activities","(D)","(D)","(D)",132.144,136.659,159.295,151.534,126.103,100.000,101.548,97.428,103.488,99.350,"(NA)"
"44060","Spokane-Spokane Valley, WA (Metropolitan Statistical Area)"," ","800","Quantity indexes for real GDP by metropolitan area","6","21","  Mining","(D)","(D)","(D)",54.106,78.047,96.611,117.713,115.329,100.000,81.518,90.908,87.897,92.213,"(D)"
"44060","Spokane-Spokane Valley, WA (Metropolitan Statistical Area)"," ","800","Quantity indexes for real GDP by metropolitan area","7","211","   Oil and gas extraction",0.000,0.000,0.000,0.000,0.000,0.000,0.000,0.000,0.000,0.000,0.000,0.000,0.000,"(NA)"
"44060","Spokane-Spokane Valley, WA (Metropolitan Statistical Area)"," ","800","Quantity indexes for real GDP by metropolitan area","8","212","   Mining, except oil and gas","(D)","(D)","(D)",45.911,73.551,97.128,109.475,111.484,100.000,"(D)","(D)","(D)","(D)","(NA)"
"44060","Spokane-Spokane Valley, WA (Metropolitan Statistical Area)"," ","800","Quantity indexes for real GDP by metropolitan area","9","213","   Support activities for mining",148.001,133.344,123.935,130.879,124.681,100.989,202.861,157.898,100.000,"(D)","(D)","(D)","(D)","(NA)"
"44060","Spokane-Spokane Valley, WA (Metropolitan Statistical Area)"," ","800","Quantity indexes for real GDP by metropolitan area","10","22","  Utilities","(D)","(D)","(D)","(D)","(D)","(D)","(D)","(D)","(D)","(D)","(D)","(D)","(D)","(D)"
"44060","Spokane-Spokane Valley, WA (Metropolitan Statistical Area)"," ","800","Quantity indexes for real GDP by metropolitan area","11","23","  Construction",101.874,91.684,99.107,106.768,107.839,111.604,116.656,113.452,100.000,88.611,84.397,84.510,85.744,82.862
"44060","Spokane-Spokane Valley, WA (Metropolitan Statistical Area)"," ","800","Quantity indexes for real GDP by metropolitan area","12","31-33","  Manufacturing",75.111,68.373,72.560,76.958,89.517,97.901,"(D)",103.764,100.000,93.379,96.179,100.529,99.939,101.575
"44060","Spokane-Spokane Valley, WA (Metropolitan Statistical Area)"," ","800","Quantity indexes for real GDP by metropolitan area","13","...","   Durable goods manufacturing","(D)","(D)","(D)","(D)","(D)","(D)","(D)","(D)","(D)","(D)","(D)","(D)","(D)","(D)"
"44060","Spokane-Spokane Valley, WA (Metropolitan Statistical Area)"," ","800","Quantity indexes for real GDP by metropolitan area","14","321","    Wood products manufacturing","(D)","(D)","(D)","(D)","(D)","(D)","(D)","(D)","(D)","(D)","(D)","(D)","(D)","(NA)"
"44060","Spokane-Spokane Valley, WA (Metropolitan Statistical Area)"," ","800","Quantity indexes for real GDP by metropolitan area","15","327","    Nonmetallic mineral products manufacturing","(D)","(D)","(D)","(D)","(D)","(D)","(D)","(D)","(D)","(D)","(D)","(D)","(D)","(NA)"
"44060","Spokane-Spokane Valley, WA (Metropolitan Statistical Area)"," ","800","Quantity indexes for real GDP by metropolitan area","16","331","    Primary metals manufacturing","(D)","(D)","(D)","(D)","(D)","(D)","(D)","(D)","(D)","(D)","(D)","(D)","(D)","(NA)"
"44060","Spokane-Spokane Valley, WA (Metropolitan Statistical Area)"," ","800","Quantity indexes for real GDP by metropolitan area","17","332","    Fabricated metal products","(D)","(D)","(D)","(D)","(D)","(D)","(D)","(D)","(D)","(D)","(D)","(D)","(D)","(NA)"
"44060","Spokane-Spokane Valley, WA (Metropolitan Statistical Area)"," ","800","Quantity indexes for real GDP by metropolitan area","18","333","    Machinery manufacturing",63.372,56.604,59.592,63.935,77.830,101.385,120.091,113.033,100.000,92.677,96.489,100.285,65.463,"(NA)"
"44060","Spokane-Spokane Valley, WA (Metropolitan Statistical Area)"," ","800","Quantity indexes for real GDP by metropolitan area","19","334","    Computer and electronic products manufacturing","(D)","(D)","(D)","(D)",81.604,73.902,81.412,117.080,100.000,90.793,"(D)","(D)","(D)","(NA)"
"44060","Spokane-Spokane Valley, WA (Metropolitan Statistical Area)"," ","800","Quantity indexes for real GDP by metropolitan area","20","335","    Electrical equipment, appliance, and components manufacturing","(D)","(D)","(D)","(D)","(D)","(D)","(D)","(D)","(D)","(D)","(D)","(D)","(D)","(NA)"
"44060","Spokane-Spokane Valley, WA (Metropolitan Statistical Area)"," ","800","Quantity indexes for real GDP by metropolitan area","21","3361-3363","    Motor vehicles, bodies and trailers, and parts manufacturing","(D)","(D)","(D)","(D)","(D)","(D)","(D)","(D)","(D)","(D)","(D)","(D)","(D)","(NA)"
"44060","Spokane-Spokane Valley, WA (Metropolitan Statistical Area)"," ","800","Quantity indexes for real GDP by metropolitan area","22","3364-3366, 3369","    Other transportation equipment manufacturing","(D)","(D)","(D)","(D)","(D)","(D)","(D)","(D)","(D)","(D)","(D)","(D)","(D)","(NA)"
"44060","Spokane-Spokane Valley, WA (Metropolitan Statistical Area)"," ","800","Quantity indexes for real GDP by metropolitan area","23","337","    Furniture and related products manufacturing","(D)","(D)","(D)","(D)","(D)","(D)","(D)","(D)","(D)","(D)","(D)","(D)","(D)","(NA)"
"44060","Spokane-Spokane Valley, WA (Metropolitan Statistical Area)"," ","800","Quantity indexes for real GDP by metropolitan area","24","339","    Miscellaneous manufacturing","(D)","(D)","(D)","(D)","(D)","(D)","(D)","(D)","(D)","(D)","(D)","(D)","(D)","(NA)"
"44060","Spokane-Spokane Valley, WA (Metropolitan Statistical Area)"," ","800","Quantity indexes for real GDP by metropolitan area","25","...","   Nondurable goods manufacturing","(D)","(D)","(D)","(D)","(D)","(D)","(D)","(D)","(D)","(D)","(D)","(D)","(D)","(D)"
"44060","Spokane-Spokane Valley, WA (Metropolitan Statistical Area)"," ","800","Quantity indexes for real GDP by metropolitan area","26","311-312","    Food and beverage and tobacco products manufacturing","(D)","(D)","(D)","(D)","(D)","(D)","(D)","(D)","(D)","(D)","(D)","(D)","(D)","(NA)"
"44060","Spokane-Spokane Valley, WA (Metropolitan Statistical Area)"," ","800","Quantity indexes for real GDP by metropolitan area","27","313-314","    Textile mills and textile product mills","(D)","(D)","(D)","(D)","(D)",78.601,106.245,144.639,100.000,116.562,118.409,162.567,183.950,"(NA)"
"44060","Spokane-Spokane Valley, WA (Metropolitan Statistical Area)"," ","800","Quantity indexes for real GDP by metropolitan area","28","315-316","    Apparel and leather and allied products manufacturing","(D)","(D)","(D)","(D)","(D)",95.895,84.544,97.377,100.000,"(D)","(D)","(D)","(D)","(NA)"
"44060","Spokane-Spokane Valley, WA (Metropolitan Statistical Area)"," ","800","Quantity indexes for real GDP by metropolitan area","29","322","    Paper products manufacturing","(D)","(D)","(D)","(D)","(D)","(D)","(D)","(D)","(D)","(D)","(D)","(D)","(D)","(NA)"
"44060","Spokane-Spokane Valley, WA (Metropolitan Statistical Area)"," ","800","Quantity indexes for real GDP by metropolitan area","30","323","    Printing and related support activities","(D)","(D)","(D)","(D)","(D)",98.963,95.504,102.644,100.000,101.527,93.039,76.750,67.183,"(NA)"
"44060","Spokane-Spokane Valley, WA (Metropolitan Statistical Area)"," ","800","Quantity indexes for real GDP by metropolitan area","31","324","    Petroleum and coal products manufacturing","(D)","(D)","(D)",23.964,41.766,17.702,11.620,123.276,100.000,275.929,2259.080,"(D)","(D)","(NA)"
"44060","Spokane-Spokane Valley, WA (Metropolitan Statistical Area)"," ","800","Quantity indexes for real GDP by metropolitan area","32","325","    Chemical products manufacturing","(D)","(D)","(D)","(D)","(D)","(D)","(D)","(D)","(D)","(D)","(D)","(D)","(D)","(NA)"
"44060","Spokane-Spokane Valley, WA (Metropolitan Statistical Area)"," ","800","Quantity indexes for real GDP by metropolitan area","33","326","    Plastics and rubber products manufacturing","(D)","(D)","(D)","(D)","(D)","(D)","(D)","(D)","(D)","(D)","(D)","(D)","(D)","(NA)"
"44060","Spokane-Spokane Valley, WA (Metropolitan Statistical Area)"," ","800","Quantity indexes for real GDP by metropolitan area","34","42","  Wholesale trade","(D)","(D)","(D)","(D)","(D)","(D)","(D)","(D)","(D)","(D)","(D)","(D)","(D)","(D)"
"44060","Spokane-Spokane Valley, WA (Metropolitan Statistical Area)"," ","800","Quantity indexes for real GDP by metropolitan area","35","44-45","  Retail trade",94.788,97.614,101.881,103.812,108.686,110.718,111.012,106.215,100.000,102.226,101.328,99.314,98.248,99.960
"44060","Spokane-Spokane Valley, WA (Metropolitan Statistical Area)"," ","800","Quantity indexes for real GDP by metropolitan area","36","48-49","  Transportation and warehousing",85.431,83.740,86.904,95.184,104.440,107.399,107.796,110.651,100.000,106.747,109.526,113.248,113.877,112.033
"44060","Spokane-Spokane Valley, WA (Metropolitan Statistical Area)"," ","800","Quantity indexes for real GDP by metropolitan area","37","481","   Air transportation","(D)","(D)","(D)","(D)",112.277,113.228,127.814,116.165,100.000,122.659,109.014,119.224,137.456,"(NA)"
"44060","Spokane-Spokane Valley, WA (Metropolitan Statistical Area)"," ","800","Quantity indexes for real GDP by metropolitan area","38","482","   Rail transportation","(D)","(D)","(D)","(D)","(D)","(D)","(D)","(D)","(D)","(D)","(D)","(D)","(D)","(NA)"
"44060","Spokane-Spokane Valley, WA (Metropolitan Statistical Area)"," ","800","Quantity indexes for real GDP by metropolitan area","39","483","   Water transportation",0.000,21.153,60.651,66.896,27.541,64.755,90.993,118.761,100.000,96.402,6.756,86.039,87.178,"(NA)"
"44060","Spokane-Spokane Valley, WA (Metropolitan Statistical Area)"," ","800","Quantity indexes for real GDP by metropolitan area","40","484","   Truck transportation",97.695,92.754,95.143,99.978,"(D)","(D)",119.889,114.222,100.000,"(D)",111.366,"(D)","(D)","(NA)"
"44060","Spokane-Spokane Valley, WA (Metropolitan Statistical Area)"," ","800","Quantity indexes for real GDP by metropolitan area","41","485","   Transit and ground passenger transportation","(D)","(D)","(D)","(D)","(D)","(D)","(D)","(D)","(D)","(D)","(D)","(D)","(D)","(NA)"
"44060","Spokane-Spokane Valley, WA (Metropolitan Statistical Area)"," ","800","Quantity indexes for real GDP by metropolitan area","42","486","   Pipeline transportation","(D)","(D)","(D)","(D)","(D)","(D)","(D)","(D)","(D)","(D)","(D)","(D)","(D)","(NA)"
"44060","Spokane-Spokane Valley, WA (Metropolitan Statistical Area)"," ","800","Quantity indexes for real GDP by metropolitan area","43","487-488, 492","   Other transportation and support activities","(D)","(D)","(D)","(D)","(D)","(D)","(D)","(D)","(D)","(D)","(D)","(D)","(D)","(NA)"
"44060","Spokane-Spokane Valley, WA (Metropolitan Statistical Area)"," ","800","Quantity indexes for real GDP by metropolitan area","44","493","   Warehousing and storage","(D)","(D)","(D)","(D)","(D)",105.805,"(D)",96.662,100.000,95.161,"(D)","(D)","(D)","(NA)"
"44060","Spokane-Spokane Valley, WA (Metropolitan Statistical Area)"," ","800","Quantity indexes for real GDP by metropolitan area","45","51","  Information",69.969,64.556,70.320,79.144,88.341,95.482,103.605,104.396,100.000,99.426,101.985,102.719,104.303,105.193
"44060","Spokane-Spokane Valley, WA (Metropolitan Statistical Area)"," ","800","Quantity indexes for real GDP by metropolitan area","46","511","   Publishing industries, except Internet (includes software)","(D)","(D)","(D)","(D)","(D)","(D)","(D)","(D)","(D)","(D)","(D)","(D)","(D)","(NA)"
"44060","Spokane-Spokane Valley, WA (Metropolitan Statistical Area)"," ","800","Quantity indexes for real GDP by metropolitan area","47","512","   Motion picture and sound recording industries","(D)","(D)","(D)","(D)","(D)","(D)","(D)","(D)","(D)","(D)","(D)","(D)","(D)","(NA)"
"44060","Spokane-Spokane Valley, WA (Metropolitan Statistical Area)"," ","800","Quantity indexes for real GDP by metropolitan area","48","515, 517","   Broadcasting and telecommunications","(D)","(D)","(D)","(D)","(D)","(D)","(D)","(D)","(D)","(D)","(D)","(D)","(D)","(NA)"
"44060","Spokane-Spokane Valley, WA (Metropolitan Statistical Area)"," ","800","Quantity indexes for real GDP by metropolitan area","49","518, 519","   Data processing, internet publishing, and other information services","(D)","(D)","(D)","(D)","(D)","(D)","(D)","(D)","(D)","(D)","(D)","(D)","(D)","(NA)"
"44060","Spokane-Spokane Valley, WA (Metropolitan Statistical Area)"," ","800","Quantity indexes for real GDP by metropolitan area","50","52, 53","  Finance, insurance, real estate, rental, and leasing",82.170,85.713,85.107,82.897,88.772,90.897,94.225,96.806,100.000,104.135,105.798,102.029,105.960,111.166
"44060","Spokane-Spokane Valley, WA (Metropolitan Statistical Area)"," ","800","Quantity indexes for real GDP by metropolitan area","51","52","   Finance and insurance",75.806,83.988,87.441,81.202,88.389,91.454,91.583,91.107,100.000,104.040,107.511,104.381,112.953,118.790
"44060","Spokane-Spokane Valley, WA (Metropolitan Statistical Area)"," ","800","Quantity indexes for real GDP by metropolitan area","52","521-522","    Federal Reserve banks, credit intermediation, and related services","(D)","(D)","(D)","(D)","(D)","(D)","(D)","(D)","(D)","(D)","(D)","(D)","(D)","(NA)"
"44060","Spokane-Spokane Valley, WA (Metropolitan Statistical Area)"," ","800","Quantity indexes for real GDP by metropolitan area","53","523","    Securities, commodity contracts, and investments","(D)","(D)","(D)","(D)","(D)","(D)","(D)","(D)","(D)","(D)","(D)","(D)","(D)","(NA)"
"44060","Spokane-Spokane Valley, WA (Metropolitan Statistical Area)"," ","800","Quantity indexes for real GDP by metropolitan area","54","524","    Insurance carriers and related activities","(D)","(D)","(D)","(D)","(D)","(D)","(D)","(D)","(D)","(D)","(D)","(D)","(D)","(NA)"
"44060","Spokane-Spokane Valley, WA (Metropolitan Statistical Area)"," ","800","Quantity indexes for real GDP by metropolitan area","55","525","    Funds, trusts, and other financial vehicles",107.789,118.701,151.431,98.264,58.241,45.296,94.103,120.587,100.000,143.315,142.199,82.089,"(D)","(NA)"
"44060","Spokane-Spokane Valley, WA (Metropolitan Statistical Area)"," ","800","Quantity indexes for real GDP by metropolitan area","56","53","   Real estate and rental and leasing",85.524,86.509,83.681,83.698,88.837,90.442,95.505,99.722,100.000,104.183,104.918,100.816,102.306,107.182
"44060","Spokane-Spokane Valley, WA (Metropolitan Statistical Area)"," ","800","Quantity indexes for real GDP by metropolitan area","57","531","    Real estate","(D)","(D)","(D)","(D)","(D)","(D)","(D)","(D)","(D)","(D)","(D)","(D)","(D)","(NA)"
"44060","Spokane-Spokane Valley, WA (Metropolitan Statistical Area)"," ","800","Quantity indexes for real GDP by metropolitan area","58","532-533","    Rental and leasing services and lessors of intangible assets","(D)","(D)","(D)","(D)","(D)","(D)","(D)","(D)","(D)","(D)","(D)","(D)","(D)","(NA)"
"44060","Spokane-Spokane Valley, WA (Metropolitan Statistical Area)"," ","800","Quantity indexes for real GDP by metropolitan area","59","54, 55, 56","  Professional and business services",85.363,88.664,91.957,93.703,98.028,102.478,104.594,105.970,100.000,101.258,105.555,106.828,113.238,116.931
"44060","Spokane-Spokane Valley, WA (Metropolitan Statistical Area)"," ","800","Quantity indexes for real GDP by metropolitan area","60","54","   Professional, scientific, and technical services",87.256,95.074,92.238,95.187,94.345,96.956,103.064,"(D)",100.000,"(D)","(D)",100.620,"(D)",105.496
"44060","Spokane-Spokane Valley, WA (Metropolitan Statistical Area)"," ","800","Quantity indexes for real GDP by metropolitan area","64","55","   Management of companies and enterprises","(D)","(D)","(D)","(D)","(D)","(D)","(D)","(D)","(D)","(D)","(D)","(D)","(D)","(D)"
"44060","Spokane-Spokane Valley, WA (Metropolitan Statistical Area)"," ","800","Quantity indexes for real GDP by metropolitan area","65","56","   Administrative and waste management services","(D)","(D)","(D)","(D)","(D)","(D)","(D)","(D)","(D)","(D)","(D)","(D)","(D)","(D)"
"44060","Spokane-Spokane Valley, WA (Metropolitan Statistical Area)"," ","800","Quantity indexes for real GDP by metropolitan area","66","561","    Administrative and support services","(D)","(D)","(D)","(D)","(D)","(D)","(D)","(D)","(D)","(D)","(D)","(D)","(D)","(NA)"
"44060","Spokane-Spokane Valley, WA (Metropolitan Statistical Area)"," ","800","Quantity indexes for real GDP by metropolitan area","67","562","    Waste management and remediation services","(D)","(D)","(D)","(D)","(D)","(D)","(D)","(D)","(D)","(D)","(D)","(D)","(D)","(NA)"
"44060","Spokane-Spokane Valley, WA (Metropolitan Statistical Area)"," ","800","Quantity indexes for real GDP by metropolitan area","68","61, 62","  Educational services, health care, and social assistance",76.096,77.906,78.633,81.427,82.686,85.540,88.550,94.653,100.000,101.778,100.248,100.320,103.792,106.519
"44060","Spokane-Spokane Valley, WA (Metropolitan Statistical Area)"," ","800","Quantity indexes for real GDP by metropolitan area","69","61","   Educational services","(D)","(D)","(D)","(D)","(D)","(D)","(D)","(D)","(D)","(D)","(D)","(D)","(D)","(D)"
"44060","Spokane-Spokane Valley, WA (Metropolitan Statistical Area)"," ","800","Quantity indexes for real GDP by metropolitan area","70","62","   Health care and social assistance","(D)","(D)","(D)","(D)","(D)","(D)","(D)","(D)","(D)","(D)","(D)","(D)","(D)","(D)"
"44060","Spokane-Spokane Valley, WA (Metropolitan Statistical Area)"," ","800","Quantity indexes for real GDP by metropolitan area","71","621","    Ambulatory health care services",72.523,73.883,74.604,"(D)",81.989,87.035,87.273,92.018,100.000,103.968,102.993,104.996,104.707,"(NA)"
"44060","Spokane-Spokane Valley, WA (Metropolitan Statistical Area)"," ","800","Quantity indexes for real GDP by metropolitan area","72","622-623","    Hospitals and nursing and residential care facilities","(D)","(D)","(D)","(D)","(D)","(D)","(D)","(D)","(D)","(D)","(D)","(D)","(D)","(NA)"
"44060","Spokane-Spokane Valley, WA (Metropolitan Statistical Area)"," ","800","Quantity indexes for real GDP by metropolitan area","73","624","    Social assistance",72.578,77.928,79.918,"(D)","(D)","(D)","(D)",104.930,100.000,97.682,87.096,"(D)",117.659,"(NA)"
"44060","Spokane-Spokane Valley, WA (Metropolitan Statistical Area)"," ","800","Quantity indexes for real GDP by metropolitan area","74","71, 72","  Arts, entertainment, recreation, accommodation, and food services",96.003,100.801,101.597,107.118,113.036,115.230,116.253,111.204,100.000,100.577,104.286,106.739,105.171,105.292
"44060","Spokane-Spokane Valley, WA (Metropolitan Statistical Area)"," ","800","Quantity indexes for real GDP by metropolitan area","75","71","   Arts, entertainment, and recreation","(D)","(D)","(D)","(D)","(D)","(D)","(D)","(D)","(D)","(D)","(D)","(D)","(D)","(D)"
"44060","Spokane-Spokane Valley, WA (Metropolitan Statistical Area)"," ","800","Quantity indexes for real GDP by metropolitan area","76","711-712","    Performing arts, spectator sports, museums, and related activities","(D)","(D)","(D)","(D)","(D)","(D)","(D)","(D)","(D)","(D)","(D)","(D)","(D)","(NA)"
"44060","Spokane-Spokane Valley, WA (Metropolitan Statistical Area)"," ","800","Quantity indexes for real GDP by metropolitan area","77","713","    Amusements, gambling, and recreation industries","(D)","(D)","(D)","(D)","(D)","(D)","(D)","(D)","(D)","(D)","(D)","(D)","(D)","(NA)"
"44060","Spokane-Spokane Valley, WA (Metropolitan Statistical Area)"," ","800","Quantity indexes for real GDP by metropolitan area","78","72","   Accommodation and food services","(D)","(D)","(D)","(D)","(D)","(D)","(D)","(D)","(D)","(D)","(D)","(D)","(D)","(D)"
"44060","Spokane-Spokane Valley, WA (Metropolitan Statistical Area)"," ","800","Quantity indexes for real GDP by metropolitan area","79","721","    Accommodation","(D)","(D)","(D)","(D)","(D)","(D)","(D)","(D)","(D)","(D)","(D)","(D)","(D)","(NA)"
"44060","Spokane-Spokane Valley, WA (Metropolitan Statistical Area)"," ","800","Quantity indexes for real GDP by metropolitan area","80","722","    Food services and drinking places",95.172,98.745,99.210,103.296,108.084,115.958,111.187,107.001,100.000,103.850,108.090,110.944,107.254,"(NA)"
"44060","Spokane-Spokane Valley, WA (Metropolitan Statistical Area)"," ","800","Quantity indexes for real GDP by metropolitan area","81","81","  Other services, except government",119.565,116.232,110.148,109.339,110.761,111.605,112.182,107.660,100.000,97.576,97.135,97.657,96.854,104.135
"44060","Spokane-Spokane Valley, WA (Metropolitan Statistical Area)"," ","800","Quantity indexes for real GDP by metropolitan area","82","92"," Government",95.455,97.158,97.093,96.252,95.670,96.739,96.786,100.294,100.000,99.079,97.582,99.917,99.678,100.176
"44060","Spokane-Spokane Valley, WA (Metropolitan Statistical Area)"," ","800","Quantity indexes for real GDP by metropolitan area","83","...","  Federal civilian",101.973,107.613,110.008,103.498,96.538,100.523,98.892,102.774,100.000,92.825,96.086,99.149,96.759,"(NA)"
"44060","Spokane-Spokane Valley, WA (Metropolitan Statistical Area)"," ","800","Quantity indexes for real GDP by metropolitan area","84","...","  Federal military",123.690,134.531,130.615,128.966,115.473,101.854,97.508,94.391,100.000,101.132,102.600,103.259,104.160,"(NA)"
"44060","Spokane-Spokane Valley, WA (Metropolitan Statistical Area)"," ","800","Quantity indexes for real GDP by metropolitan area","85","...","  State and local",89.364,88.802,88.706,89.391,92.367,95.005,96.149,100.596,100.000,100.273,97.186,99.594,99.702,"(NA)"
"44060","Spokane-Spokane Valley, WA (Metropolitan Statistical Area)"," ","800","Quantity indexes for real GDP by metropolitan area","86","11, 21","Natural resources and mining",88.943,109.797,123.527,97.968,103.256,114.563,123.288,113.020,100.000,96.546,91.606,72.691,73.817,100.051
"44060","Spokane-Spokane Valley, WA (Metropolitan Statistical Area)"," ","800","Quantity indexes for real GDP by metropolitan area","87","42, 44-45","Trade","(D)","(D)","(D)","(D)","(D)","(D)","(D)","(D)","(D)","(D)","(D)","(D)","(D)","(D)"
"44060","Spokane-Spokane Valley, WA (Metropolitan Statistical Area)"," ","800","Quantity indexes for real GDP by metropolitan area","88","...","Transportation and utilities","(D)","(D)","(D)","(D)","(D)","(D)","(D)","(D)","(D)","(D)","(D)","(D)","(D)","(D)"
"44060","Spokane-Spokane Valley, WA (Metropolitan Statistical Area)"," ","800","Quantity indexes for real GDP by metropolitan area","89","...","Private goods-producing industries",83.787,77.208,82.680,86.619,95.785,102.988,"(D)",107.257,100.000,92.089,92.261,93.788,93.876,95.599
"44060","Spokane-Spokane Valley, WA (Metropolitan Statistical Area)"," ","800","Quantity indexes for real GDP by metropolitan area","90","...","Private services-providing industries",85.925,87.529,89.502,91.774,96.148,99.333,"(D)",102.663,100.000,102.505,103.764,103.966,106.104,108.779
"44060","Spokane-Spokane Valley, WA (Metropolitan Statistical Area)"," ","900","Real GDP by metropolitan area","1","...","All industry total",16853,16908,17335,17727,18561,19233,19827,19916,19341,19399,19516,19667,19940,20355
"44060","Spokane-Spokane Valley, WA (Metropolitan Statistical Area)"," ","900","Real GDP by metropolitan area","2","..."," Private industries",13678,13682,14104,14518,15364,15997,16588,16560,15995,16084,16253,16325,16606,17006
"44060","Spokane-Spokane Valley, WA (Metropolitan Statistical Area)"," ","900","Real GDP by metropolitan area","3","11","  Agriculture, forestry, fishing, and hunting","(D)","(D)","(D)",89,82,83,79,66,61,74,57,31,28,"(D)"
"44060","Spokane-Spokane Valley, WA (Metropolitan Statistical Area)"," ","900","Real GDP by metropolitan area","4","111-112","   Farms",34,54,71,43,35,29,27,23,26,38,24,1,"(L)","(NA)"
"44060","Spokane-Spokane Valley, WA (Metropolitan Statistical Area)"," ","900","Real GDP by metropolitan area","5","113-115","   Forestry, fishing, and related activities","(D)","(D)","(D)",46,48,56,53,44,35,35,34,36,35,"(NA)"
"44060","Spokane-Spokane Valley, WA (Metropolitan Statistical Area)"," ","900","Real GDP by metropolitan area","6","21","  Mining","(D)","(D)","(D)",55,80,99,120,118,102,83,93,90,94,"(D)"
"44060","Spokane-Spokane Valley, WA (Metropolitan Statistical Area)"," ","900","Real GDP by metropolitan area","7","211","   Oil and gas extraction","(L)","(L)","(L)","(L)","(L)","(L)","(L)","(L)","(L)","(L)","(L)","(L)","(L)","(NA)"
"44060","Spokane-Spokane Valley, WA (Metropolitan Statistical Area)"," ","900","Real GDP by metropolitan area","8","212","   Mining, except oil and gas","(D)","(D)","(D)",43,69,92,103,105,94,"(D)","(D)","(D)","(D)","(NA)"
"44060","Spokane-Spokane Valley, WA (Metropolitan Statistical Area)"," ","900","Real GDP by metropolitan area","9","213","   Support activities for mining",11,10,10,10,10,8,16,12,8,"(D)","(D)","(D)","(D)","(NA)"
"44060","Spokane-Spokane Valley, WA (Metropolitan Statistical Area)"," ","900","Real GDP by metropolitan area","10","22","  Utilities","(D)","(D)","(D)","(D)","(D)","(D)","(D)","(D)","(D)","(D)","(D)","(D)","(D)","(D)"
"44060","Spokane-Spokane Valley, WA (Metropolitan Statistical Area)"," ","900","Real GDP by metropolitan area","11","23","  Construction",952,857,926,998,1008,1043,1090,1060,934,828,789,790,801,774
"44060","Spokane-Spokane Valley, WA (Metropolitan Statistical Area)"," ","900","Real GDP by metropolitan area","12","31-33","  Manufacturing",1427,1299,1379,1462,1701,1860,"(D)",1972,1900,1774,1827,1910,1899,1930
"44060","Spokane-Spokane Valley, WA (Metropolitan Statistical Area)"," ","900","Real GDP by metropolitan area","13","...","   Durable goods manufacturing","(D)","(D)","(D)","(D)","(D)","(D)","(D)","(D)","(D)","(D)","(D)","(D)",1427,1459
"44060","Spokane-Spokane Valley, WA (Metropolitan Statistical Area)"," ","900","Real GDP by metropolitan area","14","321","    Wood products manufacturing","(D)","(D)","(D)","(D)","(D)","(D)","(D)","(D)","(D)","(D)","(D)","(D)","(D)","(NA)"
"44060","Spokane-Spokane Valley, WA (Metropolitan Statistical Area)"," ","900","Real GDP by metropolitan area","15","327","    Nonmetallic mineral products manufacturing","(D)","(D)","(D)","(D)","(D)","(D)","(D)","(D)","(D)","(D)","(D)","(D)",81,"(NA)"
"44060","Spokane-Spokane Valley, WA (Metropolitan Statistical Area)"," ","900","Real GDP by metropolitan area","16","331","    Primary metals manufacturing","(D)","(D)","(D)","(D)","(D)","(D)","(D)","(D)","(D)","(D)","(D)","(D)","(D)","(NA)"
"44060","Spokane-Spokane Valley, WA (Metropolitan Statistical Area)"," ","900","Real GDP by metropolitan area","17","332","    Fabricated metal products","(D)","(D)","(D)","(D)","(D)","(D)","(D)","(D)","(D)","(D)","(D)","(D)","(D)","(NA)"
"44060","Spokane-Spokane Valley, WA (Metropolitan Statistical Area)"," ","900","Real GDP by metropolitan area","18","333","    Machinery manufacturing",146,130,137,147,179,233,276,260,230,213,222,231,151,"(NA)"
"44060","Spokane-Spokane Valley, WA (Metropolitan Statistical Area)"," ","900","Real GDP by metropolitan area","19","334","    Computer and electronic products manufacturing","(D)","(D)","(D)","(D)",257,233,257,369,315,286,"(D)","(D)","(D)","(NA)"
"44060","Spokane-Spokane Valley, WA (Metropolitan Statistical Area)"," ","900","Real GDP by metropolitan area","20","335","    Electrical equipment, appliance, and components manufacturing","(D)","(D)","(D)",60,"(D)","(D)","(D)","(D)","(D)","(D)","(D)","(D)","(D)","(NA)"
"44060","Spokane-Spokane Valley, WA (Metropolitan Statistical Area)"," ","900","Real GDP by metropolitan area","21","3361-3363","    Motor vehicles, bodies and trailers, and parts manufacturing","(D)","(D)","(D)","(D)","(D)","(D)","(D)","(D)","(D)","(D)","(D)","(D)",45,"(NA)"
"44060","Spokane-Spokane Valley, WA (Metropolitan Statistical Area)"," ","900","Real GDP by metropolitan area","22","3364-3366, 3369","    Other transportation equipment manufacturing","(D)","(D)","(D)","(D)","(D)","(D)","(D)","(D)","(D)","(D)","(D)","(D)","(D)","(NA)"
"44060","Spokane-Spokane Valley, WA (Metropolitan Statistical Area)"," ","900","Real GDP by metropolitan area","23","337","    Furniture and related products manufacturing",33,33,47,"(D)",73,86,80,66,"(D)",44,41,47,87,"(NA)"
"44060","Spokane-Spokane Valley, WA (Metropolitan Statistical Area)"," ","900","Real GDP by metropolitan area","24","339","    Miscellaneous manufacturing","(D)","(D)","(D)","(D)","(D)",39,40,41,"(D)","(D)","(D)","(D)","(D)","(NA)"
"44060","Spokane-Spokane Valley, WA (Metropolitan Statistical Area)"," ","900","Real GDP by metropolitan area","25","...","   Nondurable goods manufacturing","(D)","(D)","(D)","(D)","(D)","(D)","(D)","(D)","(D)","(D)","(D)","(D)",471,471
"44060","Spokane-Spokane Valley, WA (Metropolitan Statistical Area)"," ","900","Real GDP by metropolitan area","26","311-312","    Food and beverage and tobacco products manufacturing","(D)","(D)","(D)","(D)","(D)","(D)","(D)","(D)","(D)","(D)","(D)","(D)",132,"(NA)"
"44060","Spokane-Spokane Valley, WA (Metropolitan Statistical Area)"," ","900","Real GDP by metropolitan area","27","313-314","    Textile mills and textile product mills","(D)","(D)","(D)","(D)","(D)",5,7,10,7,8,8,11,12,"(NA)"
"44060","Spokane-Spokane Valley, WA (Metropolitan Statistical Area)"," ","900","Real GDP by metropolitan area","28","315-316","    Apparel and leather and allied products manufacturing","(D)","(D)","(D)","(D)","(D)",9,8,9,9,"(D)","(D)","(D)","(D)","(NA)"
"44060","Spokane-Spokane Valley, WA (Metropolitan Statistical Area)"," ","900","Real GDP by metropolitan area","29","322","    Paper products manufacturing","(D)","(D)","(D)","(D)","(D)","(D)","(D)","(D)","(D)","(D)","(D)","(D)","(D)","(NA)"
"44060","Spokane-Spokane Valley, WA (Metropolitan Statistical Area)"," ","900","Real GDP by metropolitan area","30","323","    Printing and related support activities","(D)","(D)","(D)","(D)","(D)",37,36,39,38,38,35,29,25,"(NA)"
"44060","Spokane-Spokane Valley, WA (Metropolitan Statistical Area)"," ","900","Real GDP by metropolitan area","31","324","    Petroleum and coal products manufacturing","(D)","(D)","(D)","(L)","(L)","(L)","(L)","(L)","(L)",1,5,"(D)","(D)","(NA)"
"44060","Spokane-Spokane Valley, WA (Metropolitan Statistical Area)"," ","900","Real GDP by metropolitan area","32","325","    Chemical products manufacturing",45,71,78,95,94,99,176,"(D)","(D)","(D)","(D)","(D)","(D)","(NA)"
"44060","Spokane-Spokane Valley, WA (Metropolitan Statistical Area)"," ","900","Real GDP by metropolitan area","33","326","    Plastics and rubber products manufacturing","(D)",50,"(D)","(D)","(D)","(D)","(D)","(D)","(D)",73,74,61,74,"(NA)"
"44060","Spokane-Spokane Valley, WA (Metropolitan Statistical Area)"," ","900","Real GDP by metropolitan area","34","42","  Wholesale trade","(D)","(D)","(D)","(D)","(D)","(D)","(D)","(D)","(D)","(D)","(D)","(D)","(D)","(D)"
"44060","Spokane-Spokane Valley, WA (Metropolitan Statistical Area)"," ","900","Real GDP by metropolitan area","35","44-45","  Retail trade",1598,1646,1718,1750,1832,1867,1871,1791,1686,1723,1708,1674,1656,1685
"44060","Spokane-Spokane Valley, WA (Metropolitan Statistical Area)"," ","900","Real GDP by metropolitan area","36","48-49","  Transportation and warehousing",449,440,457,500,549,564,566,581,525,561,576,595,598,589
"44060","Spokane-Spokane Valley, WA (Metropolitan Statistical Area)"," ","900","Real GDP by metropolitan area","37","481","   Air transportation","(D)","(D)","(D)","(D)",32,32,36,33,28,35,31,34,39,"(NA)"
"44060","Spokane-Spokane Valley, WA (Metropolitan Statistical Area)"," ","900","Real GDP by metropolitan area","38","482","   Rail transportation",131,109,125,143,152,148,144,"(D)","(D)","(D)","(D)","(D)","(D)","(NA)"
"44060","Spokane-Spokane Valley, WA (Metropolitan Statistical Area)"," ","900","Real GDP by metropolitan area","39","483","   Water transportation","(L)","(L)","(L)","(L)","(L)","(L)","(L)","(L)","(L)","(L)","(L)","(L)","(L)","(NA)"
"44060","Spokane-Spokane Valley, WA (Metropolitan Statistical Area)"," ","900","Real GDP by metropolitan area","40","484","   Truck transportation",164,156,160,168,"(D)","(D)",201,192,168,"(D)",187,"(D)","(D)","(NA)"
"44060","Spokane-Spokane Valley, WA (Metropolitan Statistical Area)"," ","900","Real GDP by metropolitan area","41","485","   Transit and ground passenger transportation","(D)","(D)","(D)","(D)","(D)","(D)","(D)","(D)","(D)","(D)","(D)","(D)","(D)","(NA)"
"44060","Spokane-Spokane Valley, WA (Metropolitan Statistical Area)"," ","900","Real GDP by metropolitan area","42","486","   Pipeline transportation","(D)","(D)","(D)","(D)","(D)","(D)","(D)","(D)","(D)","(D)",11,11,11,"(NA)"
"44060","Spokane-Spokane Valley, WA (Metropolitan Statistical Area)"," ","900","Real GDP by metropolitan area","43","487-488, 492","   Other transportation and support activities","(D)","(D)","(D)","(D)","(D)","(D)","(D)","(D)","(D)","(D)","(D)","(D)",166,"(NA)"
"44060","Spokane-Spokane Valley, WA (Metropolitan Statistical Area)"," ","900","Real GDP by metropolitan area","44","493","   Warehousing and storage","(D)","(D)","(D)","(D)","(D)",14,"(D)",13,13,12,"(D)","(D)","(D)","(NA)"
"44060","Spokane-Spokane Valley, WA (Metropolitan Statistical Area)"," ","900","Real GDP by metropolitan area","45","51","  Information",340,314,342,385,430,464,504,508,486,484,496,500,507,512
"44060","Spokane-Spokane Valley, WA (Metropolitan Statistical Area)"," ","900","Real GDP by metropolitan area","46","511","   Publishing industries, except Internet (includes software)","(D)","(D)","(D)","(D)","(D)","(D)","(D)","(D)","(D)","(D)","(D)","(D)",158,"(NA)"
"44060","Spokane-Spokane Valley, WA (Metropolitan Statistical Area)"," ","900","Real GDP by metropolitan area","47","512","   Motion picture and sound recording industries","(D)","(D)","(D)","(D)","(D)","(D)","(D)","(D)","(D)","(D)","(D)","(D)",42,"(NA)"
"44060","Spokane-Spokane Valley, WA (Metropolitan Statistical Area)"," ","900","Real GDP by metropolitan area","48","515, 517","   Broadcasting and telecommunications","(D)","(D)","(D)","(D)","(D)","(D)","(D)","(D)","(D)","(D)","(D)","(D)","(D)","(NA)"
"44060","Spokane-Spokane Valley, WA (Metropolitan Statistical Area)"," ","900","Real GDP by metropolitan area","49","518, 519","   Data processing, internet publishing, and other information services","(D)","(D)",15,"(D)","(D)","(D)","(D)","(D)","(D)","(D)","(D)","(D)","(D)","(NA)"
"44060","Spokane-Spokane Valley, WA (Metropolitan Statistical Area)"," ","900","Real GDP by metropolitan area","50","52, 53","  Finance, insurance, real estate, rental, and leasing",2734,2852,2832,2759,2954,3025,3136,3221,3328,3465,3521,3395,3526,3699
"44060","Spokane-Spokane Valley, WA (Metropolitan Statistical Area)"," ","900","Real GDP by metropolitan area","51","52","   Finance and insurance",830,919,957,889,968,1001,1002,997,1095,1139,1177,1143,1236,1300
"44060","Spokane-Spokane Valley, WA (Metropolitan Statistical Area)"," ","900","Real GDP by metropolitan area","52","521-522","    Federal Reserve banks, credit intermediation, and related services",308,405,439,354,388,368,348,386,"(D)",454,483,484,"(D)","(NA)"
"44060","Spokane-Spokane Valley, WA (Metropolitan Statistical Area)"," ","900","Real GDP by metropolitan area","53","523","    Securities, commodity contracts, and investments","(D)","(D)","(D)","(D)","(D)","(D)","(D)","(D)","(D)",104,96,106,"(D)","(NA)"
"44060","Spokane-Spokane Valley, WA (Metropolitan Statistical Area)"," ","900","Real GDP by metropolitan area","54","524","    Insurance carriers and related activities","(D)","(D)","(D)","(D)","(D)","(D)","(D)","(D)","(D)",572,589,547,567,"(NA)"
"44060","Spokane-Spokane Valley, WA (Metropolitan Statistical Area)"," ","900","Real GDP by metropolitan area","55","525","    Funds, trusts, and other financial vehicles",7,8,10,7,4,3,6,8,7,9,9,5,"(D)","(NA)"
"44060","Spokane-Spokane Valley, WA (Metropolitan Statistical Area)"," ","900","Real GDP by metropolitan area","56","53","   Real estate and rental and leasing",1910,1932,1869,1869,1984,2020,2133,2227,2233,2327,2343,2251,2285,2393
"44060","Spokane-Spokane Valley, WA (Metropolitan Statistical Area)"," ","900","Real GDP by metropolitan area","57","531","    Real estate","(D)","(D)","(D)","(D)","(D)","(D)","(D)","(D)","(D)","(D)","(D)","(D)","(D)","(NA)"
"44060","Spokane-Spokane Valley, WA (Metropolitan Statistical Area)"," ","900","Real GDP by metropolitan area","58","532-533","    Rental and leasing services and lessors of intangible assets","(D)","(D)","(D)","(D)","(D)","(D)","(D)","(D)","(D)","(D)","(D)","(D)","(D)","(NA)"
"44060","Spokane-Spokane Valley, WA (Metropolitan Statistical Area)"," ","900","Real GDP by metropolitan area","59","54, 55, 56","  Professional and business services",1415,1470,1525,1553,1625,1699,1734,1757,1658,1679,1750,1771,1877,1939
"44060","Spokane-Spokane Valley, WA (Metropolitan Statistical Area)"," ","900","Real GDP by metropolitan area","60","54","   Professional, scientific, and technical services",806,879,852,880,872,896,952,"(D)",924,"(D)","(D)",930,"(D)",975
"44060","Spokane-Spokane Valley, WA (Metropolitan Statistical Area)"," ","900","Real GDP by metropolitan area","64","55","   Management of companies and enterprises","(D)","(D)","(D)","(D)","(D)","(D)","(D)","(D)","(D)","(D)","(D)","(D)","(D)","(D)"
"44060","Spokane-Spokane Valley, WA (Metropolitan Statistical Area)"," ","900","Real GDP by metropolitan area","65","56","   Administrative and waste management services","(D)","(D)","(D)","(D)","(D)","(D)","(D)",498,"(D)",494,506,"(D)","(D)","(D)"
"44060","Spokane-Spokane Valley, WA (Metropolitan Statistical Area)"," ","900","Real GDP by metropolitan area","66","561","    Administrative and support services","(D)","(D)","(D)","(D)","(D)","(D)","(D)","(D)","(D)","(D)","(D)","(D)","(D)","(NA)"
"44060","Spokane-Spokane Valley, WA (Metropolitan Statistical Area)"," ","900","Real GDP by metropolitan area","67","562","    Waste management and remediation services","(D)","(D)","(D)","(D)","(D)","(D)","(D)","(D)","(D)","(D)","(D)","(D)","(D)","(NA)"
"44060","Spokane-Spokane Valley, WA (Metropolitan Statistical Area)"," ","900","Real GDP by metropolitan area","68","61, 62","  Educational services, health care, and social assistance",1858,1902,1920,1988,2019,2088,2162,2311,2441,2485,2447,2449,2534,2600
"44060","Spokane-Spokane Valley, WA (Metropolitan Statistical Area)"," ","900","Real GDP by metropolitan area","69","61","   Educational services","(D)","(D)","(D)",186,200,206,221,"(D)","(D)","(D)","(D)","(D)","(D)","(D)"
"44060","Spokane-Spokane Valley, WA (Metropolitan Statistical Area)"," ","900","Real GDP by metropolitan area","70","62","   Health care and social assistance","(D)","(D)","(D)",1801,1819,1882,1941,"(D)","(D)","(D)","(D)","(D)","(D)","(D)"
"44060","Spokane-Spokane Valley, WA (Metropolitan Statistical Area)"," ","900","Real GDP by metropolitan area","71","621","    Ambulatory health care services",804,819,827,"(D)",909,965,968,1020,1109,1153,1142,1164,1161,"(NA)"
"44060","Spokane-Spokane Valley, WA (Metropolitan Statistical Area)"," ","900","Real GDP by metropolitan area","72","622-623","    Hospitals and nursing and residential care facilities","(D)","(D)","(D)","(D)","(D)","(D)","(D)","(D)","(D)","(D)","(D)","(D)","(D)","(NA)"
"44060","Spokane-Spokane Valley, WA (Metropolitan Statistical Area)"," ","900","Real GDP by metropolitan area","73","624","    Social assistance",132,142,146,"(D)","(D)","(D)","(D)",191,182,178,159,"(D)",214,"(NA)"
"44060","Spokane-Spokane Valley, WA (Metropolitan Statistical Area)"," ","900","Real GDP by metropolitan area","74","71, 72","  Arts, entertainment, recreation, accommodation, and food services",701,736,742,782,826,842,849,812,730,735,762,780,768,769
"44060","Spokane-Spokane Valley, WA (Metropolitan Statistical Area)"," ","900","Real GDP by metropolitan area","75","71","   Arts, entertainment, and recreation",99,"(D)","(D)","(D)","(D)","(D)","(D)","(D)","(D)","(D)","(D)","(D)","(D)","(D)"
"44060","Spokane-Spokane Valley, WA (Metropolitan Statistical Area)"," ","900","Real GDP by metropolitan area","76","711-712","    Performing arts, spectator sports, museums, and related activities","(D)","(D)","(D)","(D)","(D)","(D)","(D)","(D)","(D)","(D)","(D)","(D)","(D)","(NA)"
"44060","Spokane-Spokane Valley, WA (Metropolitan Statistical Area)"," ","900","Real GDP by metropolitan area","77","713","    Amusements, gambling, and recreation industries","(D)","(D)","(D)","(D)","(D)","(D)","(D)","(D)","(D)","(D)","(D)","(D)",71,"(NA)"
"44060","Spokane-Spokane Valley, WA (Metropolitan Statistical Area)"," ","900","Real GDP by metropolitan area","78","72","   Accommodation and food services",602,"(D)","(D)","(D)","(D)","(D)","(D)","(D)","(D)","(D)","(D)","(D)","(D)","(D)"
"44060","Spokane-Spokane Valley, WA (Metropolitan Statistical Area)"," ","900","Real GDP by metropolitan area","79","721","    Accommodation",171,"(D)","(D)","(D)","(D)","(D)","(D)","(D)","(D)","(D)","(D)","(D)","(D)","(NA)"
"44060","Spokane-Spokane Valley, WA (Metropolitan Statistical Area)"," ","900","Real GDP by metropolitan area","80","722","    Food services and drinking places",431,448,450,468,490,526,504,485,453,471,490,503,486,"(NA)"
"44060","Spokane-Spokane Valley, WA (Metropolitan Statistical Area)"," ","900","Real GDP by metropolitan area","81","81","  Other services, except government",591,575,545,541,548,552,555,533,495,483,480,483,479,515
"44060","Spokane-Spokane Valley, WA (Metropolitan Statistical Area)"," ","900","Real GDP by metropolitan area","82","92"," Government",3194,3251,3249,3220,3201,3237,3238,3356,3346,3315,3265,3343,3335,3352
"44060","Spokane-Spokane Valley, WA (Metropolitan Statistical Area)"," ","900","Real GDP by metropolitan area","83","...","  Federal civilian",586,619,632,595,555,578,568,591,575,534,552,570,556,"(NA)"
"44060","Spokane-Spokane Valley, WA (Metropolitan Statistical Area)"," ","900","Real GDP by metropolitan area","84","...","  Federal military",444,483,468,463,414,365,350,339,359,363,368,370,374,"(NA)"
"44060","Spokane-Spokane Valley, WA (Metropolitan Statistical Area)"," ","900","Real GDP by metropolitan area","85","...","  State and local",2156,2142,2140,2156,2228,2292,2319,2427,2412,2419,2345,2403,2405,"(NA)"
"44060","Spokane-Spokane Valley, WA (Metropolitan Statistical Area)"," ","900","Real GDP by metropolitan area","86","11, 21","Natural resources and mining",145,178,201,159,168,186,200,184,163,157,149,118,120,163
"44060","Spokane-Spokane Valley, WA (Metropolitan Statistical Area)"," ","900","Real GDP by metropolitan area","87","42, 44-45","Trade","(D)","(D)","(D)","(D)","(D)","(D)","(D)","(D)","(D)","(D)","(D)","(D)","(D)","(D)"
"44060","Spokane-Spokane Valley, WA (Metropolitan Statistical Area)"," ","900","Real GDP by metropolitan area","88","...","Transportation and utilities","(D)","(D)","(D)","(D)","(D)","(D)","(D)","(D)","(D)","(D)","(D)","(D)","(D)","(D)"
"44060","Spokane-Spokane Valley, WA (Metropolitan Statistical Area)"," ","900","Real GDP by metropolitan area","89","...","Private goods-producing industries",2511,2314,2478,2596,2871,3087,"(D)",3215,2997,2760,2765,2811,2814,2865
"44060","Spokane-Spokane Valley, WA (Metropolitan Statistical Area)"," ","900","Real GDP by metropolitan area","90","...","Private services-providing industries",11169,11377,11634,11929,12497,12911,"(D)",13344,12998,13324,13487,13514,13792,14139
"44060","Spokane-Spokane Valley, WA (Metropolitan Statistical Area)"," ","1000","Per capita real GDP by metropolitan area","1","...","All industry total",35484,35272,35866,36286,37543,38270,38723,38400,36852,36706,36828,36932,37220,37628
"Note: See the included footnote file."
NAICS Industry detail is based on the 2007 North American Industry Classification System (NAICS).
"Source: U.S. Department of Commerce / Bureau of Economic Analysis / Regional Product Division"
