"GeoFIPS","GeoName","Region","ComponentId","ComponentName","IndustryId","IndustryClassification","Description","2001","2002","2003","2004","2005","2006","2007","2008","2009","2010","2011","2012","2013","2014"
"35380","New Orleans-Metairie, LA (Metropolitan Statistical Area)"," ","200","Gross domestic product (GDP) by metropolitan area","1","...","All industry total",52021,52281,58284,63771,72620,70822,70801,72780,69298,77938,79309,81497,79552,80278
"35380","New Orleans-Metairie, LA (Metropolitan Statistical Area)"," ","200","Gross domestic product (GDP) by metropolitan area","2","..."," Private industries",46479,46249,51777,56840,65794,64951,64658,66201,62192,70493,71816,74084,72317,73214
"35380","New Orleans-Metairie, LA (Metropolitan Statistical Area)"," ","200","Gross domestic product (GDP) by metropolitan area","3","11","  Agriculture, forestry, fishing, and hunting","(D)","(D)","(D)","(D)","(D)","(D)","(D)","(D)","(D)","(D)","(D)","(D)",143,129
"35380","New Orleans-Metairie, LA (Metropolitan Statistical Area)"," ","200","Gross domestic product (GDP) by metropolitan area","4","111-112","   Farms",16,19,18,22,23,50,43,40,48,54,71,65,70,"(NA)"
"35380","New Orleans-Metairie, LA (Metropolitan Statistical Area)"," ","200","Gross domestic product (GDP) by metropolitan area","5","113-115","   Forestry, fishing, and related activities","(D)","(D)","(D)","(D)","(D)","(D)","(D)","(D)","(D)","(D)","(D)","(D)",73,"(NA)"
"35380","New Orleans-Metairie, LA (Metropolitan Statistical Area)"," ","200","Gross domestic product (GDP) by metropolitan area","6","21","  Mining","(D)","(D)","(D)","(D)","(D)","(D)","(D)","(D)","(D)","(D)","(D)","(D)",7698,7162
"35380","New Orleans-Metairie, LA (Metropolitan Statistical Area)"," ","200","Gross domestic product (GDP) by metropolitan area","7","211","   Oil and gas extraction","(D)","(D)","(D)","(D)","(D)","(D)","(D)","(D)","(D)","(D)","(D)","(D)",6885,"(NA)"
"35380","New Orleans-Metairie, LA (Metropolitan Statistical Area)"," ","200","Gross domestic product (GDP) by metropolitan area","8","212","   Mining, except oil and gas","(D)","(D)","(D)","(D)","(D)","(D)","(D)","(D)","(D)","(D)","(D)","(D)",77,"(NA)"
"35380","New Orleans-Metairie, LA (Metropolitan Statistical Area)"," ","200","Gross domestic product (GDP) by metropolitan area","9","213","   Support activities for mining","(D)","(D)","(D)","(D)","(D)","(D)","(D)","(D)","(D)","(D)","(D)","(D)",736,"(NA)"
"35380","New Orleans-Metairie, LA (Metropolitan Statistical Area)"," ","200","Gross domestic product (GDP) by metropolitan area","10","22","  Utilities","(D)","(D)","(D)","(D)","(D)","(D)","(D)","(D)","(D)","(D)","(D)","(D)",1337,1362
"35380","New Orleans-Metairie, LA (Metropolitan Statistical Area)"," ","200","Gross domestic product (GDP) by metropolitan area","11","23","  Construction",1967,1958,2160,2334,2453,3051,3178,3159,3313,3249,3311,3447,3511,3442
"35380","New Orleans-Metairie, LA (Metropolitan Statistical Area)"," ","200","Gross domestic product (GDP) by metropolitan area","12","31-33","  Manufacturing",4926,6097,9876,12883,20855,19471,16223,15648,13119,18420,17154,18694,16106,16407
"35380","New Orleans-Metairie, LA (Metropolitan Statistical Area)"," ","200","Gross domestic product (GDP) by metropolitan area","13","...","   Durable goods manufacturing","(D)","(D)",1454,1611,1978,1866,"(D)","(D)","(D)",1946,1773,1673,1707,1644
"35380","New Orleans-Metairie, LA (Metropolitan Statistical Area)"," ","200","Gross domestic product (GDP) by metropolitan area","14","321","    Wood products manufacturing","(D)","(D)","(D)","(D)","(D)","(D)","(D)","(D)","(D)","(D)","(D)","(D)",15,"(NA)"
"35380","New Orleans-Metairie, LA (Metropolitan Statistical Area)"," ","200","Gross domestic product (GDP) by metropolitan area","15","327","    Nonmetallic mineral products manufacturing","(D)","(D)","(D)","(D)","(D)","(D)","(D)","(D)","(D)","(D)","(D)","(D)",115,"(NA)"
"35380","New Orleans-Metairie, LA (Metropolitan Statistical Area)"," ","200","Gross domestic product (GDP) by metropolitan area","16","331","    Primary metals manufacturing","(D)","(D)","(D)","(D)","(D)","(D)","(D)","(D)","(D)","(D)","(D)","(D)",181,"(NA)"
"35380","New Orleans-Metairie, LA (Metropolitan Statistical Area)"," ","200","Gross domestic product (GDP) by metropolitan area","17","332","    Fabricated metal products","(D)",159,163,"(D)",153,165,223,240,214,"(D)","(D)","(D)","(D)","(NA)"
"35380","New Orleans-Metairie, LA (Metropolitan Statistical Area)"," ","200","Gross domestic product (GDP) by metropolitan area","18","333","    Machinery manufacturing","(D)","(D)","(D)","(D)","(D)","(D)","(D)","(D)","(D)","(D)","(D)","(D)",189,"(NA)"
"35380","New Orleans-Metairie, LA (Metropolitan Statistical Area)"," ","200","Gross domestic product (GDP) by metropolitan area","19","334","    Computer and electronic products manufacturing","(D)","(D)","(D)","(D)","(D)","(D)","(D)","(D)","(D)","(D)","(D)","(D)",146,"(NA)"
"35380","New Orleans-Metairie, LA (Metropolitan Statistical Area)"," ","200","Gross domestic product (GDP) by metropolitan area","20","335","    Electrical equipment, appliance, and components manufacturing","(D)","(D)","(D)","(D)","(D)","(D)","(D)","(D)","(D)","(D)","(D)","(D)",68,"(NA)"
"35380","New Orleans-Metairie, LA (Metropolitan Statistical Area)"," ","200","Gross domestic product (GDP) by metropolitan area","21","3361-3363","    Motor vehicles, bodies and trailers, and parts manufacturing","(D)","(D)","(D)","(D)","(D)","(D)","(D)","(D)","(D)","(D)","(D)","(D)",7,"(NA)"
"35380","New Orleans-Metairie, LA (Metropolitan Statistical Area)"," ","200","Gross domestic product (GDP) by metropolitan area","22","3364-3366, 3369","    Other transportation equipment manufacturing","(D)","(D)","(D)","(D)","(D)","(D)","(D)","(D)","(D)","(D)","(D)","(D)",582,"(NA)"
"35380","New Orleans-Metairie, LA (Metropolitan Statistical Area)"," ","200","Gross domestic product (GDP) by metropolitan area","23","337","    Furniture and related products manufacturing","(D)","(D)","(D)","(D)","(D)","(D)","(D)","(D)","(D)","(D)","(D)","(D)","(D)","(NA)"
"35380","New Orleans-Metairie, LA (Metropolitan Statistical Area)"," ","200","Gross domestic product (GDP) by metropolitan area","24","339","    Miscellaneous manufacturing","(D)","(D)","(D)","(D)","(D)","(D)","(D)","(D)",49,"(D)","(D)","(D)",52,"(NA)"
"35380","New Orleans-Metairie, LA (Metropolitan Statistical Area)"," ","200","Gross domestic product (GDP) by metropolitan area","25","...","   Nondurable goods manufacturing","(D)","(D)",8422,11272,18877,17606,"(D)","(D)","(D)",16474,15382,17021,14399,14763
"35380","New Orleans-Metairie, LA (Metropolitan Statistical Area)"," ","200","Gross domestic product (GDP) by metropolitan area","26","311-312","    Food and beverage and tobacco products manufacturing","(D)","(D)","(D)","(D)","(D)","(D)","(D)","(D)","(D)","(D)","(D)","(D)",942,"(NA)"
"35380","New Orleans-Metairie, LA (Metropolitan Statistical Area)"," ","200","Gross domestic product (GDP) by metropolitan area","27","313-314","    Textile mills and textile product mills","(D)","(D)","(D)","(D)","(D)","(D)","(D)","(D)","(D)","(D)","(D)","(D)","(D)","(NA)"
"35380","New Orleans-Metairie, LA (Metropolitan Statistical Area)"," ","200","Gross domestic product (GDP) by metropolitan area","28","315-316","    Apparel and leather and allied products manufacturing","(D)","(D)","(D)","(D)","(D)","(D)","(D)","(D)","(D)","(D)","(D)","(D)","(D)","(NA)"
"35380","New Orleans-Metairie, LA (Metropolitan Statistical Area)"," ","200","Gross domestic product (GDP) by metropolitan area","29","322","    Paper products manufacturing","(D)",31,"(D)","(D)","(D)","(D)","(D)","(D)","(D)","(D)","(D)","(D)","(D)","(NA)"
"35380","New Orleans-Metairie, LA (Metropolitan Statistical Area)"," ","200","Gross domestic product (GDP) by metropolitan area","30","323","    Printing and related support activities","(D)","(D)","(D)","(D)","(D)","(D)","(D)","(D)","(D)","(D)","(D)","(D)",70,"(NA)"
"35380","New Orleans-Metairie, LA (Metropolitan Statistical Area)"," ","200","Gross domestic product (GDP) by metropolitan area","31","324","    Petroleum and coal products manufacturing","(D)","(D)","(D)","(D)","(D)","(D)","(D)","(D)","(D)","(D)","(D)","(D)",9402,"(NA)"
"35380","New Orleans-Metairie, LA (Metropolitan Statistical Area)"," ","200","Gross domestic product (GDP) by metropolitan area","32","325","    Chemical products manufacturing",1189,1656,1337,"(D)","(D)","(D)","(D)","(D)","(D)","(D)",4490,"(D)","(D)","(NA)"
"35380","New Orleans-Metairie, LA (Metropolitan Statistical Area)"," ","200","Gross domestic product (GDP) by metropolitan area","33","326","    Plastics and rubber products manufacturing","(D)","(D)","(D)","(D)","(D)","(D)","(D)","(D)","(D)","(D)","(D)","(D)",129,"(NA)"
"35380","New Orleans-Metairie, LA (Metropolitan Statistical Area)"," ","200","Gross domestic product (GDP) by metropolitan area","34","42","  Wholesale trade","(D)","(D)","(D)","(D)","(D)","(D)","(D)","(D)","(D)","(D)","(D)","(D)",4408,4555
"35380","New Orleans-Metairie, LA (Metropolitan Statistical Area)"," ","200","Gross domestic product (GDP) by metropolitan area","35","44-45","  Retail trade","(D)","(D)","(D)","(D)","(D)","(D)","(D)","(D)","(D)","(D)","(D)","(D)",4024,4123
"35380","New Orleans-Metairie, LA (Metropolitan Statistical Area)"," ","200","Gross domestic product (GDP) by metropolitan area","36","48-49","  Transportation and warehousing","(D)","(D)","(D)","(D)",2325,2647,2784,2998,2912,3014,3055,3142,3387,3317
"35380","New Orleans-Metairie, LA (Metropolitan Statistical Area)"," ","200","Gross domestic product (GDP) by metropolitan area","37","481","   Air transportation","(D)","(D)","(D)","(D)","(D)","(D)","(D)","(D)","(D)","(D)","(D)","(D)","(D)","(NA)"
"35380","New Orleans-Metairie, LA (Metropolitan Statistical Area)"," ","200","Gross domestic product (GDP) by metropolitan area","38","482","   Rail transportation",112,103,110,104,101,112,110,133,123,131,139,161,174,"(NA)"
"35380","New Orleans-Metairie, LA (Metropolitan Statistical Area)"," ","200","Gross domestic product (GDP) by metropolitan area","39","483","   Water transportation","(D)","(D)","(D)","(D)","(D)","(D)","(D)","(D)","(D)","(D)","(D)","(D)",1166,"(NA)"
"35380","New Orleans-Metairie, LA (Metropolitan Statistical Area)"," ","200","Gross domestic product (GDP) by metropolitan area","40","484","   Truck transportation",341,344,345,371,387,421,410,412,406,412,427,408,416,"(NA)"
"35380","New Orleans-Metairie, LA (Metropolitan Statistical Area)"," ","200","Gross domestic product (GDP) by metropolitan area","41","485","   Transit and ground passenger transportation","(D)","(D)","(D)","(D)","(D)","(D)","(D)","(D)","(D)","(D)","(D)","(D)",167,"(NA)"
"35380","New Orleans-Metairie, LA (Metropolitan Statistical Area)"," ","200","Gross domestic product (GDP) by metropolitan area","42","486","   Pipeline transportation","(D)","(D)","(D)","(D)","(D)","(D)","(D)","(D)","(D)","(D)","(D)","(D)",82,"(NA)"
"35380","New Orleans-Metairie, LA (Metropolitan Statistical Area)"," ","200","Gross domestic product (GDP) by metropolitan area","43","487-488, 492","   Other transportation and support activities","(D)","(D)","(D)","(D)","(D)","(D)","(D)","(D)","(D)","(D)","(D)","(D)","(D)","(NA)"
"35380","New Orleans-Metairie, LA (Metropolitan Statistical Area)"," ","200","Gross domestic product (GDP) by metropolitan area","44","493","   Warehousing and storage","(D)","(D)","(D)","(D)","(D)","(D)","(D)","(D)","(D)","(D)","(D)","(D)",251,"(NA)"
"35380","New Orleans-Metairie, LA (Metropolitan Statistical Area)"," ","200","Gross domestic product (GDP) by metropolitan area","45","51","  Information","(D)","(D)","(D)",1509,"(D)",1312,"(D)",1503,"(D)","(D)","(D)","(D)","(D)","(D)"
"35380","New Orleans-Metairie, LA (Metropolitan Statistical Area)"," ","200","Gross domestic product (GDP) by metropolitan area","46","511","   Publishing industries, except Internet (includes software)","(D)","(D)","(D)","(D)","(D)","(D)","(D)","(D)","(D)","(D)","(D)","(D)",211,"(NA)"
"35380","New Orleans-Metairie, LA (Metropolitan Statistical Area)"," ","200","Gross domestic product (GDP) by metropolitan area","47","512","   Motion picture and sound recording industries","(D)","(D)","(D)","(D)","(D)","(D)","(D)","(D)","(D)","(D)","(D)","(D)",576,"(NA)"
"35380","New Orleans-Metairie, LA (Metropolitan Statistical Area)"," ","200","Gross domestic product (GDP) by metropolitan area","48","515, 517","   Broadcasting and telecommunications","(D)","(D)","(D)","(D)","(D)","(D)","(D)","(D)","(D)","(D)","(D)","(D)",659,"(NA)"
"35380","New Orleans-Metairie, LA (Metropolitan Statistical Area)"," ","200","Gross domestic product (GDP) by metropolitan area","49","518, 519","   Data processing, internet publishing, and other information services","(D)","(D)","(D)","(D)","(D)","(D)","(D)","(D)","(D)","(D)","(D)","(D)","(D)","(NA)"
"35380","New Orleans-Metairie, LA (Metropolitan Statistical Area)"," ","200","Gross domestic product (GDP) by metropolitan area","50","52, 53","  Finance, insurance, real estate, rental, and leasing",8293,8854,9028,9060,9800,8307,8947,9111,9436,10056,11400,11251,11811,11963
"35380","New Orleans-Metairie, LA (Metropolitan Statistical Area)"," ","200","Gross domestic product (GDP) by metropolitan area","51","52","   Finance and insurance","(D)",2476,2528,2568,2655,2377,2546,2436,2428,2519,2618,2687,2893,2990
"35380","New Orleans-Metairie, LA (Metropolitan Statistical Area)"," ","200","Gross domestic product (GDP) by metropolitan area","52","521-522","    Federal Reserve banks, credit intermediation, and related services","(D)","(D)","(D)","(D)","(D)","(D)","(D)","(D)","(D)","(D)","(D)","(D)","(D)","(NA)"
"35380","New Orleans-Metairie, LA (Metropolitan Statistical Area)"," ","200","Gross domestic product (GDP) by metropolitan area","53","523","    Securities, commodity contracts, and investments","(D)","(D)","(D)","(D)","(D)","(D)","(D)","(D)","(D)","(D)","(D)","(D)",264,"(NA)"
"35380","New Orleans-Metairie, LA (Metropolitan Statistical Area)"," ","200","Gross domestic product (GDP) by metropolitan area","54","524","    Insurance carriers and related activities","(D)","(D)","(D)",1267,"(D)","(D)","(D)","(D)","(D)","(D)","(D)","(D)",1497,"(NA)"
"35380","New Orleans-Metairie, LA (Metropolitan Statistical Area)"," ","200","Gross domestic product (GDP) by metropolitan area","55","525","    Funds, trusts, and other financial vehicles","(D)","(D)","(D)","(D)","(D)","(D)","(D)","(D)","(D)","(D)","(D)","(D)","(D)","(NA)"
"35380","New Orleans-Metairie, LA (Metropolitan Statistical Area)"," ","200","Gross domestic product (GDP) by metropolitan area","56","53","   Real estate and rental and leasing","(D)",6378,6500,6492,7146,5930,6401,6674,7008,7537,8782,8564,8918,8972
"35380","New Orleans-Metairie, LA (Metropolitan Statistical Area)"," ","200","Gross domestic product (GDP) by metropolitan area","57","531","    Real estate","(D)","(D)","(D)","(D)","(D)","(D)","(D)","(D)","(D)","(D)","(D)","(D)",7875,"(NA)"
"35380","New Orleans-Metairie, LA (Metropolitan Statistical Area)"," ","200","Gross domestic product (GDP) by metropolitan area","58","532-533","    Rental and leasing services and lessors of intangible assets","(D)","(D)","(D)","(D)","(D)","(D)","(D)","(D)","(D)","(D)","(D)","(D)",1043,"(NA)"
"35380","New Orleans-Metairie, LA (Metropolitan Statistical Area)"," ","200","Gross domestic product (GDP) by metropolitan area","59","54, 55, 56","  Professional and business services",4743,4877,5014,5286,5274,5747,6252,6856,6545,7037,7028,7241,"(D)",7831
"35380","New Orleans-Metairie, LA (Metropolitan Statistical Area)"," ","200","Gross domestic product (GDP) by metropolitan area","60","54","   Professional, scientific, and technical services",2783,"(D)","(D)","(D)","(D)","(D)","(D)","(D)","(D)","(D)","(D)","(D)","(D)",4800
"35380","New Orleans-Metairie, LA (Metropolitan Statistical Area)"," ","200","Gross domestic product (GDP) by metropolitan area","64","55","   Management of companies and enterprises",682,"(D)","(D)","(D)","(D)","(D)","(D)","(D)","(D)","(D)","(D)","(D)","(D)",856
"35380","New Orleans-Metairie, LA (Metropolitan Statistical Area)"," ","200","Gross domestic product (GDP) by metropolitan area","65","56","   Administrative and waste management services",1278,1295,1387,1488,1595,1840,1965,1981,1811,2065,1888,1936,1995,2176
"35380","New Orleans-Metairie, LA (Metropolitan Statistical Area)"," ","200","Gross domestic product (GDP) by metropolitan area","66","561","    Administrative and support services","(D)","(D)","(D)","(D)","(D)","(D)","(D)","(D)","(D)","(D)","(D)","(D)","(D)","(NA)"
"35380","New Orleans-Metairie, LA (Metropolitan Statistical Area)"," ","200","Gross domestic product (GDP) by metropolitan area","67","562","    Waste management and remediation services","(D)","(D)","(D)","(D)","(D)","(D)","(D)","(D)","(D)","(D)","(D)","(D)","(D)","(NA)"
"35380","New Orleans-Metairie, LA (Metropolitan Statistical Area)"," ","200","Gross domestic product (GDP) by metropolitan area","68","61, 62","  Educational services, health care, and social assistance",3562,3840,3957,4147,3819,3558,3833,4224,4624,4856,4869,5022,5123,5514
"35380","New Orleans-Metairie, LA (Metropolitan Statistical Area)"," ","200","Gross domestic product (GDP) by metropolitan area","69","61","   Educational services","(D)","(D)","(D)","(D)","(D)","(D)","(D)","(D)","(D)","(D)","(D)","(D)",1219,1218
"35380","New Orleans-Metairie, LA (Metropolitan Statistical Area)"," ","200","Gross domestic product (GDP) by metropolitan area","70","62","   Health care and social assistance","(D)","(D)","(D)","(D)","(D)","(D)","(D)","(D)","(D)","(D)","(D)","(D)",3904,4296
"35380","New Orleans-Metairie, LA (Metropolitan Statistical Area)"," ","200","Gross domestic product (GDP) by metropolitan area","71","621","    Ambulatory health care services",1566,1647,1680,1751,1465,1481,1556,1683,1761,1844,1794,1785,1821,"(NA)"
"35380","New Orleans-Metairie, LA (Metropolitan Statistical Area)"," ","200","Gross domestic product (GDP) by metropolitan area","72","622-623","    Hospitals and nursing and residential care facilities","(D)","(D)","(D)","(D)","(D)","(D)","(D)","(D)","(D)","(D)","(D)","(D)","(D)","(NA)"
"35380","New Orleans-Metairie, LA (Metropolitan Statistical Area)"," ","200","Gross domestic product (GDP) by metropolitan area","73","624","    Social assistance","(D)","(D)","(D)","(D)","(D)","(D)","(D)","(D)",274,281,"(D)","(D)","(D)","(NA)"
"35380","New Orleans-Metairie, LA (Metropolitan Statistical Area)"," ","200","Gross domestic product (GDP) by metropolitan area","74","71, 72","  Arts, entertainment, recreation, accommodation, and food services","(D)",3550,3587,3707,3461,3158,3648,3740,3775,3945,4021,4163,4265,4520
"35380","New Orleans-Metairie, LA (Metropolitan Statistical Area)"," ","200","Gross domestic product (GDP) by metropolitan area","75","71","   Arts, entertainment, and recreation","(D)",1031,1177,1209,1193,1037,1273,1362,1197,1234,1215,1222,1231,1319
"35380","New Orleans-Metairie, LA (Metropolitan Statistical Area)"," ","200","Gross domestic product (GDP) by metropolitan area","76","711-712","    Performing arts, spectator sports, museums, and related activities","(D)","(D)","(D)","(D)","(D)","(D)","(D)","(D)","(D)","(D)","(D)","(D)",922,"(NA)"
"35380","New Orleans-Metairie, LA (Metropolitan Statistical Area)"," ","200","Gross domestic product (GDP) by metropolitan area","77","713","    Amusements, gambling, and recreation industries","(D)","(D)","(D)","(D)","(D)","(D)","(D)","(D)","(D)","(D)","(D)","(D)",310,"(NA)"
"35380","New Orleans-Metairie, LA (Metropolitan Statistical Area)"," ","200","Gross domestic product (GDP) by metropolitan area","78","72","   Accommodation and food services",2343,2519,2410,2497,2268,2121,2375,2378,2579,2712,2806,2941,3034,3201
"35380","New Orleans-Metairie, LA (Metropolitan Statistical Area)"," ","200","Gross domestic product (GDP) by metropolitan area","79","721","    Accommodation","(D)","(D)","(D)","(D)","(D)","(D)","(D)","(D)","(D)","(D)","(D)","(D)",1164,"(NA)"
"35380","New Orleans-Metairie, LA (Metropolitan Statistical Area)"," ","200","Gross domestic product (GDP) by metropolitan area","80","722","    Food services and drinking places","(D)","(D)","(D)","(D)","(D)","(D)","(D)","(D)","(D)","(D)","(D)","(D)",1870,"(NA)"
"35380","New Orleans-Metairie, LA (Metropolitan Statistical Area)"," ","200","Gross domestic product (GDP) by metropolitan area","81","81","  Other services, except government","(D)",1299,1266,1315,1232,1235,1317,1315,1337,1374,1372,1435,1502,"(D)"
"35380","New Orleans-Metairie, LA (Metropolitan Statistical Area)"," ","200","Gross domestic product (GDP) by metropolitan area","82","92"," Government",5542,6033,6507,6931,6826,5871,6143,6579,7105,7445,7493,7413,7235,7063
"35380","New Orleans-Metairie, LA (Metropolitan Statistical Area)"," ","200","Gross domestic product (GDP) by metropolitan area","83","...","  Federal civilian",1335,1399,1502,1570,1568,1391,1355,1450,1528,1532,1504,1514,1435,"(NA)"
"35380","New Orleans-Metairie, LA (Metropolitan Statistical Area)"," ","200","Gross domestic product (GDP) by metropolitan area","84","...","  Federal military",390,439,537,563,624,515,528,513,530,606,595,582,572,"(NA)"
"35380","New Orleans-Metairie, LA (Metropolitan Statistical Area)"," ","200","Gross domestic product (GDP) by metropolitan area","85","...","  State and local",3817,4195,4467,4798,4634,3965,4260,4616,5047,5307,5394,5318,5228,"(NA)"
"35380","New Orleans-Metairie, LA (Metropolitan Statistical Area)"," ","200","Gross domestic product (GDP) by metropolitan area","86","11, 21","Natural resources and mining",7724,"(D)","(D)",5743,6561,"(D)",7491,"(D)",7002,7820,8747,8708,7841,7291
"35380","New Orleans-Metairie, LA (Metropolitan Statistical Area)"," ","200","Gross domestic product (GDP) by metropolitan area","87","42, 44-45","Trade",6142,6488,6587,6953,6976,7658,8045,7750,7442,7668,7851,8111,8432,8679
"35380","New Orleans-Metairie, LA (Metropolitan Statistical Area)"," ","200","Gross domestic product (GDP) by metropolitan area","88","...","Transportation and utilities",3446,3297,3619,3904,"(D)","(D)","(D)","(D)","(D)","(D)","(D)","(D)",4724,4679
"35380","New Orleans-Metairie, LA (Metropolitan Statistical Area)"," ","200","Gross domestic product (GDP) by metropolitan area","89","...","Private goods-producing industries",14616,12726,17414,20960,29869,29704,26893,27129,23433,29490,29212,30849,27458,27140
"35380","New Orleans-Metairie, LA (Metropolitan Statistical Area)"," ","200","Gross domestic product (GDP) by metropolitan area","90","...","Private services-providing industries",31863,33523,34363,35881,35925,35247,37766,39073,38759,41003,42604,43235,44858,46074
"35380","New Orleans-Metairie, LA (Metropolitan Statistical Area)"," ","800","Quantity indexes for real GDP by metropolitan area","1","...","All industry total",100.094,101.308,105.050,108.416,110.946,102.041,97.857,96.850,100.000,105.156,98.281,99.370,96.647,98.246
"35380","New Orleans-Metairie, LA (Metropolitan Statistical Area)"," ","800","Quantity indexes for real GDP by metropolitan area","2","..."," Private industries",99.434,100.221,103.975,107.534,111.038,103.187,98.533,97.074,100.000,105.529,98.071,99.525,96.929,99.081
"35380","New Orleans-Metairie, LA (Metropolitan Statistical Area)"," ","800","Quantity indexes for real GDP by metropolitan area","3","11","  Agriculture, forestry, fishing, and hunting","(D)","(D)","(D)","(D)","(D)","(D)","(D)","(D)","(D)","(D)","(D)","(D)","(D)","(D)"
"35380","New Orleans-Metairie, LA (Metropolitan Statistical Area)"," ","800","Quantity indexes for real GDP by metropolitan area","4","111-112","   Farms",32.210,43.291,35.439,36.609,45.578,106.951,66.724,62.491,100.000,96.649,93.606,83.512,86.245,"(NA)"
"35380","New Orleans-Metairie, LA (Metropolitan Statistical Area)"," ","800","Quantity indexes for real GDP by metropolitan area","5","113-115","   Forestry, fishing, and related activities","(D)","(D)","(D)","(D)","(D)","(D)","(D)","(D)","(D)","(D)","(D)","(D)","(D)","(NA)"
"35380","New Orleans-Metairie, LA (Metropolitan Statistical Area)"," ","800","Quantity indexes for real GDP by metropolitan area","6","21","  Mining","(D)","(D)","(D)","(D)","(D)","(D)","(D)","(D)","(D)","(D)","(D)","(D)","(D)","(D)"
"35380","New Orleans-Metairie, LA (Metropolitan Statistical Area)"," ","800","Quantity indexes for real GDP by metropolitan area","7","211","   Oil and gas extraction","(D)","(D)","(D)","(D)","(D)","(D)","(D)","(D)","(D)","(D)","(D)","(D)","(D)","(NA)"
"35380","New Orleans-Metairie, LA (Metropolitan Statistical Area)"," ","800","Quantity indexes for real GDP by metropolitan area","8","212","   Mining, except oil and gas","(D)","(D)","(D)","(D)","(D)","(D)","(D)","(D)","(D)","(D)","(D)","(D)","(D)","(NA)"
"35380","New Orleans-Metairie, LA (Metropolitan Statistical Area)"," ","800","Quantity indexes for real GDP by metropolitan area","9","213","   Support activities for mining","(D)","(D)","(D)","(D)","(D)","(D)","(D)","(D)","(D)","(D)","(D)","(D)","(D)","(NA)"
"35380","New Orleans-Metairie, LA (Metropolitan Statistical Area)"," ","800","Quantity indexes for real GDP by metropolitan area","10","22","  Utilities","(D)","(D)","(D)","(D)","(D)","(D)","(D)","(D)","(D)","(D)","(D)","(D)","(D)","(D)"
"35380","New Orleans-Metairie, LA (Metropolitan Statistical Area)"," ","800","Quantity indexes for real GDP by metropolitan area","11","23","  Construction",91.891,87.392,92.079,92.401,87.490,99.389,97.303,96.707,100.000,99.900,100.327,101.263,99.438,91.974
"35380","New Orleans-Metairie, LA (Metropolitan Statistical Area)"," ","800","Quantity indexes for real GDP by metropolitan area","12","31-33","  Manufacturing",53.654,71.494,105.104,124.860,160.863,134.130,105.366,103.609,100.000,119.529,85.050,86.966,80.776,92.086
"35380","New Orleans-Metairie, LA (Metropolitan Statistical Area)"," ","800","Quantity indexes for real GDP by metropolitan area","13","...","   Durable goods manufacturing","(D)","(D)","(D)","(D)","(D)","(D)","(D)","(D)","(D)","(D)","(D)","(D)","(D)","(D)"
"35380","New Orleans-Metairie, LA (Metropolitan Statistical Area)"," ","800","Quantity indexes for real GDP by metropolitan area","14","321","    Wood products manufacturing","(D)","(D)","(D)","(D)","(D)","(D)","(D)","(D)","(D)","(D)","(D)","(D)","(D)","(NA)"
"35380","New Orleans-Metairie, LA (Metropolitan Statistical Area)"," ","800","Quantity indexes for real GDP by metropolitan area","15","327","    Nonmetallic mineral products manufacturing","(D)","(D)","(D)","(D)","(D)","(D)","(D)","(D)","(D)","(D)","(D)","(D)","(D)","(NA)"
"35380","New Orleans-Metairie, LA (Metropolitan Statistical Area)"," ","800","Quantity indexes for real GDP by metropolitan area","16","331","    Primary metals manufacturing","(D)","(D)","(D)","(D)","(D)","(D)","(D)","(D)","(D)","(D)","(D)","(D)","(D)","(NA)"
"35380","New Orleans-Metairie, LA (Metropolitan Statistical Area)"," ","800","Quantity indexes for real GDP by metropolitan area","17","332","    Fabricated metal products","(D)",96.014,100.536,"(D)",88.663,95.646,126.749,130.350,100.000,"(D)","(D)","(D)","(D)","(NA)"
"35380","New Orleans-Metairie, LA (Metropolitan Statistical Area)"," ","800","Quantity indexes for real GDP by metropolitan area","18","333","    Machinery manufacturing","(D)","(D)","(D)","(D)","(D)","(D)","(D)","(D)","(D)","(D)","(D)","(D)","(D)","(NA)"
"35380","New Orleans-Metairie, LA (Metropolitan Statistical Area)"," ","800","Quantity indexes for real GDP by metropolitan area","19","334","    Computer and electronic products manufacturing","(D)","(D)","(D)","(D)","(D)","(D)","(D)","(D)","(D)","(D)","(D)","(D)","(D)","(NA)"
"35380","New Orleans-Metairie, LA (Metropolitan Statistical Area)"," ","800","Quantity indexes for real GDP by metropolitan area","20","335","    Electrical equipment, appliance, and components manufacturing","(D)","(D)","(D)","(D)","(D)","(D)","(D)","(D)","(D)","(D)","(D)","(D)","(D)","(NA)"
"35380","New Orleans-Metairie, LA (Metropolitan Statistical Area)"," ","800","Quantity indexes for real GDP by metropolitan area","21","3361-3363","    Motor vehicles, bodies and trailers, and parts manufacturing","(D)","(D)","(D)","(D)","(D)","(D)","(D)","(D)","(D)","(D)","(D)","(D)","(D)","(NA)"
"35380","New Orleans-Metairie, LA (Metropolitan Statistical Area)"," ","800","Quantity indexes for real GDP by metropolitan area","22","3364-3366, 3369","    Other transportation equipment manufacturing","(D)","(D)","(D)","(D)","(D)","(D)","(D)","(D)","(D)","(D)","(D)","(D)","(D)","(NA)"
"35380","New Orleans-Metairie, LA (Metropolitan Statistical Area)"," ","800","Quantity indexes for real GDP by metropolitan area","23","337","    Furniture and related products manufacturing","(D)","(D)","(D)","(D)","(D)","(D)","(D)","(D)","(D)","(D)","(D)","(D)","(D)","(NA)"
"35380","New Orleans-Metairie, LA (Metropolitan Statistical Area)"," ","800","Quantity indexes for real GDP by metropolitan area","24","339","    Miscellaneous manufacturing","(D)","(D)","(D)","(D)","(D)","(D)","(D)","(D)",100.000,"(D)","(D)","(D)",102.650,"(NA)"
"35380","New Orleans-Metairie, LA (Metropolitan Statistical Area)"," ","800","Quantity indexes for real GDP by metropolitan area","25","...","   Nondurable goods manufacturing","(D)","(D)","(D)","(D)","(D)","(D)","(D)","(D)","(D)","(D)","(D)","(D)","(D)","(D)"
"35380","New Orleans-Metairie, LA (Metropolitan Statistical Area)"," ","800","Quantity indexes for real GDP by metropolitan area","26","311-312","    Food and beverage and tobacco products manufacturing","(D)","(D)","(D)","(D)","(D)","(D)","(D)","(D)","(D)","(D)","(D)","(D)","(D)","(NA)"
"35380","New Orleans-Metairie, LA (Metropolitan Statistical Area)"," ","800","Quantity indexes for real GDP by metropolitan area","27","313-314","    Textile mills and textile product mills","(D)","(D)","(D)","(D)","(D)","(D)","(D)","(D)","(D)","(D)","(D)","(D)","(D)","(NA)"
"35380","New Orleans-Metairie, LA (Metropolitan Statistical Area)"," ","800","Quantity indexes for real GDP by metropolitan area","28","315-316","    Apparel and leather and allied products manufacturing","(D)","(D)","(D)","(D)","(D)","(D)","(D)","(D)","(D)","(D)","(D)","(D)","(D)","(NA)"
"35380","New Orleans-Metairie, LA (Metropolitan Statistical Area)"," ","800","Quantity indexes for real GDP by metropolitan area","29","322","    Paper products manufacturing","(D)","(D)","(D)","(D)","(D)","(D)","(D)","(D)","(D)","(D)","(D)","(D)","(D)","(NA)"
"35380","New Orleans-Metairie, LA (Metropolitan Statistical Area)"," ","800","Quantity indexes for real GDP by metropolitan area","30","323","    Printing and related support activities","(D)","(D)","(D)","(D)","(D)","(D)","(D)","(D)","(D)","(D)","(D)","(D)","(D)","(NA)"
"35380","New Orleans-Metairie, LA (Metropolitan Statistical Area)"," ","800","Quantity indexes for real GDP by metropolitan area","31","324","    Petroleum and coal products manufacturing","(D)","(D)","(D)","(D)","(D)","(D)","(D)","(D)","(D)","(D)","(D)","(D)","(D)","(NA)"
"35380","New Orleans-Metairie, LA (Metropolitan Statistical Area)"," ","800","Quantity indexes for real GDP by metropolitan area","32","325","    Chemical products manufacturing","(D)","(D)","(D)","(D)","(D)","(D)","(D)","(D)","(D)","(D)","(D)","(D)","(D)","(NA)"
"35380","New Orleans-Metairie, LA (Metropolitan Statistical Area)"," ","800","Quantity indexes for real GDP by metropolitan area","33","326","    Plastics and rubber products manufacturing","(D)","(D)","(D)","(D)","(D)","(D)","(D)","(D)","(D)","(D)","(D)","(D)","(D)","(NA)"
"35380","New Orleans-Metairie, LA (Metropolitan Statistical Area)"," ","800","Quantity indexes for real GDP by metropolitan area","34","42","  Wholesale trade","(D)","(D)","(D)","(D)","(D)","(D)","(D)","(D)","(D)","(D)","(D)","(D)","(D)","(D)"
"35380","New Orleans-Metairie, LA (Metropolitan Statistical Area)"," ","800","Quantity indexes for real GDP by metropolitan area","35","44-45","  Retail trade","(D)","(D)","(D)","(D)","(D)","(D)","(D)","(D)","(D)","(D)","(D)","(D)","(D)","(D)"
"35380","New Orleans-Metairie, LA (Metropolitan Statistical Area)"," ","800","Quantity indexes for real GDP by metropolitan area","36","48-49","  Transportation and warehousing","(D)","(D)","(D)","(D)",75.521,86.726,93.327,99.034,100.000,98.358,102.054,104.977,111.608,102.297
"35380","New Orleans-Metairie, LA (Metropolitan Statistical Area)"," ","800","Quantity indexes for real GDP by metropolitan area","37","481","   Air transportation","(D)","(D)","(D)","(D)","(D)","(D)","(D)","(D)","(D)","(D)","(D)","(D)","(D)","(NA)"
"35380","New Orleans-Metairie, LA (Metropolitan Statistical Area)"," ","800","Quantity indexes for real GDP by metropolitan area","38","482","   Rail transportation",131.543,118.230,126.477,118.463,106.073,106.047,101.976,111.006,100.000,105.006,104.848,113.109,116.171,"(NA)"
"35380","New Orleans-Metairie, LA (Metropolitan Statistical Area)"," ","800","Quantity indexes for real GDP by metropolitan area","39","483","   Water transportation","(D)","(D)","(D)","(D)","(D)","(D)","(D)","(D)","(D)","(D)","(D)","(D)","(D)","(NA)"
"35380","New Orleans-Metairie, LA (Metropolitan Statistical Area)"," ","800","Quantity indexes for real GDP by metropolitan area","40","484","   Truck transportation",97.327,97.069,95.814,102.034,103.031,110.502,106.239,104.280,100.000,107.252,111.864,103.683,102.346,"(NA)"
"35380","New Orleans-Metairie, LA (Metropolitan Statistical Area)"," ","800","Quantity indexes for real GDP by metropolitan area","41","485","   Transit and ground passenger transportation","(D)","(D)","(D)","(D)","(D)","(D)","(D)","(D)","(D)","(D)","(D)","(D)","(D)","(NA)"
"35380","New Orleans-Metairie, LA (Metropolitan Statistical Area)"," ","800","Quantity indexes for real GDP by metropolitan area","42","486","   Pipeline transportation","(D)","(D)","(D)","(D)","(D)","(D)","(D)","(D)","(D)","(D)","(D)","(D)","(D)","(NA)"
"35380","New Orleans-Metairie, LA (Metropolitan Statistical Area)"," ","800","Quantity indexes for real GDP by metropolitan area","43","487-488, 492","   Other transportation and support activities","(D)","(D)","(D)","(D)","(D)","(D)","(D)","(D)","(D)","(D)","(D)","(D)","(D)","(NA)"
"35380","New Orleans-Metairie, LA (Metropolitan Statistical Area)"," ","800","Quantity indexes for real GDP by metropolitan area","44","493","   Warehousing and storage","(D)","(D)","(D)","(D)","(D)","(D)","(D)","(D)","(D)","(D)","(D)","(D)","(D)","(NA)"
"35380","New Orleans-Metairie, LA (Metropolitan Statistical Area)"," ","800","Quantity indexes for real GDP by metropolitan area","45","51","  Information","(D)","(D)","(D)","(D)","(D)","(D)","(D)","(D)","(D)","(D)","(D)","(D)","(D)","(D)"
"35380","New Orleans-Metairie, LA (Metropolitan Statistical Area)"," ","800","Quantity indexes for real GDP by metropolitan area","46","511","   Publishing industries, except Internet (includes software)","(D)","(D)","(D)","(D)","(D)","(D)","(D)","(D)","(D)","(D)","(D)","(D)","(D)","(NA)"
"35380","New Orleans-Metairie, LA (Metropolitan Statistical Area)"," ","800","Quantity indexes for real GDP by metropolitan area","47","512","   Motion picture and sound recording industries","(D)","(D)","(D)","(D)","(D)","(D)","(D)","(D)","(D)","(D)","(D)","(D)","(D)","(NA)"
"35380","New Orleans-Metairie, LA (Metropolitan Statistical Area)"," ","800","Quantity indexes for real GDP by metropolitan area","48","515, 517","   Broadcasting and telecommunications","(D)","(D)","(D)","(D)","(D)","(D)","(D)","(D)","(D)","(D)","(D)","(D)","(D)","(NA)"
"35380","New Orleans-Metairie, LA (Metropolitan Statistical Area)"," ","800","Quantity indexes for real GDP by metropolitan area","49","518, 519","   Data processing, internet publishing, and other information services","(D)","(D)","(D)","(D)","(D)","(D)","(D)","(D)","(D)","(D)","(D)","(D)","(D)","(NA)"
"35380","New Orleans-Metairie, LA (Metropolitan Statistical Area)"," ","800","Quantity indexes for real GDP by metropolitan area","50","52, 53","  Finance, insurance, real estate, rental, and leasing",102.117,105.854,105.144,103.117,109.175,90.485,95.750,96.479,100.000,106.171,118.999,114.621,117.540,116.105
"35380","New Orleans-Metairie, LA (Metropolitan Statistical Area)"," ","800","Quantity indexes for real GDP by metropolitan area","51","52","   Finance and insurance","(D)",106.792,105.396,104.039,105.347,93.297,98.857,95.039,100.000,100.516,102.320,100.720,105.613,106.409
"35380","New Orleans-Metairie, LA (Metropolitan Statistical Area)"," ","800","Quantity indexes for real GDP by metropolitan area","52","521-522","    Federal Reserve banks, credit intermediation, and related services","(D)","(D)","(D)","(D)","(D)","(D)","(D)","(D)","(D)","(D)","(D)","(D)","(D)","(NA)"
"35380","New Orleans-Metairie, LA (Metropolitan Statistical Area)"," ","800","Quantity indexes for real GDP by metropolitan area","53","523","    Securities, commodity contracts, and investments","(D)","(D)","(D)","(D)","(D)","(D)","(D)","(D)","(D)","(D)","(D)","(D)","(D)","(NA)"
"35380","New Orleans-Metairie, LA (Metropolitan Statistical Area)"," ","800","Quantity indexes for real GDP by metropolitan area","54","524","    Insurance carriers and related activities","(D)","(D)","(D)","(D)","(D)","(D)","(D)","(D)","(D)","(D)","(D)","(D)","(D)","(NA)"
"35380","New Orleans-Metairie, LA (Metropolitan Statistical Area)"," ","800","Quantity indexes for real GDP by metropolitan area","55","525","    Funds, trusts, and other financial vehicles","(D)","(D)","(D)","(D)","(D)","(D)","(D)","(D)","(D)","(D)","(D)","(D)","(D)","(NA)"
"35380","New Orleans-Metairie, LA (Metropolitan Statistical Area)"," ","800","Quantity indexes for real GDP by metropolitan area","56","53","   Real estate and rental and leasing","(D)",105.488,105.042,102.755,110.667,89.405,94.556,96.997,100.000,108.168,124.980,119.586,121.762,119.495
"35380","New Orleans-Metairie, LA (Metropolitan Statistical Area)"," ","800","Quantity indexes for real GDP by metropolitan area","57","531","    Real estate","(D)","(D)","(D)","(D)","(D)","(D)","(D)","(D)","(D)","(D)","(D)","(D)","(D)","(NA)"
"35380","New Orleans-Metairie, LA (Metropolitan Statistical Area)"," ","800","Quantity indexes for real GDP by metropolitan area","58","532-533","    Rental and leasing services and lessors of intangible assets","(D)","(D)","(D)","(D)","(D)","(D)","(D)","(D)","(D)","(D)","(D)","(D)","(D)","(NA)"
"35380","New Orleans-Metairie, LA (Metropolitan Statistical Area)"," ","800","Quantity indexes for real GDP by metropolitan area","59","54, 55, 56","  Professional and business services",92.985,93.565,94.165,94.197,90.466,94.860,98.465,106.346,100.000,106.315,104.653,105.975,"(D)",110.634
"35380","New Orleans-Metairie, LA (Metropolitan Statistical Area)"," ","800","Quantity indexes for real GDP by metropolitan area","60","54","   Professional, scientific, and technical services","(D)","(D)","(D)","(D)","(D)","(D)","(D)","(D)","(D)","(D)","(D)","(D)","(D)","(D)"
"35380","New Orleans-Metairie, LA (Metropolitan Statistical Area)"," ","800","Quantity indexes for real GDP by metropolitan area","64","55","   Management of companies and enterprises","(D)","(D)","(D)","(D)","(D)","(D)","(D)","(D)","(D)","(D)","(D)","(D)","(D)","(D)"
"35380","New Orleans-Metairie, LA (Metropolitan Statistical Area)"," ","800","Quantity indexes for real GDP by metropolitan area","65","56","   Administrative and waste management services",79.922,79.805,85.867,89.394,95.225,107.095,110.883,110.502,100.000,114.849,104.581,106.233,107.935,115.469
"35380","New Orleans-Metairie, LA (Metropolitan Statistical Area)"," ","800","Quantity indexes for real GDP by metropolitan area","66","561","    Administrative and support services","(D)","(D)","(D)","(D)","(D)","(D)","(D)","(D)","(D)","(D)","(D)","(D)","(D)","(NA)"
"35380","New Orleans-Metairie, LA (Metropolitan Statistical Area)"," ","800","Quantity indexes for real GDP by metropolitan area","67","562","    Waste management and remediation services","(D)","(D)","(D)","(D)","(D)","(D)","(D)","(D)","(D)","(D)","(D)","(D)","(D)","(NA)"
"35380","New Orleans-Metairie, LA (Metropolitan Statistical Area)"," ","800","Quantity indexes for real GDP by metropolitan area","68","61, 62","  Educational services, health care, and social assistance",99.792,103.748,103.617,105.216,93.896,85.071,87.962,94.787,100.000,102.637,101.263,102.053,102.258,108.212
"35380","New Orleans-Metairie, LA (Metropolitan Statistical Area)"," ","800","Quantity indexes for real GDP by metropolitan area","69","61","   Educational services","(D)","(D)","(D)","(D)","(D)","(D)","(D)","(D)","(D)","(D)","(D)","(D)","(D)","(D)"
"35380","New Orleans-Metairie, LA (Metropolitan Statistical Area)"," ","800","Quantity indexes for real GDP by metropolitan area","70","62","   Health care and social assistance","(D)","(D)","(D)","(D)","(D)","(D)","(D)","(D)","(D)","(D)","(D)","(D)","(D)","(D)"
"35380","New Orleans-Metairie, LA (Metropolitan Statistical Area)"," ","800","Quantity indexes for real GDP by metropolitan area","71","621","    Ambulatory health care services",106.978,110.978,110.671,112.725,92.129,92.128,92.593,98.810,100.000,102.183,98.401,96.510,97.970,"(NA)"
"35380","New Orleans-Metairie, LA (Metropolitan Statistical Area)"," ","800","Quantity indexes for real GDP by metropolitan area","72","622-623","    Hospitals and nursing and residential care facilities","(D)","(D)","(D)","(D)","(D)","(D)","(D)","(D)","(D)","(D)","(D)","(D)","(D)","(NA)"
"35380","New Orleans-Metairie, LA (Metropolitan Statistical Area)"," ","800","Quantity indexes for real GDP by metropolitan area","73","624","    Social assistance","(D)","(D)","(D)","(D)","(D)","(D)","(D)","(D)",100.000,100.233,"(D)","(D)","(D)","(NA)"
"35380","New Orleans-Metairie, LA (Metropolitan Statistical Area)"," ","800","Quantity indexes for real GDP by metropolitan area","74","71, 72","  Arts, entertainment, recreation, accommodation, and food services","(D)",117.021,116.490,117.777,105.679,93.090,103.165,102.688,100.000,104.570,106.459,106.351,106.521,109.598
"35380","New Orleans-Metairie, LA (Metropolitan Statistical Area)"," ","800","Quantity indexes for real GDP by metropolitan area","75","71","   Arts, entertainment, and recreation","(D)",106.552,117.985,118.128,112.622,94.659,111.665,116.725,100.000,102.926,101.172,99.045,98.438,102.872
"35380","New Orleans-Metairie, LA (Metropolitan Statistical Area)"," ","800","Quantity indexes for real GDP by metropolitan area","76","711-712","    Performing arts, spectator sports, museums, and related activities","(D)","(D)","(D)","(D)","(D)","(D)","(D)","(D)","(D)","(D)","(D)","(D)","(D)","(NA)"
"35380","New Orleans-Metairie, LA (Metropolitan Statistical Area)"," ","800","Quantity indexes for real GDP by metropolitan area","77","713","    Amusements, gambling, and recreation industries","(D)","(D)","(D)","(D)","(D)","(D)","(D)","(D)","(D)","(D)","(D)","(D)","(D)","(NA)"
"35380","New Orleans-Metairie, LA (Metropolitan Statistical Area)"," ","800","Quantity indexes for real GDP by metropolitan area","78","72","   Accommodation and food services",117.408,122.139,115.929,117.768,102.484,92.449,99.230,96.128,100.000,105.333,108.919,109.748,110.273,112.738
"35380","New Orleans-Metairie, LA (Metropolitan Statistical Area)"," ","800","Quantity indexes for real GDP by metropolitan area","79","721","    Accommodation","(D)","(D)","(D)","(D)","(D)","(D)","(D)","(D)","(D)","(D)","(D)","(D)","(D)","(NA)"
"35380","New Orleans-Metairie, LA (Metropolitan Statistical Area)"," ","800","Quantity indexes for real GDP by metropolitan area","80","722","    Food services and drinking places","(D)","(D)","(D)","(D)","(D)","(D)","(D)","(D)","(D)","(D)","(D)","(D)","(D)","(NA)"
"35380","New Orleans-Metairie, LA (Metropolitan Statistical Area)"," ","800","Quantity indexes for real GDP by metropolitan area","81","81","  Other services, except government","(D)",126.803,120.148,120.995,108.991,104.944,107.525,103.244,100.000,100.132,97.708,99.267,100.783,"(D)"
"35380","New Orleans-Metairie, LA (Metropolitan Statistical Area)"," ","800","Quantity indexes for real GDP by metropolitan area","82","92"," Government",106.267,111.215,114.883,116.554,110.111,91.016,91.414,94.838,100.000,101.827,100.537,98.048,94.074,90.365
"35380","New Orleans-Metairie, LA (Metropolitan Statistical Area)"," ","800","Quantity indexes for real GDP by metropolitan area","83","...","  Federal civilian",118.706,117.398,119.861,119.406,114.263,98.400,92.411,96.686,100.000,96.600,92.639,93.185,86.369,"(NA)"
"35380","New Orleans-Metairie, LA (Metropolitan Statistical Area)"," ","800","Quantity indexes for real GDP by metropolitan area","84","...","  Federal military",105.237,111.306,125.112,126.065,130.729,102.773,101.018,95.728,100.000,111.329,107.566,103.752,101.831,"(NA)"
"35380","New Orleans-Metairie, LA (Metropolitan Statistical Area)"," ","800","Quantity indexes for real GDP by metropolitan area","85","...","  State and local",102.495,109.241,112.216,114.633,106.579,87.439,90.060,94.179,100.000,102.420,102.208,98.933,95.607,"(NA)"
"35380","New Orleans-Metairie, LA (Metropolitan Statistical Area)"," ","800","Quantity indexes for real GDP by metropolitan area","86","11, 21","Natural resources and mining",204.248,"(D)","(D)",94.041,77.047,"(D)",76.860,"(D)",100.000,87.715,85.532,94.859,80.815,76.711
"35380","New Orleans-Metairie, LA (Metropolitan Statistical Area)"," ","800","Quantity indexes for real GDP by metropolitan area","87","42, 44-45","Trade",96.864,102.700,105.117,108.239,105.968,112.706,115.581,108.651,100.000,101.436,101.657,101.944,104.131,105.758
"35380","New Orleans-Metairie, LA (Metropolitan Statistical Area)"," ","800","Quantity indexes for real GDP by metropolitan area","88","...","Transportation and utilities","(D)","(D)","(D)","(D)","(D)","(D)","(D)","(D)","(D)","(D)","(D)","(D)","(D)","(D)"
"35380","New Orleans-Metairie, LA (Metropolitan Statistical Area)"," ","800","Quantity indexes for real GDP by metropolitan area","89","...","Private goods-producing industries",97.443,92.817,103.441,110.165,123.174,110.947,94.284,88.855,100.000,107.064,86.417,90.351,82.432,86.997
"35380","New Orleans-Metairie, LA (Metropolitan Statistical Area)"," ","800","Quantity indexes for real GDP by metropolitan area","90","...","Private services-providing industries",98.513,101.664,102.225,104.053,101.641,96.957,101.348,103.033,100.000,104.526,107.472,106.813,108.616,108.900
"35380","New Orleans-Metairie, LA (Metropolitan Statistical Area)"," ","900","Real GDP by metropolitan area","1","...","All industry total",69363,70204,72797,75130,76883,70712,67812,67115,69298,72871,68106,68861,66974,68082
"35380","New Orleans-Metairie, LA (Metropolitan Statistical Area)"," ","900","Real GDP by metropolitan area","2","..."," Private industries",61840,62330,64664,66877,69057,64174,61279,60373,62192,65630,60992,61897,60282,61621
"35380","New Orleans-Metairie, LA (Metropolitan Statistical Area)"," ","900","Real GDP by metropolitan area","3","11","  Agriculture, forestry, fishing, and hunting","(D)","(D)","(D)","(D)","(D)","(D)","(D)","(D)","(D)","(D)","(D)","(D)",106,94
"35380","New Orleans-Metairie, LA (Metropolitan Statistical Area)"," ","900","Real GDP by metropolitan area","4","111-112","   Farms",16,21,17,18,22,52,32,30,48,47,45,40,42,"(NA)"
"35380","New Orleans-Metairie, LA (Metropolitan Statistical Area)"," ","900","Real GDP by metropolitan area","5","113-115","   Forestry, fishing, and related activities","(D)","(D)","(D)","(D)","(D)","(D)","(D)","(D)","(D)","(D)","(D)","(D)",66,"(NA)"
"35380","New Orleans-Metairie, LA (Metropolitan Statistical Area)"," ","900","Real GDP by metropolitan area","6","21","  Mining","(D)","(D)","(D)","(D)","(D)","(D)","(D)","(D)","(D)","(D)","(D)","(D)",5552,5277
"35380","New Orleans-Metairie, LA (Metropolitan Statistical Area)"," ","900","Real GDP by metropolitan area","7","211","   Oil and gas extraction","(D)","(D)","(D)","(D)","(D)","(D)","(D)","(D)","(D)","(D)","(D)","(D)",4822,"(NA)"
"35380","New Orleans-Metairie, LA (Metropolitan Statistical Area)"," ","900","Real GDP by metropolitan area","8","212","   Mining, except oil and gas","(D)","(D)","(D)","(D)","(D)","(D)","(D)","(D)","(D)","(D)","(D)","(D)",66,"(NA)"
"35380","New Orleans-Metairie, LA (Metropolitan Statistical Area)"," ","900","Real GDP by metropolitan area","9","213","   Support activities for mining","(D)","(D)","(D)","(D)","(D)","(D)","(D)","(D)","(D)","(D)","(D)","(D)",660,"(NA)"
"35380","New Orleans-Metairie, LA (Metropolitan Statistical Area)"," ","900","Real GDP by metropolitan area","10","22","  Utilities","(D)","(D)","(D)","(D)","(D)","(D)","(D)","(D)","(D)","(D)","(D)","(D)",1362,1316
"35380","New Orleans-Metairie, LA (Metropolitan Statistical Area)"," ","900","Real GDP by metropolitan area","11","23","  Construction",3044,2895,3050,3061,2898,3292,3223,3203,3313,3309,3323,3354,3294,3047
"35380","New Orleans-Metairie, LA (Metropolitan Statistical Area)"," ","900","Real GDP by metropolitan area","12","31-33","  Manufacturing",7039,9379,13788,16380,21103,17596,13823,13592,13119,15681,11157,11409,10597,12081
"35380","New Orleans-Metairie, LA (Metropolitan Statistical Area)"," ","900","Real GDP by metropolitan area","13","...","   Durable goods manufacturing","(D)","(D)",1640,1766,2101,1916,"(D)","(D)","(D)",1944,1753,1634,1648,1556
"35380","New Orleans-Metairie, LA (Metropolitan Statistical Area)"," ","900","Real GDP by metropolitan area","14","321","    Wood products manufacturing","(D)","(D)","(D)","(D)","(D)","(D)","(D)","(D)","(D)","(D)","(D)","(D)",13,"(NA)"
"35380","New Orleans-Metairie, LA (Metropolitan Statistical Area)"," ","900","Real GDP by metropolitan area","15","327","    Nonmetallic mineral products manufacturing","(D)","(D)","(D)","(D)","(D)","(D)","(D)","(D)","(D)","(D)","(D)","(D)",112,"(NA)"
"35380","New Orleans-Metairie, LA (Metropolitan Statistical Area)"," ","900","Real GDP by metropolitan area","16","331","    Primary metals manufacturing","(D)","(D)","(D)","(D)","(D)","(D)","(D)","(D)","(D)","(D)","(D)","(D)",162,"(NA)"
"35380","New Orleans-Metairie, LA (Metropolitan Statistical Area)"," ","900","Real GDP by metropolitan area","17","332","    Fabricated metal products","(D)",205,215,"(D)",189,204,271,279,214,"(D)","(D)","(D)","(D)","(NA)"
"35380","New Orleans-Metairie, LA (Metropolitan Statistical Area)"," ","900","Real GDP by metropolitan area","18","333","    Machinery manufacturing","(D)","(D)","(D)","(D)","(D)","(D)","(D)","(D)","(D)","(D)","(D)","(D)",183,"(NA)"
"35380","New Orleans-Metairie, LA (Metropolitan Statistical Area)"," ","900","Real GDP by metropolitan area","19","334","    Computer and electronic products manufacturing","(D)","(D)","(D)","(D)","(D)","(D)","(D)","(D)","(D)","(D)","(D)","(D)",156,"(NA)"
"35380","New Orleans-Metairie, LA (Metropolitan Statistical Area)"," ","900","Real GDP by metropolitan area","20","335","    Electrical equipment, appliance, and components manufacturing","(D)","(D)","(D)","(D)","(D)","(D)","(D)","(D)","(D)","(D)","(D)","(D)",66,"(NA)"
"35380","New Orleans-Metairie, LA (Metropolitan Statistical Area)"," ","900","Real GDP by metropolitan area","21","3361-3363","    Motor vehicles, bodies and trailers, and parts manufacturing","(D)","(D)","(D)","(D)","(D)","(D)","(D)","(D)","(D)","(D)","(D)","(D)",7,"(NA)"
"35380","New Orleans-Metairie, LA (Metropolitan Statistical Area)"," ","900","Real GDP by metropolitan area","22","3364-3366, 3369","    Other transportation equipment manufacturing","(D)","(D)","(D)","(D)","(D)","(D)","(D)","(D)","(D)","(D)","(D)","(D)",550,"(NA)"
"35380","New Orleans-Metairie, LA (Metropolitan Statistical Area)"," ","900","Real GDP by metropolitan area","23","337","    Furniture and related products manufacturing","(D)","(D)","(D)","(D)","(D)","(D)","(D)","(D)","(D)","(D)","(D)","(D)","(D)","(NA)"
"35380","New Orleans-Metairie, LA (Metropolitan Statistical Area)"," ","900","Real GDP by metropolitan area","24","339","    Miscellaneous manufacturing","(D)","(D)","(D)","(D)","(D)","(D)","(D)","(D)",49,"(D)","(D)","(D)",50,"(NA)"
"35380","New Orleans-Metairie, LA (Metropolitan Statistical Area)"," ","900","Real GDP by metropolitan area","25","...","   Nondurable goods manufacturing","(D)","(D)",11981,14455,18806,15533,"(D)","(D)","(D)",13693,9482,9791,9014,10501
"35380","New Orleans-Metairie, LA (Metropolitan Statistical Area)"," ","900","Real GDP by metropolitan area","26","311-312","    Food and beverage and tobacco products manufacturing","(D)","(D)","(D)","(D)","(D)","(D)","(D)","(D)","(D)","(D)","(D)","(D)",881,"(NA)"
"35380","New Orleans-Metairie, LA (Metropolitan Statistical Area)"," ","900","Real GDP by metropolitan area","27","313-314","    Textile mills and textile product mills","(D)","(D)","(D)","(D)","(D)","(D)","(D)","(D)","(D)","(D)","(D)","(D)","(D)","(NA)"
"35380","New Orleans-Metairie, LA (Metropolitan Statistical Area)"," ","900","Real GDP by metropolitan area","28","315-316","    Apparel and leather and allied products manufacturing","(D)","(D)","(D)","(D)","(D)","(D)","(D)","(D)","(D)","(D)","(D)","(D)","(D)","(NA)"
"35380","New Orleans-Metairie, LA (Metropolitan Statistical Area)"," ","900","Real GDP by metropolitan area","29","322","    Paper products manufacturing","(D)",37,"(D)","(D)","(D)","(D)","(D)","(D)","(D)","(D)","(D)","(D)","(D)","(NA)"
"35380","New Orleans-Metairie, LA (Metropolitan Statistical Area)"," ","900","Real GDP by metropolitan area","30","323","    Printing and related support activities","(D)","(D)","(D)","(D)","(D)","(D)","(D)","(D)","(D)","(D)","(D)","(D)",75,"(NA)"
"35380","New Orleans-Metairie, LA (Metropolitan Statistical Area)"," ","900","Real GDP by metropolitan area","31","324","    Petroleum and coal products manufacturing","(D)","(D)","(D)","(D)","(D)","(D)","(D)","(D)","(D)","(D)","(D)","(D)",4992,"(NA)"
"35380","New Orleans-Metairie, LA (Metropolitan Statistical Area)"," ","900","Real GDP by metropolitan area","32","325","    Chemical products manufacturing",1601,2217,1754,"(D)","(D)","(D)","(D)","(D)","(D)","(D)",4146,"(D)","(D)","(NA)"
"35380","New Orleans-Metairie, LA (Metropolitan Statistical Area)"," ","900","Real GDP by metropolitan area","33","326","    Plastics and rubber products manufacturing","(D)","(D)","(D)","(D)","(D)","(D)","(D)","(D)","(D)","(D)","(D)","(D)",119,"(NA)"
"35380","New Orleans-Metairie, LA (Metropolitan Statistical Area)"," ","900","Real GDP by metropolitan area","34","42","  Wholesale trade","(D)","(D)","(D)","(D)","(D)","(D)","(D)","(D)","(D)","(D)","(D)","(D)",4007,4084
"35380","New Orleans-Metairie, LA (Metropolitan Statistical Area)"," ","900","Real GDP by metropolitan area","35","44-45","  Retail trade","(D)","(D)","(D)","(D)","(D)","(D)","(D)","(D)","(D)","(D)","(D)","(D)",3740,3784
"35380","New Orleans-Metairie, LA (Metropolitan Statistical Area)"," ","900","Real GDP by metropolitan area","36","48-49","  Transportation and warehousing","(D)","(D)","(D)","(D)",2199,2526,2718,2884,2912,2864,2972,3057,3250,2979
"35380","New Orleans-Metairie, LA (Metropolitan Statistical Area)"," ","900","Real GDP by metropolitan area","37","481","   Air transportation","(D)","(D)","(D)","(D)","(D)","(D)","(D)","(D)","(D)","(D)","(D)","(D)","(D)","(NA)"
"35380","New Orleans-Metairie, LA (Metropolitan Statistical Area)"," ","900","Real GDP by metropolitan area","38","482","   Rail transportation",162,145,156,146,130,130,125,137,123,129,129,139,143,"(NA)"
"35380","New Orleans-Metairie, LA (Metropolitan Statistical Area)"," ","900","Real GDP by metropolitan area","39","483","   Water transportation","(D)","(D)","(D)","(D)","(D)","(D)","(D)","(D)","(D)","(D)","(D)","(D)",1338,"(NA)"
"35380","New Orleans-Metairie, LA (Metropolitan Statistical Area)"," ","900","Real GDP by metropolitan area","40","484","   Truck transportation",395,394,389,415,419,449,432,424,406,436,454,421,416,"(NA)"
"35380","New Orleans-Metairie, LA (Metropolitan Statistical Area)"," ","900","Real GDP by metropolitan area","41","485","   Transit and ground passenger transportation","(D)","(D)","(D)","(D)","(D)","(D)","(D)","(D)","(D)","(D)","(D)","(D)",143,"(NA)"
"35380","New Orleans-Metairie, LA (Metropolitan Statistical Area)"," ","900","Real GDP by metropolitan area","42","486","   Pipeline transportation","(D)","(D)","(D)","(D)","(D)","(D)","(D)","(D)","(D)","(D)","(D)","(D)",67,"(NA)"
"35380","New Orleans-Metairie, LA (Metropolitan Statistical Area)"," ","900","Real GDP by metropolitan area","43","487-488, 492","   Other transportation and support activities","(D)","(D)","(D)","(D)","(D)","(D)","(D)","(D)","(D)","(D)","(D)","(D)","(D)","(NA)"
"35380","New Orleans-Metairie, LA (Metropolitan Statistical Area)"," ","900","Real GDP by metropolitan area","44","493","   Warehousing and storage","(D)","(D)","(D)","(D)","(D)","(D)","(D)","(D)","(D)","(D)","(D)","(D)",292,"(NA)"
"35380","New Orleans-Metairie, LA (Metropolitan Statistical Area)"," ","900","Real GDP by metropolitan area","45","51","  Information","(D)","(D)","(D)",1426,"(D)",1289,"(D)",1504,"(D)","(D)","(D)","(D)","(D)","(D)"
"35380","New Orleans-Metairie, LA (Metropolitan Statistical Area)"," ","900","Real GDP by metropolitan area","46","511","   Publishing industries, except Internet (includes software)","(D)","(D)","(D)","(D)","(D)","(D)","(D)","(D)","(D)","(D)","(D)","(D)",209,"(NA)"
"35380","New Orleans-Metairie, LA (Metropolitan Statistical Area)"," ","900","Real GDP by metropolitan area","47","512","   Motion picture and sound recording industries","(D)","(D)","(D)","(D)","(D)","(D)","(D)","(D)","(D)","(D)","(D)","(D)",571,"(NA)"
"35380","New Orleans-Metairie, LA (Metropolitan Statistical Area)"," ","900","Real GDP by metropolitan area","48","515, 517","   Broadcasting and telecommunications","(D)","(D)","(D)","(D)","(D)","(D)","(D)","(D)","(D)","(D)","(D)","(D)",662,"(NA)"
"35380","New Orleans-Metairie, LA (Metropolitan Statistical Area)"," ","900","Real GDP by metropolitan area","49","518, 519","   Data processing, internet publishing, and other information services","(D)","(D)","(D)","(D)","(D)","(D)","(D)","(D)","(D)","(D)","(D)","(D)","(D)","(NA)"
"35380","New Orleans-Metairie, LA (Metropolitan Statistical Area)"," ","900","Real GDP by metropolitan area","50","52, 53","  Finance, insurance, real estate, rental, and leasing",9636,9988,9921,9730,10302,8538,9035,9104,9436,10018,11228,10815,11091,10955
"35380","New Orleans-Metairie, LA (Metropolitan Statistical Area)"," ","900","Real GDP by metropolitan area","51","52","   Finance and insurance","(D)",2593,2559,2526,2557,2265,2400,2307,2428,2440,2484,2445,2564,2583
"35380","New Orleans-Metairie, LA (Metropolitan Statistical Area)"," ","900","Real GDP by metropolitan area","52","521-522","    Federal Reserve banks, credit intermediation, and related services","(D)","(D)","(D)","(D)","(D)","(D)","(D)","(D)","(D)","(D)","(D)","(D)","(D)","(NA)"
"35380","New Orleans-Metairie, LA (Metropolitan Statistical Area)"," ","900","Real GDP by metropolitan area","53","523","    Securities, commodity contracts, and investments","(D)","(D)","(D)","(D)","(D)","(D)","(D)","(D)","(D)","(D)","(D)","(D)",243,"(NA)"
"35380","New Orleans-Metairie, LA (Metropolitan Statistical Area)"," ","900","Real GDP by metropolitan area","54","524","    Insurance carriers and related activities","(D)","(D)","(D)",1301,"(D)","(D)","(D)","(D)","(D)","(D)","(D)","(D)",1380,"(NA)"
"35380","New Orleans-Metairie, LA (Metropolitan Statistical Area)"," ","900","Real GDP by metropolitan area","55","525","    Funds, trusts, and other financial vehicles","(D)","(D)","(D)","(D)","(D)","(D)","(D)","(D)","(D)","(D)","(D)","(D)","(D)","(NA)"
"35380","New Orleans-Metairie, LA (Metropolitan Statistical Area)"," ","900","Real GDP by metropolitan area","56","53","   Real estate and rental and leasing","(D)",7393,7361,7201,7756,6266,6627,6798,7008,7580,8759,8381,8533,8374
"35380","New Orleans-Metairie, LA (Metropolitan Statistical Area)"," ","900","Real GDP by metropolitan area","57","531","    Real estate","(D)","(D)","(D)","(D)","(D)","(D)","(D)","(D)","(D)","(D)","(D)","(D)",7517,"(NA)"
"35380","New Orleans-Metairie, LA (Metropolitan Statistical Area)"," ","900","Real GDP by metropolitan area","58","532-533","    Rental and leasing services and lessors of intangible assets","(D)","(D)","(D)","(D)","(D)","(D)","(D)","(D)","(D)","(D)","(D)","(D)",1017,"(NA)"
"35380","New Orleans-Metairie, LA (Metropolitan Statistical Area)"," ","900","Real GDP by metropolitan area","59","54, 55, 56","  Professional and business services",6086,6124,6163,6165,5921,6209,6445,6961,6545,6959,6850,6936,"(D)",7241
"35380","New Orleans-Metairie, LA (Metropolitan Statistical Area)"," ","900","Real GDP by metropolitan area","60","54","   Professional, scientific, and technical services",3609,"(D)","(D)","(D)","(D)","(D)","(D)","(D)","(D)","(D)","(D)","(D)","(D)",4294
"35380","New Orleans-Metairie, LA (Metropolitan Statistical Area)"," ","900","Real GDP by metropolitan area","64","55","   Management of companies and enterprises",1098,"(D)","(D)","(D)","(D)","(D)","(D)","(D)","(D)","(D)","(D)","(D)","(D)",854
"35380","New Orleans-Metairie, LA (Metropolitan Statistical Area)"," ","900","Real GDP by metropolitan area","65","56","   Administrative and waste management services",1447,1445,1555,1618,1724,1939,2008,2001,1811,2079,1893,1923,1954,2091
"35380","New Orleans-Metairie, LA (Metropolitan Statistical Area)"," ","900","Real GDP by metropolitan area","66","561","    Administrative and support services","(D)","(D)","(D)","(D)","(D)","(D)","(D)","(D)","(D)","(D)","(D)","(D)","(D)","(NA)"
"35380","New Orleans-Metairie, LA (Metropolitan Statistical Area)"," ","900","Real GDP by metropolitan area","67","562","    Waste management and remediation services","(D)","(D)","(D)","(D)","(D)","(D)","(D)","(D)","(D)","(D)","(D)","(D)","(D)","(NA)"
"35380","New Orleans-Metairie, LA (Metropolitan Statistical Area)"," ","900","Real GDP by metropolitan area","68","61, 62","  Educational services, health care, and social assistance",4614,4797,4791,4865,4341,3933,4067,4383,4624,4746,4682,4719,4728,5003
"35380","New Orleans-Metairie, LA (Metropolitan Statistical Area)"," ","900","Real GDP by metropolitan area","69","61","   Educational services","(D)","(D)","(D)","(D)","(D)","(D)","(D)","(D)","(D)","(D)","(D)","(D)",1078,1045
"35380","New Orleans-Metairie, LA (Metropolitan Statistical Area)"," ","900","Real GDP by metropolitan area","70","62","   Health care and social assistance","(D)","(D)","(D)","(D)","(D)","(D)","(D)","(D)","(D)","(D)","(D)","(D)",3650,3966
"35380","New Orleans-Metairie, LA (Metropolitan Statistical Area)"," ","900","Real GDP by metropolitan area","71","621","    Ambulatory health care services",1884,1954,1949,1985,1622,1622,1631,1740,1761,1799,1733,1700,1725,"(NA)"
"35380","New Orleans-Metairie, LA (Metropolitan Statistical Area)"," ","900","Real GDP by metropolitan area","72","622-623","    Hospitals and nursing and residential care facilities","(D)","(D)","(D)","(D)","(D)","(D)","(D)","(D)","(D)","(D)","(D)","(D)","(D)","(NA)"
"35380","New Orleans-Metairie, LA (Metropolitan Statistical Area)"," ","900","Real GDP by metropolitan area","73","624","    Social assistance","(D)","(D)","(D)","(D)","(D)","(D)","(D)","(D)",274,274,"(D)","(D)","(D)","(NA)"
"35380","New Orleans-Metairie, LA (Metropolitan Statistical Area)"," ","900","Real GDP by metropolitan area","74","71, 72","  Arts, entertainment, recreation, accommodation, and food services","(D)",4418,4398,4447,3990,3515,3895,3877,3775,3948,4019,4015,4022,4138
"35380","New Orleans-Metairie, LA (Metropolitan Statistical Area)"," ","900","Real GDP by metropolitan area","75","71","   Arts, entertainment, and recreation","(D)",1275,1412,1413,1348,1133,1336,1397,1197,1232,1211,1185,1178,1231
"35380","New Orleans-Metairie, LA (Metropolitan Statistical Area)"," ","900","Real GDP by metropolitan area","76","711-712","    Performing arts, spectator sports, museums, and related activities","(D)","(D)","(D)","(D)","(D)","(D)","(D)","(D)","(D)","(D)","(D)","(D)",879,"(NA)"
"35380","New Orleans-Metairie, LA (Metropolitan Statistical Area)"," ","900","Real GDP by metropolitan area","77","713","    Amusements, gambling, and recreation industries","(D)","(D)","(D)","(D)","(D)","(D)","(D)","(D)","(D)","(D)","(D)","(D)",300,"(NA)"
"35380","New Orleans-Metairie, LA (Metropolitan Statistical Area)"," ","900","Real GDP by metropolitan area","78","72","   Accommodation and food services",3028,3150,2990,3037,2643,2384,2559,2479,2579,2716,2809,2830,2844,2907
"35380","New Orleans-Metairie, LA (Metropolitan Statistical Area)"," ","900","Real GDP by metropolitan area","79","721","    Accommodation","(D)","(D)","(D)","(D)","(D)","(D)","(D)","(D)","(D)","(D)","(D)","(D)",1096,"(NA)"
"35380","New Orleans-Metairie, LA (Metropolitan Statistical Area)"," ","900","Real GDP by metropolitan area","80","722","    Food services and drinking places","(D)","(D)","(D)","(D)","(D)","(D)","(D)","(D)","(D)","(D)","(D)","(D)",1748,"(NA)"
"35380","New Orleans-Metairie, LA (Metropolitan Statistical Area)"," ","900","Real GDP by metropolitan area","81","81","  Other services, except government","(D)",1696,1607,1618,1457,1403,1438,1381,1337,1339,1306,1327,1348,"(D)"
"35380","New Orleans-Metairie, LA (Metropolitan Statistical Area)"," ","900","Real GDP by metropolitan area","82","92"," Government",7551,7902,8163,8282,7824,6467,6495,6739,7105,7235,7144,6967,6684,6421
"35380","New Orleans-Metairie, LA (Metropolitan Statistical Area)"," ","900","Real GDP by metropolitan area","83","...","  Federal civilian",1814,1794,1832,1825,1746,1504,1412,1477,1528,1476,1416,1424,1320,"(NA)"
"35380","New Orleans-Metairie, LA (Metropolitan Statistical Area)"," ","900","Real GDP by metropolitan area","84","...","  Federal military",558,590,664,669,693,545,536,508,530,591,571,550,540,"(NA)"
"35380","New Orleans-Metairie, LA (Metropolitan Statistical Area)"," ","900","Real GDP by metropolitan area","85","...","  State and local",5173,5513,5663,5785,5379,4413,4545,4753,5047,5169,5158,4993,4825,"(NA)"
"35380","New Orleans-Metairie, LA (Metropolitan Statistical Area)"," ","900","Real GDP by metropolitan area","86","11, 21","Natural resources and mining",14301,"(D)","(D)",6584,5395,"(D)",5381,"(D)",7002,6141,5989,6642,5658,5371
"35380","New Orleans-Metairie, LA (Metropolitan Statistical Area)"," ","900","Real GDP by metropolitan area","87","42, 44-45","Trade",7208,7643,7822,8055,7886,8387,8601,8085,7442,7548,7565,7586,7749,7870
"35380","New Orleans-Metairie, LA (Metropolitan Statistical Area)"," ","900","Real GDP by metropolitan area","88","...","Transportation and utilities",3808,3630,3808,4096,"(D)","(D)","(D)","(D)","(D)","(D)","(D)","(D)",4622,4300
"35380","New Orleans-Metairie, LA (Metropolitan Statistical Area)"," ","900","Real GDP by metropolitan area","89","...","Private goods-producing industries",22834,21750,24239,25815,28863,25998,22093,20821,23433,25088,20250,21172,19316,20386
"35380","New Orleans-Metairie, LA (Metropolitan Statistical Area)"," ","900","Real GDP by metropolitan area","90","...","Private services-providing industries",38183,39404,39621,40330,39395,37580,39282,39935,38759,40514,41655,41400,42099,42209
"35380","New Orleans-Metairie, LA (Metropolitan Statistical Area)"," ","1000","Per capita real GDP by metropolitan area","1","...","All industry total",51589,51825,53326,54533,55454,67980,61852,59089,59338,60941,56102,56092,53969,54385
"Note: See the included footnote file."
NAICS Industry detail is based on the 2007 North American Industry Classification System (NAICS).
"Source: U.S. Department of Commerce / Bureau of Economic Analysis / Regional Product Division"
