"GeoFIPS","GeoName","Region","ComponentId","ComponentName","IndustryId","IndustryClassification","Description","2001","2002","2003","2004","2005","2006","2007","2008","2009","2010","2011","2012","2013","2014"
"47260","Virginia Beach-Norfolk-Newport News, VA-NC (Metropolitan Statistical Area)"," ","200","Gross domestic product (GDP) by metropolitan area","1","...","All industry total",54039,57371,61728,65401,70441,74945,78942,80175,82143,83123,84661,87362,89050,90772
"47260","Virginia Beach-Norfolk-Newport News, VA-NC (Metropolitan Statistical Area)"," ","200","Gross domestic product (GDP) by metropolitan area","2","..."," Private industries",38002,40048,43034,45522,49650,52692,55577,55978,57590,57856,58790,61437,63614,65090
"47260","Virginia Beach-Norfolk-Newport News, VA-NC (Metropolitan Statistical Area)"," ","200","Gross domestic product (GDP) by metropolitan area","3","11","  Agriculture, forestry, fishing, and hunting","(D)","(D)","(D)","(D)","(D)","(D)","(D)","(D)","(D)","(D)","(D)","(D)",197,206
"47260","Virginia Beach-Norfolk-Newport News, VA-NC (Metropolitan Statistical Area)"," ","200","Gross domestic product (GDP) by metropolitan area","4","111-112","   Farms",63,65,116,125,128,127,105,138,131,121,182,181,158,"(NA)"
"47260","Virginia Beach-Norfolk-Newport News, VA-NC (Metropolitan Statistical Area)"," ","200","Gross domestic product (GDP) by metropolitan area","5","113-115","   Forestry, fishing, and related activities","(D)","(D)","(D)","(D)","(D)","(D)","(D)","(D)","(D)","(D)","(D)","(D)",38,"(NA)"
"47260","Virginia Beach-Norfolk-Newport News, VA-NC (Metropolitan Statistical Area)"," ","200","Gross domestic product (GDP) by metropolitan area","6","21","  Mining","(D)","(D)","(D)","(D)","(D)","(D)","(D)","(D)","(D)","(D)","(D)","(D)","(D)","(D)"
"47260","Virginia Beach-Norfolk-Newport News, VA-NC (Metropolitan Statistical Area)"," ","200","Gross domestic product (GDP) by metropolitan area","7","211","   Oil and gas extraction",7,14,30,63,49,53,56,"(D)","(D)","(D)","(D)","(D)","(D)","(NA)"
"47260","Virginia Beach-Norfolk-Newport News, VA-NC (Metropolitan Statistical Area)"," ","200","Gross domestic product (GDP) by metropolitan area","8","212","   Mining, except oil and gas","(D)","(D)","(D)","(D)","(D)","(D)","(D)","(D)","(D)","(D)","(D)","(D)",252,"(NA)"
"47260","Virginia Beach-Norfolk-Newport News, VA-NC (Metropolitan Statistical Area)"," ","200","Gross domestic product (GDP) by metropolitan area","9","213","   Support activities for mining","(L)",1,"(D)","(D)","(D)","(D)","(D)","(D)","(D)","(D)","(D)","(D)","(D)","(NA)"
"47260","Virginia Beach-Norfolk-Newport News, VA-NC (Metropolitan Statistical Area)"," ","200","Gross domestic product (GDP) by metropolitan area","10","22","  Utilities","(D)","(D)","(D)","(D)","(D)","(D)","(D)","(D)","(D)","(D)","(D)","(D)",679,717
"47260","Virginia Beach-Norfolk-Newport News, VA-NC (Metropolitan Statistical Area)"," ","200","Gross domestic product (GDP) by metropolitan area","11","23","  Construction","(D)","(D)","(D)","(D)","(D)","(D)","(D)",3334,2998,"(D)","(D)","(D)","(D)","(D)"
"47260","Virginia Beach-Norfolk-Newport News, VA-NC (Metropolitan Statistical Area)"," ","200","Gross domestic product (GDP) by metropolitan area","12","31-33","  Manufacturing","(D)","(D)","(D)","(D)","(D)","(D)","(D)",7137,"(D)","(D)","(D)","(D)",8855,"(D)"
"47260","Virginia Beach-Norfolk-Newport News, VA-NC (Metropolitan Statistical Area)"," ","200","Gross domestic product (GDP) by metropolitan area","13","...","   Durable goods manufacturing","(D)","(D)","(D)","(D)","(D)","(D)","(D)","(D)","(D)","(D)","(D)","(D)","(D)","(D)"
"47260","Virginia Beach-Norfolk-Newport News, VA-NC (Metropolitan Statistical Area)"," ","200","Gross domestic product (GDP) by metropolitan area","14","321","    Wood products manufacturing","(D)","(D)","(D)","(D)","(D)","(D)","(D)","(D)","(D)","(D)","(D)","(D)",35,"(NA)"
"47260","Virginia Beach-Norfolk-Newport News, VA-NC (Metropolitan Statistical Area)"," ","200","Gross domestic product (GDP) by metropolitan area","15","327","    Nonmetallic mineral products manufacturing","(D)","(D)","(D)","(D)","(D)","(D)","(D)","(D)","(D)","(D)","(D)","(D)",205,"(NA)"
"47260","Virginia Beach-Norfolk-Newport News, VA-NC (Metropolitan Statistical Area)"," ","200","Gross domestic product (GDP) by metropolitan area","16","331","    Primary metals manufacturing","(D)","(D)","(D)","(D)","(D)","(D)","(D)","(D)","(D)","(D)","(D)","(D)",100,"(NA)"
"47260","Virginia Beach-Norfolk-Newport News, VA-NC (Metropolitan Statistical Area)"," ","200","Gross domestic product (GDP) by metropolitan area","17","332","    Fabricated metal products","(D)","(D)","(D)","(D)","(D)",233,248,249,"(D)","(D)","(D)","(D)",270,"(NA)"
"47260","Virginia Beach-Norfolk-Newport News, VA-NC (Metropolitan Statistical Area)"," ","200","Gross domestic product (GDP) by metropolitan area","18","333","    Machinery manufacturing","(D)","(D)","(D)","(D)","(D)","(D)","(D)","(D)","(D)","(D)","(D)","(D)",499,"(NA)"
"47260","Virginia Beach-Norfolk-Newport News, VA-NC (Metropolitan Statistical Area)"," ","200","Gross domestic product (GDP) by metropolitan area","19","334","    Computer and electronic products manufacturing","(D)","(D)","(D)","(D)","(D)","(D)","(D)","(D)","(D)","(D)","(D)","(D)",97,"(NA)"
"47260","Virginia Beach-Norfolk-Newport News, VA-NC (Metropolitan Statistical Area)"," ","200","Gross domestic product (GDP) by metropolitan area","20","335","    Electrical equipment, appliance, and components manufacturing","(D)","(D)","(D)","(D)","(D)","(D)","(D)","(D)","(D)","(D)","(D)","(D)",77,"(NA)"
"47260","Virginia Beach-Norfolk-Newport News, VA-NC (Metropolitan Statistical Area)"," ","200","Gross domestic product (GDP) by metropolitan area","21","3361-3363","    Motor vehicles, bodies and trailers, and parts manufacturing","(D)","(D)","(D)","(D)","(D)","(D)","(D)","(D)","(D)","(D)","(D)","(D)","(D)","(NA)"
"47260","Virginia Beach-Norfolk-Newport News, VA-NC (Metropolitan Statistical Area)"," ","200","Gross domestic product (GDP) by metropolitan area","22","3364-3366, 3369","    Other transportation equipment manufacturing","(D)","(D)","(D)","(D)","(D)","(D)","(D)","(D)","(D)","(D)","(D)","(D)","(D)","(NA)"
"47260","Virginia Beach-Norfolk-Newport News, VA-NC (Metropolitan Statistical Area)"," ","200","Gross domestic product (GDP) by metropolitan area","23","337","    Furniture and related products manufacturing","(D)","(D)","(D)","(D)","(D)","(D)","(D)","(D)","(D)","(D)","(D)","(D)",52,"(NA)"
"47260","Virginia Beach-Norfolk-Newport News, VA-NC (Metropolitan Statistical Area)"," ","200","Gross domestic product (GDP) by metropolitan area","24","339","    Miscellaneous manufacturing","(D)","(D)","(D)","(D)","(D)","(D)","(D)","(D)","(D)","(D)","(D)","(D)",109,"(NA)"
"47260","Virginia Beach-Norfolk-Newport News, VA-NC (Metropolitan Statistical Area)"," ","200","Gross domestic product (GDP) by metropolitan area","25","...","   Nondurable goods manufacturing","(D)","(D)","(D)","(D)","(D)","(D)","(D)","(D)","(D)","(D)","(D)","(D)","(D)","(D)"
"47260","Virginia Beach-Norfolk-Newport News, VA-NC (Metropolitan Statistical Area)"," ","200","Gross domestic product (GDP) by metropolitan area","26","311-312","    Food and beverage and tobacco products manufacturing","(D)","(D)","(D)","(D)","(D)","(D)","(D)","(D)","(D)","(D)","(D)","(D)",3111,"(NA)"
"47260","Virginia Beach-Norfolk-Newport News, VA-NC (Metropolitan Statistical Area)"," ","200","Gross domestic product (GDP) by metropolitan area","27","313-314","    Textile mills and textile product mills","(D)","(D)","(D)","(D)","(D)","(D)","(D)","(D)","(D)","(D)","(D)","(D)","(D)","(NA)"
"47260","Virginia Beach-Norfolk-Newport News, VA-NC (Metropolitan Statistical Area)"," ","200","Gross domestic product (GDP) by metropolitan area","28","315-316","    Apparel and leather and allied products manufacturing","(D)","(D)","(D)","(D)","(D)","(D)","(D)","(D)","(D)","(D)","(D)","(D)",6,"(NA)"
"47260","Virginia Beach-Norfolk-Newport News, VA-NC (Metropolitan Statistical Area)"," ","200","Gross domestic product (GDP) by metropolitan area","29","322","    Paper products manufacturing","(D)","(D)","(D)","(D)","(D)","(D)","(D)","(D)","(D)","(D)","(D)","(D)",91,"(NA)"
"47260","Virginia Beach-Norfolk-Newport News, VA-NC (Metropolitan Statistical Area)"," ","200","Gross domestic product (GDP) by metropolitan area","30","323","    Printing and related support activities","(D)","(D)","(D)","(D)","(D)","(D)","(D)","(D)","(D)","(D)","(D)","(D)",90,"(NA)"
"47260","Virginia Beach-Norfolk-Newport News, VA-NC (Metropolitan Statistical Area)"," ","200","Gross domestic product (GDP) by metropolitan area","31","324","    Petroleum and coal products manufacturing","(D)","(D)","(D)","(D)","(D)","(D)","(D)","(D)","(D)","(D)","(D)","(D)","(D)","(NA)"
"47260","Virginia Beach-Norfolk-Newport News, VA-NC (Metropolitan Statistical Area)"," ","200","Gross domestic product (GDP) by metropolitan area","32","325","    Chemical products manufacturing","(D)","(D)","(D)","(D)","(D)","(D)","(D)","(D)","(D)","(D)","(D)","(D)",515,"(NA)"
"47260","Virginia Beach-Norfolk-Newport News, VA-NC (Metropolitan Statistical Area)"," ","200","Gross domestic product (GDP) by metropolitan area","33","326","    Plastics and rubber products manufacturing","(D)","(D)","(D)","(D)","(D)","(D)","(D)","(D)","(D)","(D)","(D)","(D)",82,"(NA)"
"47260","Virginia Beach-Norfolk-Newport News, VA-NC (Metropolitan Statistical Area)"," ","200","Gross domestic product (GDP) by metropolitan area","34","42","  Wholesale trade","(D)","(D)","(D)","(D)","(D)","(D)","(D)","(D)","(D)","(D)","(D)","(D)",2678,2788
"47260","Virginia Beach-Norfolk-Newport News, VA-NC (Metropolitan Statistical Area)"," ","200","Gross domestic product (GDP) by metropolitan area","35","44-45","  Retail trade","(D)",3417,"(D)",3929,4201,4296,4340,4180,4133,4252,4234,4347,4531,4664
"47260","Virginia Beach-Norfolk-Newport News, VA-NC (Metropolitan Statistical Area)"," ","200","Gross domestic product (GDP) by metropolitan area","36","48-49","  Transportation and warehousing","(D)","(D)","(D)","(D)","(D)","(D)","(D)","(D)","(D)","(D)","(D)","(D)",2595,2767
"47260","Virginia Beach-Norfolk-Newport News, VA-NC (Metropolitan Statistical Area)"," ","200","Gross domestic product (GDP) by metropolitan area","37","481","   Air transportation","(D)","(D)","(D)","(D)","(D)","(D)","(D)","(D)","(D)","(D)","(D)","(D)",104,"(NA)"
"47260","Virginia Beach-Norfolk-Newport News, VA-NC (Metropolitan Statistical Area)"," ","200","Gross domestic product (GDP) by metropolitan area","38","482","   Rail transportation",129,125,138,145,"(D)","(D)",185,240,213,216,243,289,288,"(NA)"
"47260","Virginia Beach-Norfolk-Newport News, VA-NC (Metropolitan Statistical Area)"," ","200","Gross domestic product (GDP) by metropolitan area","39","483","   Water transportation","(D)","(D)","(D)","(D)","(D)","(D)","(D)","(D)","(D)","(D)","(D)","(D)",634,"(NA)"
"47260","Virginia Beach-Norfolk-Newport News, VA-NC (Metropolitan Statistical Area)"," ","200","Gross domestic product (GDP) by metropolitan area","40","484","   Truck transportation","(D)","(D)","(D)","(D)","(D)",363,"(D)","(D)","(D)","(D)","(D)","(D)",308,"(NA)"
"47260","Virginia Beach-Norfolk-Newport News, VA-NC (Metropolitan Statistical Area)"," ","200","Gross domestic product (GDP) by metropolitan area","41","485","   Transit and ground passenger transportation","(D)","(D)","(D)","(D)","(D)","(D)","(D)","(D)","(D)","(D)","(D)","(D)",96,"(NA)"
"47260","Virginia Beach-Norfolk-Newport News, VA-NC (Metropolitan Statistical Area)"," ","200","Gross domestic product (GDP) by metropolitan area","42","486","   Pipeline transportation","(D)","(D)","(D)","(D)","(D)","(D)","(D)","(D)","(D)","(D)","(D)","(D)","(D)","(NA)"
"47260","Virginia Beach-Norfolk-Newport News, VA-NC (Metropolitan Statistical Area)"," ","200","Gross domestic product (GDP) by metropolitan area","43","487-488, 492","   Other transportation and support activities","(D)","(D)","(D)","(D)","(D)","(D)","(D)","(D)","(D)","(D)","(D)","(D)","(D)","(NA)"
"47260","Virginia Beach-Norfolk-Newport News, VA-NC (Metropolitan Statistical Area)"," ","200","Gross domestic product (GDP) by metropolitan area","44","493","   Warehousing and storage","(D)","(D)","(D)","(D)","(D)","(D)","(D)","(D)","(D)","(D)","(D)","(D)",229,"(NA)"
"47260","Virginia Beach-Norfolk-Newport News, VA-NC (Metropolitan Statistical Area)"," ","200","Gross domestic product (GDP) by metropolitan area","45","51","  Information","(D)","(D)","(D)","(D)","(D)","(D)","(D)","(D)","(D)","(D)","(D)","(D)","(D)",2256
"47260","Virginia Beach-Norfolk-Newport News, VA-NC (Metropolitan Statistical Area)"," ","200","Gross domestic product (GDP) by metropolitan area","46","511","   Publishing industries, except Internet (includes software)","(D)","(D)","(D)","(D)","(D)","(D)","(D)","(D)","(D)","(D)","(D)","(D)",366,"(NA)"
"47260","Virginia Beach-Norfolk-Newport News, VA-NC (Metropolitan Statistical Area)"," ","200","Gross domestic product (GDP) by metropolitan area","47","512","   Motion picture and sound recording industries","(D)","(D)","(D)","(D)","(D)","(D)","(D)","(D)","(D)","(D)","(D)","(D)",229,"(NA)"
"47260","Virginia Beach-Norfolk-Newport News, VA-NC (Metropolitan Statistical Area)"," ","200","Gross domestic product (GDP) by metropolitan area","48","515, 517","   Broadcasting and telecommunications","(D)","(D)","(D)","(D)","(D)","(D)","(D)","(D)","(D)","(D)","(D)","(D)",1377,"(NA)"
"47260","Virginia Beach-Norfolk-Newport News, VA-NC (Metropolitan Statistical Area)"," ","200","Gross domestic product (GDP) by metropolitan area","49","518, 519","   Data processing, internet publishing, and other information services","(D)","(D)","(D)","(D)","(D)","(D)","(D)","(D)","(D)","(D)","(D)","(D)","(D)","(NA)"
"47260","Virginia Beach-Norfolk-Newport News, VA-NC (Metropolitan Statistical Area)"," ","200","Gross domestic product (GDP) by metropolitan area","50","52, 53","  Finance, insurance, real estate, rental, and leasing",8821,9544,10180,10608,12281,13469,15186,"(D)","(D)","(D)","(D)",18278,18702,18967
"47260","Virginia Beach-Norfolk-Newport News, VA-NC (Metropolitan Statistical Area)"," ","200","Gross domestic product (GDP) by metropolitan area","51","52","   Finance and insurance","(D)","(D)","(D)","(D)","(D)","(D)","(D)",2449,2513,2461,2686,"(D)","(D)",3040
"47260","Virginia Beach-Norfolk-Newport News, VA-NC (Metropolitan Statistical Area)"," ","200","Gross domestic product (GDP) by metropolitan area","52","521-522","    Federal Reserve banks, credit intermediation, and related services","(D)","(D)","(D)","(D)","(D)","(D)","(D)","(D)","(D)","(D)","(D)","(D)",1459,"(NA)"
"47260","Virginia Beach-Norfolk-Newport News, VA-NC (Metropolitan Statistical Area)"," ","200","Gross domestic product (GDP) by metropolitan area","53","523","    Securities, commodity contracts, and investments","(D)","(D)","(D)","(D)","(D)","(D)","(D)","(D)","(D)","(D)","(D)","(D)",321,"(NA)"
"47260","Virginia Beach-Norfolk-Newport News, VA-NC (Metropolitan Statistical Area)"," ","200","Gross domestic product (GDP) by metropolitan area","54","524","    Insurance carriers and related activities","(D)","(D)","(D)","(D)","(D)","(D)","(D)","(D)","(D)","(D)","(D)","(D)",1055,"(NA)"
"47260","Virginia Beach-Norfolk-Newport News, VA-NC (Metropolitan Statistical Area)"," ","200","Gross domestic product (GDP) by metropolitan area","55","525","    Funds, trusts, and other financial vehicles","(D)","(D)","(D)","(D)","(D)","(D)","(D)","(D)","(D)","(D)","(D)","(D)","(D)","(NA)"
"47260","Virginia Beach-Norfolk-Newport News, VA-NC (Metropolitan Statistical Area)"," ","200","Gross domestic product (GDP) by metropolitan area","56","53","   Real estate and rental and leasing","(D)","(D)","(D)","(D)","(D)","(D)","(D)","(D)","(D)","(D)","(D)","(D)","(D)",15928
"47260","Virginia Beach-Norfolk-Newport News, VA-NC (Metropolitan Statistical Area)"," ","200","Gross domestic product (GDP) by metropolitan area","57","531","    Real estate","(D)","(D)","(D)","(D)","(D)","(D)","(D)","(D)",12461,"(D)","(D)","(D)",14958,"(NA)"
"47260","Virginia Beach-Norfolk-Newport News, VA-NC (Metropolitan Statistical Area)"," ","200","Gross domestic product (GDP) by metropolitan area","58","532-533","    Rental and leasing services and lessors of intangible assets","(D)","(D)","(D)","(D)","(D)","(D)","(D)","(D)","(D)","(D)","(D)","(D)","(D)","(NA)"
"47260","Virginia Beach-Norfolk-Newport News, VA-NC (Metropolitan Statistical Area)"," ","200","Gross domestic product (GDP) by metropolitan area","59","54, 55, 56","  Professional and business services",4753,5230,5696,5963,6437,6919,7328,7677,7788,7986,7979,8286,8724,8873
"47260","Virginia Beach-Norfolk-Newport News, VA-NC (Metropolitan Statistical Area)"," ","200","Gross domestic product (GDP) by metropolitan area","60","54","   Professional, scientific, and technical services","(D)","(D)","(D)","(D)","(D)","(D)","(D)","(D)","(D)","(D)","(D)","(D)",5032,5092
"47260","Virginia Beach-Norfolk-Newport News, VA-NC (Metropolitan Statistical Area)"," ","200","Gross domestic product (GDP) by metropolitan area","64","55","   Management of companies and enterprises","(D)","(D)","(D)","(D)","(D)","(D)","(D)","(D)","(D)","(D)","(D)","(D)",1208,1149
"47260","Virginia Beach-Norfolk-Newport News, VA-NC (Metropolitan Statistical Area)"," ","200","Gross domestic product (GDP) by metropolitan area","65","56","   Administrative and waste management services","(D)","(D)","(D)","(D)","(D)","(D)","(D)","(D)","(D)","(D)","(D)","(D)",2484,2632
"47260","Virginia Beach-Norfolk-Newport News, VA-NC (Metropolitan Statistical Area)"," ","200","Gross domestic product (GDP) by metropolitan area","66","561","    Administrative and support services","(D)","(D)","(D)","(D)","(D)","(D)","(D)","(D)","(D)","(D)","(D)","(D)",2320,"(NA)"
"47260","Virginia Beach-Norfolk-Newport News, VA-NC (Metropolitan Statistical Area)"," ","200","Gross domestic product (GDP) by metropolitan area","67","562","    Waste management and remediation services","(D)","(D)","(D)","(D)","(D)","(D)","(D)","(D)","(D)","(D)","(D)","(D)",164,"(NA)"
"47260","Virginia Beach-Norfolk-Newport News, VA-NC (Metropolitan Statistical Area)"," ","200","Gross domestic product (GDP) by metropolitan area","68","61, 62","  Educational services, health care, and social assistance",3076,3330,3677,4009,4247,4548,4897,5193,5513,5585,5779,6114,6440,6747
"47260","Virginia Beach-Norfolk-Newport News, VA-NC (Metropolitan Statistical Area)"," ","200","Gross domestic product (GDP) by metropolitan area","69","61","   Educational services","(D)","(D)","(D)","(D)","(D)","(D)","(D)","(D)","(D)","(D)","(D)","(D)",783,791
"47260","Virginia Beach-Norfolk-Newport News, VA-NC (Metropolitan Statistical Area)"," ","200","Gross domestic product (GDP) by metropolitan area","70","62","   Health care and social assistance","(D)","(D)","(D)","(D)","(D)","(D)","(D)","(D)","(D)","(D)","(D)","(D)",5657,5956
"47260","Virginia Beach-Norfolk-Newport News, VA-NC (Metropolitan Statistical Area)"," ","200","Gross domestic product (GDP) by metropolitan area","71","621","    Ambulatory health care services","(D)","(D)","(D)","(D)","(D)","(D)","(D)","(D)",2535,"(D)","(D)","(D)","(D)","(NA)"
"47260","Virginia Beach-Norfolk-Newport News, VA-NC (Metropolitan Statistical Area)"," ","200","Gross domestic product (GDP) by metropolitan area","72","622-623","    Hospitals and nursing and residential care facilities","(D)","(D)","(D)","(D)","(D)","(D)","(D)","(D)","(D)","(D)","(D)","(D)",2167,"(NA)"
"47260","Virginia Beach-Norfolk-Newport News, VA-NC (Metropolitan Statistical Area)"," ","200","Gross domestic product (GDP) by metropolitan area","73","624","    Social assistance","(D)","(D)","(D)","(D)","(D)","(D)","(D)","(D)","(D)","(D)","(D)","(D)","(D)","(NA)"
"47260","Virginia Beach-Norfolk-Newport News, VA-NC (Metropolitan Statistical Area)"," ","200","Gross domestic product (GDP) by metropolitan area","74","71, 72","  Arts, entertainment, recreation, accommodation, and food services",1875,2040,2181,2303,2441,2627,2715,2718,2664,2732,2722,2785,2878,3008
"47260","Virginia Beach-Norfolk-Newport News, VA-NC (Metropolitan Statistical Area)"," ","200","Gross domestic product (GDP) by metropolitan area","75","71","   Arts, entertainment, and recreation","(D)","(D)","(D)","(D)","(D)","(D)","(D)","(D)","(D)","(D)","(D)","(D)",568,597
"47260","Virginia Beach-Norfolk-Newport News, VA-NC (Metropolitan Statistical Area)"," ","200","Gross domestic product (GDP) by metropolitan area","76","711-712","    Performing arts, spectator sports, museums, and related activities","(D)","(D)","(D)","(D)","(D)","(D)","(D)","(D)","(D)","(D)","(D)","(D)",235,"(NA)"
"47260","Virginia Beach-Norfolk-Newport News, VA-NC (Metropolitan Statistical Area)"," ","200","Gross domestic product (GDP) by metropolitan area","77","713","    Amusements, gambling, and recreation industries","(D)","(D)","(D)","(D)","(D)","(D)","(D)","(D)","(D)","(D)","(D)","(D)",333,"(NA)"
"47260","Virginia Beach-Norfolk-Newport News, VA-NC (Metropolitan Statistical Area)"," ","200","Gross domestic product (GDP) by metropolitan area","78","72","   Accommodation and food services","(D)","(D)","(D)","(D)","(D)","(D)","(D)","(D)","(D)","(D)","(D)","(D)",2310,2411
"47260","Virginia Beach-Norfolk-Newport News, VA-NC (Metropolitan Statistical Area)"," ","200","Gross domestic product (GDP) by metropolitan area","79","721","    Accommodation","(D)","(D)","(D)","(D)","(D)","(D)","(D)","(D)","(D)","(D)","(D)","(D)",582,"(NA)"
"47260","Virginia Beach-Norfolk-Newport News, VA-NC (Metropolitan Statistical Area)"," ","200","Gross domestic product (GDP) by metropolitan area","80","722","    Food services and drinking places","(D)","(D)","(D)","(D)","(D)","(D)","(D)",1486,"(D)","(D)","(D)","(D)",1727,"(NA)"
"47260","Virginia Beach-Norfolk-Newport News, VA-NC (Metropolitan Statistical Area)"," ","200","Gross domestic product (GDP) by metropolitan area","81","81","  Other services, except government",1250,1379,1422,1526,"(D)",1648,"(D)",1632,"(D)","(D)","(D)","(D)","(D)",1904
"47260","Virginia Beach-Norfolk-Newport News, VA-NC (Metropolitan Statistical Area)"," ","200","Gross domestic product (GDP) by metropolitan area","82","92"," Government",16037,17323,18695,19879,20792,22253,23365,24197,24553,25267,25871,25925,25437,25682
"47260","Virginia Beach-Norfolk-Newport News, VA-NC (Metropolitan Statistical Area)"," ","200","Gross domestic product (GDP) by metropolitan area","83","...","  Federal civilian",3448,3790,4037,4196,4292,4563,4870,5041,5249,5551,5867,5917,5775,"(NA)"
"47260","Virginia Beach-Norfolk-Newport News, VA-NC (Metropolitan Statistical Area)"," ","200","Gross domestic product (GDP) by metropolitan area","84","...","  Federal military",7878,8579,9405,10079,10480,11503,11993,12392,12387,12669,12868,12828,12443,"(NA)"
"47260","Virginia Beach-Norfolk-Newport News, VA-NC (Metropolitan Statistical Area)"," ","200","Gross domestic product (GDP) by metropolitan area","85","...","  State and local",4711,4954,5252,5605,6019,6187,6502,6764,6917,7047,7136,7180,7218,"(NA)"
"47260","Virginia Beach-Norfolk-Newport News, VA-NC (Metropolitan Statistical Area)"," ","200","Gross domestic product (GDP) by metropolitan area","86","11, 21","Natural resources and mining",134,165,240,318,349,400,340,466,455,576,746,517,"(D)","(D)"
"47260","Virginia Beach-Norfolk-Newport News, VA-NC (Metropolitan Statistical Area)"," ","200","Gross domestic product (GDP) by metropolitan area","87","42, 44-45","Trade",5262,"(D)",5931,"(D)","(D)","(D)","(D)","(D)","(D)","(D)","(D)","(D)",7209,7453
"47260","Virginia Beach-Norfolk-Newport News, VA-NC (Metropolitan Statistical Area)"," ","200","Gross domestic product (GDP) by metropolitan area","88","...","Transportation and utilities",1926,1938,2128,2292,2504,2794,2794,3032,3047,3149,3211,3205,3274,3485
"47260","Virginia Beach-Norfolk-Newport News, VA-NC (Metropolitan Statistical Area)"," ","200","Gross domestic product (GDP) by metropolitan area","89","...","Private goods-producing industries",9739,9486,9966,10435,11214,11450,11517,10937,11938,11807,11778,11795,12357,12397
"47260","Virginia Beach-Norfolk-Newport News, VA-NC (Metropolitan Statistical Area)"," ","200","Gross domestic product (GDP) by metropolitan area","90","...","Private services-providing industries",28263,30562,33068,35086,38436,41242,44060,45041,45652,46048,47011,49642,51256,52693
"47260","Virginia Beach-Norfolk-Newport News, VA-NC (Metropolitan Statistical Area)"," ","800","Quantity indexes for real GDP by metropolitan area","1","...","All industry total",82.124,84.637,88.318,90.937,94.614,97.536,99.755,99.330,100.000,99.924,100.490,101.537,101.709,101.564
"47260","Virginia Beach-Norfolk-Newport News, VA-NC (Metropolitan Statistical Area)"," ","800","Quantity indexes for real GDP by metropolitan area","2","..."," Private industries",78.593,81.156,85.816,88.817,94.328,97.456,100.286,99.372,100.000,99.884,100.462,102.395,103.897,103.897
"47260","Virginia Beach-Norfolk-Newport News, VA-NC (Metropolitan Statistical Area)"," ","800","Quantity indexes for real GDP by metropolitan area","3","11","  Agriculture, forestry, fishing, and hunting","(D)","(D)","(D)","(D)","(D)","(D)","(D)","(D)","(D)","(D)","(D)","(D)","(D)","(D)"
"47260","Virginia Beach-Norfolk-Newport News, VA-NC (Metropolitan Statistical Area)"," ","800","Quantity indexes for real GDP by metropolitan area","4","111-112","   Farms",47.415,53.831,85.263,77.040,95.000,100.040,60.982,79.051,100.000,79.520,87.997,84.996,71.553,"(NA)"
"47260","Virginia Beach-Norfolk-Newport News, VA-NC (Metropolitan Statistical Area)"," ","800","Quantity indexes for real GDP by metropolitan area","5","113-115","   Forestry, fishing, and related activities","(D)","(D)","(D)","(D)","(D)","(D)","(D)","(D)","(D)","(D)","(D)","(D)","(D)","(NA)"
"47260","Virginia Beach-Norfolk-Newport News, VA-NC (Metropolitan Statistical Area)"," ","800","Quantity indexes for real GDP by metropolitan area","6","21","  Mining","(D)","(D)","(D)","(D)","(D)","(D)","(D)","(D)","(D)","(D)","(D)","(D)","(D)","(D)"
"47260","Virginia Beach-Norfolk-Newport News, VA-NC (Metropolitan Statistical Area)"," ","800","Quantity indexes for real GDP by metropolitan area","7","211","   Oil and gas extraction","(D)","(D)","(D)","(D)","(D)","(D)","(D)","(D)","(D)","(D)","(D)","(D)","(D)","(NA)"
"47260","Virginia Beach-Norfolk-Newport News, VA-NC (Metropolitan Statistical Area)"," ","800","Quantity indexes for real GDP by metropolitan area","8","212","   Mining, except oil and gas","(D)","(D)","(D)","(D)","(D)","(D)","(D)","(D)","(D)","(D)","(D)","(D)","(D)","(NA)"
"47260","Virginia Beach-Norfolk-Newport News, VA-NC (Metropolitan Statistical Area)"," ","800","Quantity indexes for real GDP by metropolitan area","9","213","   Support activities for mining","(D)","(D)","(D)","(D)","(D)","(D)","(D)","(D)","(D)","(D)","(D)","(D)","(D)","(NA)"
"47260","Virginia Beach-Norfolk-Newport News, VA-NC (Metropolitan Statistical Area)"," ","800","Quantity indexes for real GDP by metropolitan area","10","22","  Utilities","(D)","(D)","(D)","(D)","(D)","(D)","(D)","(D)","(D)","(D)","(D)","(D)","(D)","(D)"
"47260","Virginia Beach-Norfolk-Newport News, VA-NC (Metropolitan Statistical Area)"," ","800","Quantity indexes for real GDP by metropolitan area","11","23","  Construction","(D)","(D)","(D)","(D)","(D)","(D)","(D)",112.801,100.000,"(D)","(D)","(D)","(D)","(D)"
"47260","Virginia Beach-Norfolk-Newport News, VA-NC (Metropolitan Statistical Area)"," ","800","Quantity indexes for real GDP by metropolitan area","12","31-33","  Manufacturing","(D)","(D)","(D)","(D)","(D)","(D)","(D)","(D)","(D)","(D)","(D)","(D)","(D)","(D)"
"47260","Virginia Beach-Norfolk-Newport News, VA-NC (Metropolitan Statistical Area)"," ","800","Quantity indexes for real GDP by metropolitan area","13","...","   Durable goods manufacturing","(D)","(D)","(D)","(D)","(D)","(D)","(D)","(D)","(D)","(D)","(D)","(D)","(D)","(D)"
"47260","Virginia Beach-Norfolk-Newport News, VA-NC (Metropolitan Statistical Area)"," ","800","Quantity indexes for real GDP by metropolitan area","14","321","    Wood products manufacturing","(D)","(D)","(D)","(D)","(D)","(D)","(D)","(D)","(D)","(D)","(D)","(D)","(D)","(NA)"
"47260","Virginia Beach-Norfolk-Newport News, VA-NC (Metropolitan Statistical Area)"," ","800","Quantity indexes for real GDP by metropolitan area","15","327","    Nonmetallic mineral products manufacturing","(D)","(D)","(D)","(D)","(D)","(D)","(D)","(D)","(D)","(D)","(D)","(D)","(D)","(NA)"
"47260","Virginia Beach-Norfolk-Newport News, VA-NC (Metropolitan Statistical Area)"," ","800","Quantity indexes for real GDP by metropolitan area","16","331","    Primary metals manufacturing","(D)","(D)","(D)","(D)","(D)","(D)","(D)","(D)","(D)","(D)","(D)","(D)","(D)","(NA)"
"47260","Virginia Beach-Norfolk-Newport News, VA-NC (Metropolitan Statistical Area)"," ","800","Quantity indexes for real GDP by metropolitan area","17","332","    Fabricated metal products","(D)","(D)","(D)","(D)","(D)","(D)","(D)","(D)","(D)","(D)","(D)","(D)","(D)","(NA)"
"47260","Virginia Beach-Norfolk-Newport News, VA-NC (Metropolitan Statistical Area)"," ","800","Quantity indexes for real GDP by metropolitan area","18","333","    Machinery manufacturing","(D)","(D)","(D)","(D)","(D)","(D)","(D)","(D)","(D)","(D)","(D)","(D)","(D)","(NA)"
"47260","Virginia Beach-Norfolk-Newport News, VA-NC (Metropolitan Statistical Area)"," ","800","Quantity indexes for real GDP by metropolitan area","19","334","    Computer and electronic products manufacturing","(D)","(D)","(D)","(D)","(D)","(D)","(D)","(D)","(D)","(D)","(D)","(D)","(D)","(NA)"
"47260","Virginia Beach-Norfolk-Newport News, VA-NC (Metropolitan Statistical Area)"," ","800","Quantity indexes for real GDP by metropolitan area","20","335","    Electrical equipment, appliance, and components manufacturing","(D)","(D)","(D)","(D)","(D)","(D)","(D)","(D)","(D)","(D)","(D)","(D)","(D)","(NA)"
"47260","Virginia Beach-Norfolk-Newport News, VA-NC (Metropolitan Statistical Area)"," ","800","Quantity indexes for real GDP by metropolitan area","21","3361-3363","    Motor vehicles, bodies and trailers, and parts manufacturing","(D)","(D)","(D)","(D)","(D)","(D)","(D)","(D)","(D)","(D)","(D)","(D)","(D)","(NA)"
"47260","Virginia Beach-Norfolk-Newport News, VA-NC (Metropolitan Statistical Area)"," ","800","Quantity indexes for real GDP by metropolitan area","22","3364-3366, 3369","    Other transportation equipment manufacturing","(D)","(D)","(D)","(D)","(D)","(D)","(D)","(D)","(D)","(D)","(D)","(D)","(D)","(NA)"
"47260","Virginia Beach-Norfolk-Newport News, VA-NC (Metropolitan Statistical Area)"," ","800","Quantity indexes for real GDP by metropolitan area","23","337","    Furniture and related products manufacturing","(D)","(D)","(D)","(D)","(D)","(D)","(D)","(D)","(D)","(D)","(D)","(D)","(D)","(NA)"
"47260","Virginia Beach-Norfolk-Newport News, VA-NC (Metropolitan Statistical Area)"," ","800","Quantity indexes for real GDP by metropolitan area","24","339","    Miscellaneous manufacturing","(D)","(D)","(D)","(D)","(D)","(D)","(D)","(D)","(D)","(D)","(D)","(D)","(D)","(NA)"
"47260","Virginia Beach-Norfolk-Newport News, VA-NC (Metropolitan Statistical Area)"," ","800","Quantity indexes for real GDP by metropolitan area","25","...","   Nondurable goods manufacturing","(D)","(D)","(D)","(D)","(D)","(D)","(D)","(D)","(D)","(D)","(D)","(D)","(D)","(D)"
"47260","Virginia Beach-Norfolk-Newport News, VA-NC (Metropolitan Statistical Area)"," ","800","Quantity indexes for real GDP by metropolitan area","26","311-312","    Food and beverage and tobacco products manufacturing","(D)","(D)","(D)","(D)","(D)","(D)","(D)","(D)","(D)","(D)","(D)","(D)","(D)","(NA)"
"47260","Virginia Beach-Norfolk-Newport News, VA-NC (Metropolitan Statistical Area)"," ","800","Quantity indexes for real GDP by metropolitan area","27","313-314","    Textile mills and textile product mills","(D)","(D)","(D)","(D)","(D)","(D)","(D)","(D)","(D)","(D)","(D)","(D)","(D)","(NA)"
"47260","Virginia Beach-Norfolk-Newport News, VA-NC (Metropolitan Statistical Area)"," ","800","Quantity indexes for real GDP by metropolitan area","28","315-316","    Apparel and leather and allied products manufacturing","(D)","(D)","(D)","(D)","(D)","(D)","(D)","(D)","(D)","(D)","(D)","(D)","(D)","(NA)"
"47260","Virginia Beach-Norfolk-Newport News, VA-NC (Metropolitan Statistical Area)"," ","800","Quantity indexes for real GDP by metropolitan area","29","322","    Paper products manufacturing","(D)","(D)","(D)","(D)","(D)","(D)","(D)","(D)","(D)","(D)","(D)","(D)","(D)","(NA)"
"47260","Virginia Beach-Norfolk-Newport News, VA-NC (Metropolitan Statistical Area)"," ","800","Quantity indexes for real GDP by metropolitan area","30","323","    Printing and related support activities","(D)","(D)","(D)","(D)","(D)","(D)","(D)","(D)","(D)","(D)","(D)","(D)","(D)","(NA)"
"47260","Virginia Beach-Norfolk-Newport News, VA-NC (Metropolitan Statistical Area)"," ","800","Quantity indexes for real GDP by metropolitan area","31","324","    Petroleum and coal products manufacturing","(D)","(D)","(D)","(D)","(D)","(D)","(D)","(D)","(D)","(D)","(D)","(D)","(D)","(NA)"
"47260","Virginia Beach-Norfolk-Newport News, VA-NC (Metropolitan Statistical Area)"," ","800","Quantity indexes for real GDP by metropolitan area","32","325","    Chemical products manufacturing","(D)","(D)","(D)","(D)","(D)","(D)","(D)","(D)","(D)","(D)","(D)","(D)","(D)","(NA)"
"47260","Virginia Beach-Norfolk-Newport News, VA-NC (Metropolitan Statistical Area)"," ","800","Quantity indexes for real GDP by metropolitan area","33","326","    Plastics and rubber products manufacturing","(D)","(D)","(D)","(D)","(D)","(D)","(D)","(D)","(D)","(D)","(D)","(D)","(D)","(NA)"
"47260","Virginia Beach-Norfolk-Newport News, VA-NC (Metropolitan Statistical Area)"," ","800","Quantity indexes for real GDP by metropolitan area","34","42","  Wholesale trade","(D)","(D)","(D)","(D)","(D)","(D)","(D)","(D)","(D)","(D)","(D)","(D)","(D)","(D)"
"47260","Virginia Beach-Norfolk-Newport News, VA-NC (Metropolitan Statistical Area)"," ","800","Quantity indexes for real GDP by metropolitan area","35","44-45","  Retail trade","(D)",93.520,"(D)",106.061,110.805,110.071,108.200,102.360,100.000,102.103,99.671,99.461,101.907,103.574
"47260","Virginia Beach-Norfolk-Newport News, VA-NC (Metropolitan Statistical Area)"," ","800","Quantity indexes for real GDP by metropolitan area","36","48-49","  Transportation and warehousing","(D)","(D)","(D)","(D)","(D)","(D)","(D)","(D)","(D)","(D)","(D)","(D)","(D)","(D)"
"47260","Virginia Beach-Norfolk-Newport News, VA-NC (Metropolitan Statistical Area)"," ","800","Quantity indexes for real GDP by metropolitan area","37","481","   Air transportation","(D)","(D)","(D)","(D)","(D)","(D)","(D)","(D)","(D)","(D)","(D)","(D)","(D)","(NA)"
"47260","Virginia Beach-Norfolk-Newport News, VA-NC (Metropolitan Statistical Area)"," ","800","Quantity indexes for real GDP by metropolitan area","38","482","   Rail transportation",88.158,83.174,91.862,95.499,"(D)","(D)",99.032,115.389,100.000,99.938,106.342,117.272,111.188,"(NA)"
"47260","Virginia Beach-Norfolk-Newport News, VA-NC (Metropolitan Statistical Area)"," ","800","Quantity indexes for real GDP by metropolitan area","39","483","   Water transportation","(D)","(D)","(D)","(D)","(D)","(D)","(D)","(D)","(D)","(D)","(D)","(D)","(D)","(NA)"
"47260","Virginia Beach-Norfolk-Newport News, VA-NC (Metropolitan Statistical Area)"," ","800","Quantity indexes for real GDP by metropolitan area","40","484","   Truck transportation","(D)","(D)","(D)","(D)","(D)","(D)","(D)","(D)","(D)","(D)","(D)","(D)","(D)","(NA)"
"47260","Virginia Beach-Norfolk-Newport News, VA-NC (Metropolitan Statistical Area)"," ","800","Quantity indexes for real GDP by metropolitan area","41","485","   Transit and ground passenger transportation","(D)","(D)","(D)","(D)","(D)","(D)","(D)","(D)","(D)","(D)","(D)","(D)","(D)","(NA)"
"47260","Virginia Beach-Norfolk-Newport News, VA-NC (Metropolitan Statistical Area)"," ","800","Quantity indexes for real GDP by metropolitan area","42","486","   Pipeline transportation","(D)","(D)","(D)","(D)","(D)","(D)","(D)","(D)","(D)","(D)","(D)","(D)","(D)","(NA)"
"47260","Virginia Beach-Norfolk-Newport News, VA-NC (Metropolitan Statistical Area)"," ","800","Quantity indexes for real GDP by metropolitan area","43","487-488, 492","   Other transportation and support activities","(D)","(D)","(D)","(D)","(D)","(D)","(D)","(D)","(D)","(D)","(D)","(D)","(D)","(NA)"
"47260","Virginia Beach-Norfolk-Newport News, VA-NC (Metropolitan Statistical Area)"," ","800","Quantity indexes for real GDP by metropolitan area","44","493","   Warehousing and storage","(D)","(D)","(D)","(D)","(D)","(D)","(D)","(D)","(D)","(D)","(D)","(D)","(D)","(NA)"
"47260","Virginia Beach-Norfolk-Newport News, VA-NC (Metropolitan Statistical Area)"," ","800","Quantity indexes for real GDP by metropolitan area","45","51","  Information","(D)","(D)","(D)","(D)","(D)","(D)","(D)","(D)","(D)","(D)","(D)","(D)","(D)","(D)"
"47260","Virginia Beach-Norfolk-Newport News, VA-NC (Metropolitan Statistical Area)"," ","800","Quantity indexes for real GDP by metropolitan area","46","511","   Publishing industries, except Internet (includes software)","(D)","(D)","(D)","(D)","(D)","(D)","(D)","(D)","(D)","(D)","(D)","(D)","(D)","(NA)"
"47260","Virginia Beach-Norfolk-Newport News, VA-NC (Metropolitan Statistical Area)"," ","800","Quantity indexes for real GDP by metropolitan area","47","512","   Motion picture and sound recording industries","(D)","(D)","(D)","(D)","(D)","(D)","(D)","(D)","(D)","(D)","(D)","(D)","(D)","(NA)"
"47260","Virginia Beach-Norfolk-Newport News, VA-NC (Metropolitan Statistical Area)"," ","800","Quantity indexes for real GDP by metropolitan area","48","515, 517","   Broadcasting and telecommunications","(D)","(D)","(D)","(D)","(D)","(D)","(D)","(D)","(D)","(D)","(D)","(D)","(D)","(NA)"
"47260","Virginia Beach-Norfolk-Newport News, VA-NC (Metropolitan Statistical Area)"," ","800","Quantity indexes for real GDP by metropolitan area","49","518, 519","   Data processing, internet publishing, and other information services","(D)","(D)","(D)","(D)","(D)","(D)","(D)","(D)","(D)","(D)","(D)","(D)","(D)","(NA)"
"47260","Virginia Beach-Norfolk-Newport News, VA-NC (Metropolitan Statistical Area)"," ","800","Quantity indexes for real GDP by metropolitan area","50","52, 53","  Finance, insurance, real estate, rental, and leasing","(D)","(D)","(D)","(D)","(D)","(D)","(D)","(D)","(D)","(D)","(D)","(D)","(D)","(D)"
"47260","Virginia Beach-Norfolk-Newport News, VA-NC (Metropolitan Statistical Area)"," ","800","Quantity indexes for real GDP by metropolitan area","51","52","   Finance and insurance","(D)","(D)","(D)","(D)","(D)","(D)","(D)",89.785,100.000,94.247,101.017,"(D)","(D)",102.765
"47260","Virginia Beach-Norfolk-Newport News, VA-NC (Metropolitan Statistical Area)"," ","800","Quantity indexes for real GDP by metropolitan area","52","521-522","    Federal Reserve banks, credit intermediation, and related services","(D)","(D)","(D)","(D)","(D)","(D)","(D)","(D)","(D)","(D)","(D)","(D)","(D)","(NA)"
"47260","Virginia Beach-Norfolk-Newport News, VA-NC (Metropolitan Statistical Area)"," ","800","Quantity indexes for real GDP by metropolitan area","53","523","    Securities, commodity contracts, and investments","(D)","(D)","(D)","(D)","(D)","(D)","(D)","(D)","(D)","(D)","(D)","(D)","(D)","(NA)"
"47260","Virginia Beach-Norfolk-Newport News, VA-NC (Metropolitan Statistical Area)"," ","800","Quantity indexes for real GDP by metropolitan area","54","524","    Insurance carriers and related activities","(D)","(D)","(D)","(D)","(D)","(D)","(D)","(D)","(D)","(D)","(D)","(D)","(D)","(NA)"
"47260","Virginia Beach-Norfolk-Newport News, VA-NC (Metropolitan Statistical Area)"," ","800","Quantity indexes for real GDP by metropolitan area","55","525","    Funds, trusts, and other financial vehicles","(D)","(D)","(D)","(D)","(D)","(D)","(D)","(D)","(D)","(D)","(D)","(D)","(D)","(NA)"
"47260","Virginia Beach-Norfolk-Newport News, VA-NC (Metropolitan Statistical Area)"," ","800","Quantity indexes for real GDP by metropolitan area","56","53","   Real estate and rental and leasing","(D)","(D)","(D)","(D)","(D)","(D)","(D)","(D)","(D)","(D)","(D)","(D)","(D)","(D)"
"47260","Virginia Beach-Norfolk-Newport News, VA-NC (Metropolitan Statistical Area)"," ","800","Quantity indexes for real GDP by metropolitan area","57","531","    Real estate","(D)","(D)","(D)","(D)","(D)","(D)","(D)","(D)",100.000,"(D)","(D)","(D)",114.586,"(NA)"
"47260","Virginia Beach-Norfolk-Newport News, VA-NC (Metropolitan Statistical Area)"," ","800","Quantity indexes for real GDP by metropolitan area","58","532-533","    Rental and leasing services and lessors of intangible assets","(D)","(D)","(D)","(D)","(D)","(D)","(D)","(D)","(D)","(D)","(D)","(D)","(D)","(NA)"
"47260","Virginia Beach-Norfolk-Newport News, VA-NC (Metropolitan Statistical Area)"," ","800","Quantity indexes for real GDP by metropolitan area","59","54, 55, 56","  Professional and business services",73.737,80.277,86.387,87.020,91.426,94.806,96.265,99.788,100.000,102.151,101.277,103.954,107.967,108.872
"47260","Virginia Beach-Norfolk-Newport News, VA-NC (Metropolitan Statistical Area)"," ","800","Quantity indexes for real GDP by metropolitan area","60","54","   Professional, scientific, and technical services","(D)","(D)","(D)","(D)","(D)","(D)","(D)","(D)","(D)","(D)","(D)","(D)","(D)","(D)"
"47260","Virginia Beach-Norfolk-Newport News, VA-NC (Metropolitan Statistical Area)"," ","800","Quantity indexes for real GDP by metropolitan area","64","55","   Management of companies and enterprises","(D)","(D)","(D)","(D)","(D)","(D)","(D)","(D)","(D)","(D)","(D)","(D)","(D)","(D)"
"47260","Virginia Beach-Norfolk-Newport News, VA-NC (Metropolitan Statistical Area)"," ","800","Quantity indexes for real GDP by metropolitan area","65","56","   Administrative and waste management services","(D)","(D)","(D)","(D)","(D)","(D)","(D)","(D)","(D)","(D)","(D)","(D)","(D)","(D)"
"47260","Virginia Beach-Norfolk-Newport News, VA-NC (Metropolitan Statistical Area)"," ","800","Quantity indexes for real GDP by metropolitan area","66","561","    Administrative and support services","(D)","(D)","(D)","(D)","(D)","(D)","(D)","(D)","(D)","(D)","(D)","(D)","(D)","(NA)"
"47260","Virginia Beach-Norfolk-Newport News, VA-NC (Metropolitan Statistical Area)"," ","800","Quantity indexes for real GDP by metropolitan area","67","562","    Waste management and remediation services","(D)","(D)","(D)","(D)","(D)","(D)","(D)","(D)","(D)","(D)","(D)","(D)","(D)","(NA)"
"47260","Virginia Beach-Norfolk-Newport News, VA-NC (Metropolitan Statistical Area)"," ","800","Quantity indexes for real GDP by metropolitan area","68","61, 62","  Educational services, health care, and social assistance",71.670,74.919,80.137,84.728,87.092,90.971,94.036,97.670,100.000,99.006,100.976,104.629,108.586,112.138
"47260","Virginia Beach-Norfolk-Newport News, VA-NC (Metropolitan Statistical Area)"," ","800","Quantity indexes for real GDP by metropolitan area","69","61","   Educational services","(D)","(D)","(D)","(D)","(D)","(D)","(D)","(D)","(D)","(D)","(D)","(D)","(D)","(D)"
"47260","Virginia Beach-Norfolk-Newport News, VA-NC (Metropolitan Statistical Area)"," ","800","Quantity indexes for real GDP by metropolitan area","70","62","   Health care and social assistance","(D)","(D)","(D)","(D)","(D)","(D)","(D)","(D)","(D)","(D)","(D)","(D)","(D)","(D)"
"47260","Virginia Beach-Norfolk-Newport News, VA-NC (Metropolitan Statistical Area)"," ","800","Quantity indexes for real GDP by metropolitan area","71","621","    Ambulatory health care services","(D)","(D)","(D)","(D)","(D)","(D)","(D)","(D)",100.000,"(D)","(D)","(D)","(D)","(NA)"
"47260","Virginia Beach-Norfolk-Newport News, VA-NC (Metropolitan Statistical Area)"," ","800","Quantity indexes for real GDP by metropolitan area","72","622-623","    Hospitals and nursing and residential care facilities","(D)","(D)","(D)","(D)","(D)","(D)","(D)","(D)","(D)","(D)","(D)","(D)","(D)","(NA)"
"47260","Virginia Beach-Norfolk-Newport News, VA-NC (Metropolitan Statistical Area)"," ","800","Quantity indexes for real GDP by metropolitan area","73","624","    Social assistance","(D)","(D)","(D)","(D)","(D)","(D)","(D)","(D)","(D)","(D)","(D)","(D)","(D)","(NA)"
"47260","Virginia Beach-Norfolk-Newport News, VA-NC (Metropolitan Statistical Area)"," ","800","Quantity indexes for real GDP by metropolitan area","74","71, 72","  Arts, entertainment, recreation, accommodation, and food services",91.058,95.749,101.032,104.509,106.589,110.706,109.816,106.605,100.000,102.690,102.473,100.894,101.692,103.369
"47260","Virginia Beach-Norfolk-Newport News, VA-NC (Metropolitan Statistical Area)"," ","800","Quantity indexes for real GDP by metropolitan area","75","71","   Arts, entertainment, and recreation","(D)","(D)","(D)","(D)","(D)","(D)","(D)","(D)","(D)","(D)","(D)","(D)","(D)","(D)"
"47260","Virginia Beach-Norfolk-Newport News, VA-NC (Metropolitan Statistical Area)"," ","800","Quantity indexes for real GDP by metropolitan area","76","711-712","    Performing arts, spectator sports, museums, and related activities","(D)","(D)","(D)","(D)","(D)","(D)","(D)","(D)","(D)","(D)","(D)","(D)","(D)","(NA)"
"47260","Virginia Beach-Norfolk-Newport News, VA-NC (Metropolitan Statistical Area)"," ","800","Quantity indexes for real GDP by metropolitan area","77","713","    Amusements, gambling, and recreation industries","(D)","(D)","(D)","(D)","(D)","(D)","(D)","(D)","(D)","(D)","(D)","(D)","(D)","(NA)"
"47260","Virginia Beach-Norfolk-Newport News, VA-NC (Metropolitan Statistical Area)"," ","800","Quantity indexes for real GDP by metropolitan area","78","72","   Accommodation and food services","(D)","(D)","(D)","(D)","(D)","(D)","(D)","(D)","(D)","(D)","(D)","(D)","(D)","(D)"
"47260","Virginia Beach-Norfolk-Newport News, VA-NC (Metropolitan Statistical Area)"," ","800","Quantity indexes for real GDP by metropolitan area","79","721","    Accommodation","(D)","(D)","(D)","(D)","(D)","(D)","(D)","(D)","(D)","(D)","(D)","(D)","(D)","(NA)"
"47260","Virginia Beach-Norfolk-Newport News, VA-NC (Metropolitan Statistical Area)"," ","800","Quantity indexes for real GDP by metropolitan area","80","722","    Food services and drinking places","(D)","(D)","(D)","(D)","(D)","(D)","(D)","(D)","(D)","(D)","(D)","(D)","(D)","(NA)"
"47260","Virginia Beach-Norfolk-Newport News, VA-NC (Metropolitan Statistical Area)"," ","800","Quantity indexes for real GDP by metropolitan area","81","81","  Other services, except government","(D)","(D)","(D)","(D)","(D)","(D)","(D)","(D)","(D)","(D)","(D)","(D)","(D)","(D)"
"47260","Virginia Beach-Norfolk-Newport News, VA-NC (Metropolitan Statistical Area)"," ","800","Quantity indexes for real GDP by metropolitan area","82","92"," Government",90.981,93.340,94.463,96.123,95.313,97.739,98.521,99.234,100.000,100.018,100.554,99.572,96.665,96.182
"47260","Virginia Beach-Norfolk-Newport News, VA-NC (Metropolitan Statistical Area)"," ","800","Quantity indexes for real GDP by metropolitan area","83","...","  Federal civilian",89.265,92.595,93.774,92.871,91.064,93.952,96.678,97.846,100.000,101.928,105.203,106.036,101.184,"(NA)"
"47260","Virginia Beach-Norfolk-Newport News, VA-NC (Metropolitan Statistical Area)"," ","800","Quantity indexes for real GDP by metropolitan area","84","...","  Federal military",90.982,93.222,93.749,96.632,94.021,98.324,98.321,99.009,100.000,99.640,99.619,97.978,94.912,"(NA)"
"47260","Virginia Beach-Norfolk-Newport News, VA-NC (Metropolitan Statistical Area)"," ","800","Quantity indexes for real GDP by metropolitan area","85","...","  State and local",92.303,94.124,96.268,97.713,101.011,99.552,100.296,100.703,100.000,99.235,98.663,97.468,96.317,"(NA)"
"47260","Virginia Beach-Norfolk-Newport News, VA-NC (Metropolitan Statistical Area)"," ","800","Quantity indexes for real GDP by metropolitan area","86","11, 21","Natural resources and mining",49.199,62.883,81.100,91.282,93.292,100.781,73.432,89.605,100.000,112.267,126.289,87.480,"(D)","(D)"
"47260","Virginia Beach-Norfolk-Newport News, VA-NC (Metropolitan Statistical Area)"," ","800","Quantity indexes for real GDP by metropolitan area","87","42, 44-45","Trade","(D)","(D)","(D)","(D)","(D)","(D)","(D)","(D)","(D)","(D)","(D)","(D)","(D)","(D)"
"47260","Virginia Beach-Norfolk-Newport News, VA-NC (Metropolitan Statistical Area)"," ","800","Quantity indexes for real GDP by metropolitan area","88","...","Transportation and utilities",67.660,67.145,70.760,76.394,83.715,92.321,93.208,99.225,100.000,100.512,103.402,103.339,103.322,104.138
"47260","Virginia Beach-Norfolk-Newport News, VA-NC (Metropolitan Statistical Area)"," ","800","Quantity indexes for real GDP by metropolitan area","89","...","Private goods-producing industries",101.534,96.844,100.252,103.066,105.978,104.948,102.903,95.861,100.000,99.277,97.771,93.778,96.047,93.433
"47260","Virginia Beach-Norfolk-Newport News, VA-NC (Metropolitan Statistical Area)"," ","800","Quantity indexes for real GDP by metropolitan area","90","...","Private services-providing industries",72.874,77.231,82.198,85.243,91.398,95.576,99.640,100.277,100.000,100.042,101.159,104.646,105.944,106.642
"47260","Virginia Beach-Norfolk-Newport News, VA-NC (Metropolitan Statistical Area)"," ","900","Real GDP by metropolitan area","1","...","All industry total",67459,69524,72547,74699,77719,80119,81942,81593,82143,82081,82545,83406,83547,83428
"47260","Virginia Beach-Norfolk-Newport News, VA-NC (Metropolitan Statistical Area)"," ","900","Real GDP by metropolitan area","2","..."," Private industries",45262,46738,49422,51150,54324,56125,57755,57228,57590,57523,57856,58970,59835,59834
"47260","Virginia Beach-Norfolk-Newport News, VA-NC (Metropolitan Statistical Area)"," ","900","Real GDP by metropolitan area","3","11","  Agriculture, forestry, fishing, and hunting","(D)","(D)","(D)","(D)","(D)","(D)","(D)","(D)","(D)","(D)","(D)","(D)",127,132
"47260","Virginia Beach-Norfolk-Newport News, VA-NC (Metropolitan Statistical Area)"," ","900","Real GDP by metropolitan area","4","111-112","   Farms",62,71,112,101,125,131,80,104,131,104,116,112,94,"(NA)"
"47260","Virginia Beach-Norfolk-Newport News, VA-NC (Metropolitan Statistical Area)"," ","900","Real GDP by metropolitan area","5","113-115","   Forestry, fishing, and related activities","(D)","(D)","(D)","(D)","(D)","(D)","(D)","(D)","(D)","(D)","(D)","(D)",35,"(NA)"
"47260","Virginia Beach-Norfolk-Newport News, VA-NC (Metropolitan Statistical Area)"," ","900","Real GDP by metropolitan area","6","21","  Mining","(D)","(D)","(D)","(D)","(D)","(D)","(D)","(D)","(D)","(D)","(D)","(D)","(D)","(D)"
"47260","Virginia Beach-Norfolk-Newport News, VA-NC (Metropolitan Statistical Area)"," ","900","Real GDP by metropolitan area","7","211","   Oil and gas extraction",13,30,41,69,38,39,38,"(D)","(D)","(D)","(D)","(D)","(D)","(NA)"
"47260","Virginia Beach-Norfolk-Newport News, VA-NC (Metropolitan Statistical Area)"," ","900","Real GDP by metropolitan area","8","212","   Mining, except oil and gas","(D)","(D)","(D)","(D)","(D)","(D)","(D)","(D)","(D)","(D)","(D)","(D)",218,"(NA)"
"47260","Virginia Beach-Norfolk-Newport News, VA-NC (Metropolitan Statistical Area)"," ","900","Real GDP by metropolitan area","9","213","   Support activities for mining","(L)",2,"(D)","(D)","(D)","(D)","(D)","(D)","(D)","(D)","(D)","(D)","(D)","(NA)"
"47260","Virginia Beach-Norfolk-Newport News, VA-NC (Metropolitan Statistical Area)"," ","900","Real GDP by metropolitan area","10","22","  Utilities","(D)","(D)","(D)","(D)","(D)","(D)","(D)","(D)","(D)","(D)","(D)","(D)",692,693
"47260","Virginia Beach-Norfolk-Newport News, VA-NC (Metropolitan Statistical Area)"," ","900","Real GDP by metropolitan area","11","23","  Construction","(D)","(D)","(D)","(D)","(D)","(D)","(D)",3381,2998,"(D)","(D)","(D)","(D)","(D)"
"47260","Virginia Beach-Norfolk-Newport News, VA-NC (Metropolitan Statistical Area)"," ","900","Real GDP by metropolitan area","12","31-33","  Manufacturing","(D)","(D)","(D)","(D)","(D)","(D)","(D)",7644,"(D)","(D)","(D)","(D)",8291,"(D)"
"47260","Virginia Beach-Norfolk-Newport News, VA-NC (Metropolitan Statistical Area)"," ","900","Real GDP by metropolitan area","13","...","   Durable goods manufacturing","(D)","(D)","(D)","(D)","(D)","(D)","(D)","(D)","(D)","(D)","(D)","(D)","(D)","(D)"
"47260","Virginia Beach-Norfolk-Newport News, VA-NC (Metropolitan Statistical Area)"," ","900","Real GDP by metropolitan area","14","321","    Wood products manufacturing","(D)","(D)","(D)","(D)","(D)","(D)","(D)","(D)","(D)","(D)","(D)","(D)",30,"(NA)"
"47260","Virginia Beach-Norfolk-Newport News, VA-NC (Metropolitan Statistical Area)"," ","900","Real GDP by metropolitan area","15","327","    Nonmetallic mineral products manufacturing","(D)","(D)","(D)","(D)","(D)","(D)","(D)","(D)","(D)","(D)","(D)","(D)",199,"(NA)"
"47260","Virginia Beach-Norfolk-Newport News, VA-NC (Metropolitan Statistical Area)"," ","900","Real GDP by metropolitan area","16","331","    Primary metals manufacturing","(D)","(D)","(D)","(D)","(D)","(D)","(D)","(D)","(D)","(D)","(D)","(D)",89,"(NA)"
"47260","Virginia Beach-Norfolk-Newport News, VA-NC (Metropolitan Statistical Area)"," ","900","Real GDP by metropolitan area","17","332","    Fabricated metal products","(D)","(D)","(D)","(D)","(D)",289,301,289,"(D)","(D)","(D)","(D)",269,"(NA)"
"47260","Virginia Beach-Norfolk-Newport News, VA-NC (Metropolitan Statistical Area)"," ","900","Real GDP by metropolitan area","18","333","    Machinery manufacturing","(D)","(D)","(D)","(D)","(D)","(D)","(D)","(D)","(D)","(D)","(D)","(D)",485,"(NA)"
"47260","Virginia Beach-Norfolk-Newport News, VA-NC (Metropolitan Statistical Area)"," ","900","Real GDP by metropolitan area","19","334","    Computer and electronic products manufacturing","(D)","(D)","(D)","(D)","(D)","(D)","(D)","(D)","(D)","(D)","(D)","(D)",104,"(NA)"
"47260","Virginia Beach-Norfolk-Newport News, VA-NC (Metropolitan Statistical Area)"," ","900","Real GDP by metropolitan area","20","335","    Electrical equipment, appliance, and components manufacturing","(D)","(D)","(D)","(D)","(D)","(D)","(D)","(D)","(D)","(D)","(D)","(D)",74,"(NA)"
"47260","Virginia Beach-Norfolk-Newport News, VA-NC (Metropolitan Statistical Area)"," ","900","Real GDP by metropolitan area","21","3361-3363","    Motor vehicles, bodies and trailers, and parts manufacturing","(D)","(D)","(D)","(D)","(D)","(D)","(D)","(D)","(D)","(D)","(D)","(D)","(D)","(NA)"
"47260","Virginia Beach-Norfolk-Newport News, VA-NC (Metropolitan Statistical Area)"," ","900","Real GDP by metropolitan area","22","3364-3366, 3369","    Other transportation equipment manufacturing","(D)","(D)","(D)","(D)","(D)","(D)","(D)","(D)","(D)","(D)","(D)","(D)","(D)","(NA)"
"47260","Virginia Beach-Norfolk-Newport News, VA-NC (Metropolitan Statistical Area)"," ","900","Real GDP by metropolitan area","23","337","    Furniture and related products manufacturing","(D)","(D)","(D)","(D)","(D)","(D)","(D)","(D)","(D)","(D)","(D)","(D)",52,"(NA)"
"47260","Virginia Beach-Norfolk-Newport News, VA-NC (Metropolitan Statistical Area)"," ","900","Real GDP by metropolitan area","24","339","    Miscellaneous manufacturing","(D)","(D)","(D)","(D)","(D)","(D)","(D)","(D)","(D)","(D)","(D)","(D)",106,"(NA)"
"47260","Virginia Beach-Norfolk-Newport News, VA-NC (Metropolitan Statistical Area)"," ","900","Real GDP by metropolitan area","25","...","   Nondurable goods manufacturing","(D)","(D)","(D)","(D)","(D)","(D)","(D)","(D)","(D)","(D)","(D)","(D)","(D)","(D)"
"47260","Virginia Beach-Norfolk-Newport News, VA-NC (Metropolitan Statistical Area)"," ","900","Real GDP by metropolitan area","26","311-312","    Food and beverage and tobacco products manufacturing","(D)","(D)","(D)","(D)","(D)","(D)","(D)","(D)","(D)","(D)","(D)","(D)",2910,"(NA)"
"47260","Virginia Beach-Norfolk-Newport News, VA-NC (Metropolitan Statistical Area)"," ","900","Real GDP by metropolitan area","27","313-314","    Textile mills and textile product mills","(D)","(D)","(D)","(D)","(D)","(D)","(D)","(D)","(D)","(D)","(D)","(D)","(D)","(NA)"
"47260","Virginia Beach-Norfolk-Newport News, VA-NC (Metropolitan Statistical Area)"," ","900","Real GDP by metropolitan area","28","315-316","    Apparel and leather and allied products manufacturing","(D)","(D)","(D)","(D)","(D)","(D)","(D)","(D)","(D)","(D)","(D)","(D)",6,"(NA)"
"47260","Virginia Beach-Norfolk-Newport News, VA-NC (Metropolitan Statistical Area)"," ","900","Real GDP by metropolitan area","29","322","    Paper products manufacturing","(D)","(D)","(D)","(D)","(D)","(D)","(D)","(D)","(D)","(D)","(D)","(D)",84,"(NA)"
"47260","Virginia Beach-Norfolk-Newport News, VA-NC (Metropolitan Statistical Area)"," ","900","Real GDP by metropolitan area","30","323","    Printing and related support activities","(D)","(D)","(D)","(D)","(D)","(D)","(D)","(D)","(D)","(D)","(D)","(D)",97,"(NA)"
"47260","Virginia Beach-Norfolk-Newport News, VA-NC (Metropolitan Statistical Area)"," ","900","Real GDP by metropolitan area","31","324","    Petroleum and coal products manufacturing","(D)","(D)","(D)","(D)","(D)","(D)","(D)","(D)","(D)","(D)","(D)","(D)","(D)","(NA)"
"47260","Virginia Beach-Norfolk-Newport News, VA-NC (Metropolitan Statistical Area)"," ","900","Real GDP by metropolitan area","32","325","    Chemical products manufacturing","(D)","(D)","(D)","(D)","(D)","(D)","(D)","(D)","(D)","(D)","(D)","(D)",442,"(NA)"
"47260","Virginia Beach-Norfolk-Newport News, VA-NC (Metropolitan Statistical Area)"," ","900","Real GDP by metropolitan area","33","326","    Plastics and rubber products manufacturing","(D)","(D)","(D)","(D)","(D)","(D)","(D)","(D)","(D)","(D)","(D)","(D)",76,"(NA)"
"47260","Virginia Beach-Norfolk-Newport News, VA-NC (Metropolitan Statistical Area)"," ","900","Real GDP by metropolitan area","34","42","  Wholesale trade","(D)","(D)","(D)","(D)","(D)","(D)","(D)","(D)","(D)","(D)","(D)","(D)",2434,2500
"47260","Virginia Beach-Norfolk-Newport News, VA-NC (Metropolitan Statistical Area)"," ","900","Real GDP by metropolitan area","35","44-45","  Retail trade","(D)",3865,"(D)",4383,4579,4549,4471,4230,4133,4220,4119,4110,4211,4280
"47260","Virginia Beach-Norfolk-Newport News, VA-NC (Metropolitan Statistical Area)"," ","900","Real GDP by metropolitan area","36","48-49","  Transportation and warehousing","(D)","(D)","(D)","(D)","(D)","(D)","(D)","(D)","(D)","(D)","(D)","(D)",2450,2473
"47260","Virginia Beach-Norfolk-Newport News, VA-NC (Metropolitan Statistical Area)"," ","900","Real GDP by metropolitan area","37","481","   Air transportation","(D)","(D)","(D)","(D)","(D)","(D)","(D)","(D)","(D)","(D)","(D)","(D)",88,"(NA)"
"47260","Virginia Beach-Norfolk-Newport News, VA-NC (Metropolitan Statistical Area)"," ","900","Real GDP by metropolitan area","38","482","   Rail transportation",187,177,195,203,"(D)","(D)",211,245,213,212,226,249,236,"(NA)"
"47260","Virginia Beach-Norfolk-Newport News, VA-NC (Metropolitan Statistical Area)"," ","900","Real GDP by metropolitan area","39","483","   Water transportation","(D)","(D)","(D)","(D)","(D)","(D)","(D)","(D)","(D)","(D)","(D)","(D)",728,"(NA)"
"47260","Virginia Beach-Norfolk-Newport News, VA-NC (Metropolitan Statistical Area)"," ","900","Real GDP by metropolitan area","40","484","   Truck transportation","(D)","(D)","(D)","(D)","(D)",388,"(D)","(D)","(D)","(D)","(D)","(D)",308,"(NA)"
"47260","Virginia Beach-Norfolk-Newport News, VA-NC (Metropolitan Statistical Area)"," ","900","Real GDP by metropolitan area","41","485","   Transit and ground passenger transportation","(D)","(D)","(D)","(D)","(D)","(D)","(D)","(D)","(D)","(D)","(D)","(D)",82,"(NA)"
"47260","Virginia Beach-Norfolk-Newport News, VA-NC (Metropolitan Statistical Area)"," ","900","Real GDP by metropolitan area","42","486","   Pipeline transportation","(D)","(D)","(D)","(D)","(D)","(D)","(D)","(D)","(D)","(D)","(D)","(D)","(D)","(NA)"
"47260","Virginia Beach-Norfolk-Newport News, VA-NC (Metropolitan Statistical Area)"," ","900","Real GDP by metropolitan area","43","487-488, 492","   Other transportation and support activities","(D)","(D)","(D)","(D)","(D)","(D)","(D)","(D)","(D)","(D)","(D)","(D)","(D)","(NA)"
"47260","Virginia Beach-Norfolk-Newport News, VA-NC (Metropolitan Statistical Area)"," ","900","Real GDP by metropolitan area","44","493","   Warehousing and storage","(D)","(D)","(D)","(D)","(D)","(D)","(D)","(D)","(D)","(D)","(D)","(D)",267,"(NA)"
"47260","Virginia Beach-Norfolk-Newport News, VA-NC (Metropolitan Statistical Area)"," ","900","Real GDP by metropolitan area","45","51","  Information","(D)","(D)","(D)","(D)","(D)","(D)","(D)","(D)","(D)","(D)","(D)","(D)","(D)",2265
"47260","Virginia Beach-Norfolk-Newport News, VA-NC (Metropolitan Statistical Area)"," ","900","Real GDP by metropolitan area","46","511","   Publishing industries, except Internet (includes software)","(D)","(D)","(D)","(D)","(D)","(D)","(D)","(D)","(D)","(D)","(D)","(D)",363,"(NA)"
"47260","Virginia Beach-Norfolk-Newport News, VA-NC (Metropolitan Statistical Area)"," ","900","Real GDP by metropolitan area","47","512","   Motion picture and sound recording industries","(D)","(D)","(D)","(D)","(D)","(D)","(D)","(D)","(D)","(D)","(D)","(D)",226,"(NA)"
"47260","Virginia Beach-Norfolk-Newport News, VA-NC (Metropolitan Statistical Area)"," ","900","Real GDP by metropolitan area","48","515, 517","   Broadcasting and telecommunications","(D)","(D)","(D)","(D)","(D)","(D)","(D)","(D)","(D)","(D)","(D)","(D)",1382,"(NA)"
"47260","Virginia Beach-Norfolk-Newport News, VA-NC (Metropolitan Statistical Area)"," ","900","Real GDP by metropolitan area","49","518, 519","   Data processing, internet publishing, and other information services","(D)","(D)","(D)","(D)","(D)","(D)","(D)","(D)","(D)","(D)","(D)","(D)","(D)","(NA)"
"47260","Virginia Beach-Norfolk-Newport News, VA-NC (Metropolitan Statistical Area)"," ","900","Real GDP by metropolitan area","50","52, 53","  Finance, insurance, real estate, rental, and leasing",10295,10783,11225,11448,12976,13888,15376,"(D)","(D)","(D)","(D)",17648,17623,17394
"47260","Virginia Beach-Norfolk-Newport News, VA-NC (Metropolitan Statistical Area)"," ","900","Real GDP by metropolitan area","51","52","   Finance and insurance","(D)","(D)","(D)","(D)","(D)","(D)","(D)",2256,2513,2368,2539,"(D)","(D)",2583
"47260","Virginia Beach-Norfolk-Newport News, VA-NC (Metropolitan Statistical Area)"," ","900","Real GDP by metropolitan area","52","521-522","    Federal Reserve banks, credit intermediation, and related services","(D)","(D)","(D)","(D)","(D)","(D)","(D)","(D)","(D)","(D)","(D)","(D)",1241,"(NA)"
"47260","Virginia Beach-Norfolk-Newport News, VA-NC (Metropolitan Statistical Area)"," ","900","Real GDP by metropolitan area","53","523","    Securities, commodity contracts, and investments","(D)","(D)","(D)","(D)","(D)","(D)","(D)","(D)","(D)","(D)","(D)","(D)",295,"(NA)"
"47260","Virginia Beach-Norfolk-Newport News, VA-NC (Metropolitan Statistical Area)"," ","900","Real GDP by metropolitan area","54","524","    Insurance carriers and related activities","(D)","(D)","(D)","(D)","(D)","(D)","(D)","(D)","(D)","(D)","(D)","(D)",972,"(NA)"
"47260","Virginia Beach-Norfolk-Newport News, VA-NC (Metropolitan Statistical Area)"," ","900","Real GDP by metropolitan area","55","525","    Funds, trusts, and other financial vehicles","(D)","(D)","(D)","(D)","(D)","(D)","(D)","(D)","(D)","(D)","(D)","(D)","(D)","(NA)"
"47260","Virginia Beach-Norfolk-Newport News, VA-NC (Metropolitan Statistical Area)"," ","900","Real GDP by metropolitan area","56","53","   Real estate and rental and leasing","(D)","(D)","(D)","(D)","(D)","(D)","(D)","(D)","(D)","(D)","(D)","(D)","(D)",14822
"47260","Virginia Beach-Norfolk-Newport News, VA-NC (Metropolitan Statistical Area)"," ","900","Real GDP by metropolitan area","57","531","    Real estate","(D)","(D)","(D)","(D)","(D)","(D)","(D)","(D)",12461,"(D)","(D)","(D)",14279,"(NA)"
"47260","Virginia Beach-Norfolk-Newport News, VA-NC (Metropolitan Statistical Area)"," ","900","Real GDP by metropolitan area","58","532-533","    Rental and leasing services and lessors of intangible assets","(D)","(D)","(D)","(D)","(D)","(D)","(D)","(D)","(D)","(D)","(D)","(D)","(D)","(NA)"
"47260","Virginia Beach-Norfolk-Newport News, VA-NC (Metropolitan Statistical Area)"," ","900","Real GDP by metropolitan area","59","54, 55, 56","  Professional and business services",5743,6252,6728,6777,7121,7384,7497,7772,7788,7956,7888,8096,8409,8479
"47260","Virginia Beach-Norfolk-Newport News, VA-NC (Metropolitan Statistical Area)"," ","900","Real GDP by metropolitan area","60","54","   Professional, scientific, and technical services","(D)","(D)","(D)","(D)","(D)","(D)","(D)","(D)","(D)","(D)","(D)","(D)",4800,4800
"47260","Virginia Beach-Norfolk-Newport News, VA-NC (Metropolitan Statistical Area)"," ","900","Real GDP by metropolitan area","64","55","   Management of companies and enterprises","(D)","(D)","(D)","(D)","(D)","(D)","(D)","(D)","(D)","(D)","(D)","(D)",1174,1146
"47260","Virginia Beach-Norfolk-Newport News, VA-NC (Metropolitan Statistical Area)"," ","900","Real GDP by metropolitan area","65","56","   Administrative and waste management services","(D)","(D)","(D)","(D)","(D)","(D)","(D)","(D)","(D)","(D)","(D)","(D)",2439,2537
"47260","Virginia Beach-Norfolk-Newport News, VA-NC (Metropolitan Statistical Area)"," ","900","Real GDP by metropolitan area","66","561","    Administrative and support services","(D)","(D)","(D)","(D)","(D)","(D)","(D)","(D)","(D)","(D)","(D)","(D)",2290,"(NA)"
"47260","Virginia Beach-Norfolk-Newport News, VA-NC (Metropolitan Statistical Area)"," ","900","Real GDP by metropolitan area","67","562","    Waste management and remediation services","(D)","(D)","(D)","(D)","(D)","(D)","(D)","(D)","(D)","(D)","(D)","(D)",151,"(NA)"
"47260","Virginia Beach-Norfolk-Newport News, VA-NC (Metropolitan Statistical Area)"," ","900","Real GDP by metropolitan area","68","61, 62","  Educational services, health care, and social assistance",3951,4130,4418,4671,4801,5015,5184,5385,5513,5458,5567,5768,5986,6182
"47260","Virginia Beach-Norfolk-Newport News, VA-NC (Metropolitan Statistical Area)"," ","900","Real GDP by metropolitan area","69","61","   Educational services","(D)","(D)","(D)","(D)","(D)","(D)","(D)","(D)","(D)","(D)","(D)","(D)",693,679
"47260","Virginia Beach-Norfolk-Newport News, VA-NC (Metropolitan Statistical Area)"," ","900","Real GDP by metropolitan area","70","62","   Health care and social assistance","(D)","(D)","(D)","(D)","(D)","(D)","(D)","(D)","(D)","(D)","(D)","(D)",5296,5509
"47260","Virginia Beach-Norfolk-Newport News, VA-NC (Metropolitan Statistical Area)"," ","900","Real GDP by metropolitan area","71","621","    Ambulatory health care services","(D)","(D)","(D)","(D)","(D)","(D)","(D)","(D)",2535,"(D)","(D)","(D)","(D)","(NA)"
"47260","Virginia Beach-Norfolk-Newport News, VA-NC (Metropolitan Statistical Area)"," ","900","Real GDP by metropolitan area","72","622-623","    Hospitals and nursing and residential care facilities","(D)","(D)","(D)","(D)","(D)","(D)","(D)","(D)","(D)","(D)","(D)","(D)",2010,"(NA)"
"47260","Virginia Beach-Norfolk-Newport News, VA-NC (Metropolitan Statistical Area)"," ","900","Real GDP by metropolitan area","73","624","    Social assistance","(D)","(D)","(D)","(D)","(D)","(D)","(D)","(D)","(D)","(D)","(D)","(D)","(D)","(NA)"
"47260","Virginia Beach-Norfolk-Newport News, VA-NC (Metropolitan Statistical Area)"," ","900","Real GDP by metropolitan area","74","71, 72","  Arts, entertainment, recreation, accommodation, and food services",2426,2551,2692,2784,2840,2949,2926,2840,2664,2736,2730,2688,2709,2754
"47260","Virginia Beach-Norfolk-Newport News, VA-NC (Metropolitan Statistical Area)"," ","900","Real GDP by metropolitan area","75","71","   Arts, entertainment, and recreation","(D)","(D)","(D)","(D)","(D)","(D)","(D)","(D)","(D)","(D)","(D)","(D)",546,563
"47260","Virginia Beach-Norfolk-Newport News, VA-NC (Metropolitan Statistical Area)"," ","900","Real GDP by metropolitan area","76","711-712","    Performing arts, spectator sports, museums, and related activities","(D)","(D)","(D)","(D)","(D)","(D)","(D)","(D)","(D)","(D)","(D)","(D)",224,"(NA)"
"47260","Virginia Beach-Norfolk-Newport News, VA-NC (Metropolitan Statistical Area)"," ","900","Real GDP by metropolitan area","77","713","    Amusements, gambling, and recreation industries","(D)","(D)","(D)","(D)","(D)","(D)","(D)","(D)","(D)","(D)","(D)","(D)",322,"(NA)"
"47260","Virginia Beach-Norfolk-Newport News, VA-NC (Metropolitan Statistical Area)"," ","900","Real GDP by metropolitan area","78","72","   Accommodation and food services","(D)","(D)","(D)","(D)","(D)","(D)","(D)","(D)","(D)","(D)","(D)","(D)",2163,2192
"47260","Virginia Beach-Norfolk-Newport News, VA-NC (Metropolitan Statistical Area)"," ","900","Real GDP by metropolitan area","79","721","    Accommodation","(D)","(D)","(D)","(D)","(D)","(D)","(D)","(D)","(D)","(D)","(D)","(D)",548,"(NA)"
"47260","Virginia Beach-Norfolk-Newport News, VA-NC (Metropolitan Statistical Area)"," ","900","Real GDP by metropolitan area","80","722","    Food services and drinking places","(D)","(D)","(D)","(D)","(D)","(D)","(D)",1607,"(D)","(D)","(D)","(D)",1615,"(NA)"
"47260","Virginia Beach-Norfolk-Newport News, VA-NC (Metropolitan Statistical Area)"," ","900","Real GDP by metropolitan area","81","81","  Other services, except government",1705,1801,1806,1878,"(D)",1872,"(D)",1713,"(D)","(D)","(D)","(D)","(D)",1666
"47260","Virginia Beach-Norfolk-Newport News, VA-NC (Metropolitan Statistical Area)"," ","900","Real GDP by metropolitan area","82","92"," Government",22339,22918,23193,23601,23402,23998,24190,24365,24553,24557,24689,24448,23734,23616
"47260","Virginia Beach-Norfolk-Newport News, VA-NC (Metropolitan Statistical Area)"," ","900","Real GDP by metropolitan area","83","...","  Federal civilian",4686,4860,4922,4875,4780,4932,5075,5136,5249,5350,5522,5566,5311,"(NA)"
"47260","Virginia Beach-Norfolk-Newport News, VA-NC (Metropolitan Statistical Area)"," ","900","Real GDP by metropolitan area","84","...","  Federal military",11270,11548,11613,11970,11647,12180,12179,12265,12387,12343,12340,12137,11757,"(NA)"
"47260","Virginia Beach-Norfolk-Newport News, VA-NC (Metropolitan Statistical Area)"," ","900","Real GDP by metropolitan area","85","...","  State and local",6384,6510,6658,6758,6987,6886,6937,6965,6917,6864,6824,6741,6662,"(NA)"
"47260","Virginia Beach-Norfolk-Newport News, VA-NC (Metropolitan Statistical Area)"," ","900","Real GDP by metropolitan area","86","11, 21","Natural resources and mining",224,286,369,415,424,458,334,408,455,511,575,398,"(D)","(D)"
"47260","Virginia Beach-Norfolk-Newport News, VA-NC (Metropolitan Statistical Area)"," ","900","Real GDP by metropolitan area","87","42, 44-45","Trade",6121,"(D)",6977,"(D)","(D)","(D)","(D)","(D)","(D)","(D)","(D)","(D)",6644,6778
"47260","Virginia Beach-Norfolk-Newport News, VA-NC (Metropolitan Statistical Area)"," ","900","Real GDP by metropolitan area","88","...","Transportation and utilities",2062,2046,2156,2328,2551,2813,2840,3024,3047,3063,3151,3149,3148,3173
"47260","Virginia Beach-Norfolk-Newport News, VA-NC (Metropolitan Statistical Area)"," ","900","Real GDP by metropolitan area","89","...","Private goods-producing industries",12121,11562,11968,12304,12652,12529,12285,11444,11938,11852,11672,11196,11466,11154
"47260","Virginia Beach-Norfolk-Newport News, VA-NC (Metropolitan Statistical Area)"," ","900","Real GDP by metropolitan area","90","...","Private services-providing industries",33268,35258,37525,38915,41725,43632,45487,45778,45652,45671,46181,47773,48365,48684
"47260","Virginia Beach-Norfolk-Newport News, VA-NC (Metropolitan Statistical Area)"," ","1000","Per capita real GDP by metropolitan area","1","...","All industry total",42334,43226,44884,45474,47131,48098,49257,49078,49233,48854,48935,49108,48933,48600
"Note: See the included footnote file."
NAICS Industry detail is based on the 2007 North American Industry Classification System (NAICS).
"Source: U.S. Department of Commerce / Bureau of Economic Analysis / Regional Product Division"
