"GeoFIPS","GeoName","Region","ComponentId","ComponentName","IndustryId","IndustryClassification","Description","2001","2002","2003","2004","2005","2006","2007","2008","2009","2010","2011","2012","2013","2014"
"47900","Washington-Arlington-Alexandria, DC-VA-MD-WV (Metropolitan Statistical Area)"," ","200","Gross domestic product (GDP) by metropolitan area","1","...","All industry total",272133,286450,305050,330646,356811,375206,392907,407800,414340,432555,444708,453337,462187,471584
"47900","Washington-Arlington-Alexandria, DC-VA-MD-WV (Metropolitan Statistical Area)"," ","200","Gross domestic product (GDP) by metropolitan area","2","..."," Private industries",212195,222091,236520,257580,278826,293255,306593,316274,317764,330575,339803,347796,356420,364866
"47900","Washington-Arlington-Alexandria, DC-VA-MD-WV (Metropolitan Statistical Area)"," ","200","Gross domestic product (GDP) by metropolitan area","3","11","  Agriculture, forestry, fishing, and hunting","(D)","(D)","(D)","(D)","(D)","(D)","(D)","(D)","(D)","(D)","(D)","(D)",249,234
"47900","Washington-Arlington-Alexandria, DC-VA-MD-WV (Metropolitan Statistical Area)"," ","200","Gross domestic product (GDP) by metropolitan area","4","111-112","   Farms",106,117,98,125,105,102,103,115,130,143,165,199,174,"(NA)"
"47900","Washington-Arlington-Alexandria, DC-VA-MD-WV (Metropolitan Statistical Area)"," ","200","Gross domestic product (GDP) by metropolitan area","5","113-115","   Forestry, fishing, and related activities","(D)","(D)","(D)","(D)","(D)","(D)","(D)","(D)","(D)","(D)","(D)","(D)",75,"(NA)"
"47900","Washington-Arlington-Alexandria, DC-VA-MD-WV (Metropolitan Statistical Area)"," ","200","Gross domestic product (GDP) by metropolitan area","6","21","  Mining","(D)","(D)","(D)","(D)","(D)","(D)","(D)","(D)","(D)","(D)","(D)","(D)","(D)","(D)"
"47900","Washington-Arlington-Alexandria, DC-VA-MD-WV (Metropolitan Statistical Area)"," ","200","Gross domestic product (GDP) by metropolitan area","7","211","   Oil and gas extraction","(D)","(D)","(D)","(D)","(D)",32,"(D)","(D)","(D)","(D)","(D)","(D)","(D)","(NA)"
"47900","Washington-Arlington-Alexandria, DC-VA-MD-WV (Metropolitan Statistical Area)"," ","200","Gross domestic product (GDP) by metropolitan area","8","212","   Mining, except oil and gas","(D)","(D)","(D)","(D)","(D)","(D)","(D)","(D)","(D)","(D)","(D)","(D)","(D)","(NA)"
"47900","Washington-Arlington-Alexandria, DC-VA-MD-WV (Metropolitan Statistical Area)"," ","200","Gross domestic product (GDP) by metropolitan area","9","213","   Support activities for mining","(D)","(D)","(D)","(D)","(D)","(D)","(D)","(D)","(D)","(D)","(D)","(D)",16,"(NA)"
"47900","Washington-Arlington-Alexandria, DC-VA-MD-WV (Metropolitan Statistical Area)"," ","200","Gross domestic product (GDP) by metropolitan area","10","22","  Utilities","(D)","(D)","(D)","(D)","(D)","(D)","(D)","(D)","(D)","(D)","(D)","(D)","(D)","(D)"
"47900","Washington-Arlington-Alexandria, DC-VA-MD-WV (Metropolitan Statistical Area)"," ","200","Gross domestic product (GDP) by metropolitan area","11","23","  Construction",12402,"(D)",13983,15826,"(D)","(D)","(D)","(D)","(D)","(D)","(D)","(D)","(D)","(D)"
"47900","Washington-Arlington-Alexandria, DC-VA-MD-WV (Metropolitan Statistical Area)"," ","200","Gross domestic product (GDP) by metropolitan area","12","31-33","  Manufacturing","(D)","(D)","(D)","(D)","(D)","(D)","(D)",8928,"(D)","(D)","(D)","(D)",9875,10217
"47900","Washington-Arlington-Alexandria, DC-VA-MD-WV (Metropolitan Statistical Area)"," ","200","Gross domestic product (GDP) by metropolitan area","13","...","   Durable goods manufacturing","(D)","(D)","(D)","(D)","(D)","(D)","(D)","(D)","(D)","(D)","(D)","(D)","(D)","(D)"
"47900","Washington-Arlington-Alexandria, DC-VA-MD-WV (Metropolitan Statistical Area)"," ","200","Gross domestic product (GDP) by metropolitan area","14","321","    Wood products manufacturing","(D)","(D)","(D)","(D)","(D)","(D)","(D)","(D)","(D)","(D)","(D)","(D)","(D)","(NA)"
"47900","Washington-Arlington-Alexandria, DC-VA-MD-WV (Metropolitan Statistical Area)"," ","200","Gross domestic product (GDP) by metropolitan area","15","327","    Nonmetallic mineral products manufacturing","(D)","(D)","(D)","(D)","(D)","(D)","(D)","(D)","(D)","(D)","(D)","(D)",332,"(NA)"
"47900","Washington-Arlington-Alexandria, DC-VA-MD-WV (Metropolitan Statistical Area)"," ","200","Gross domestic product (GDP) by metropolitan area","16","331","    Primary metals manufacturing","(D)","(D)","(D)","(D)","(D)","(D)","(D)","(D)","(D)","(D)","(D)","(D)","(D)","(NA)"
"47900","Washington-Arlington-Alexandria, DC-VA-MD-WV (Metropolitan Statistical Area)"," ","200","Gross domestic product (GDP) by metropolitan area","17","332","    Fabricated metal products","(D)","(D)","(D)","(D)","(D)","(D)","(D)","(D)","(D)","(D)","(D)","(D)",349,"(NA)"
"47900","Washington-Arlington-Alexandria, DC-VA-MD-WV (Metropolitan Statistical Area)"," ","200","Gross domestic product (GDP) by metropolitan area","18","333","    Machinery manufacturing","(D)","(D)","(D)","(D)","(D)","(D)","(D)","(D)","(D)","(D)","(D)","(D)","(D)","(NA)"
"47900","Washington-Arlington-Alexandria, DC-VA-MD-WV (Metropolitan Statistical Area)"," ","200","Gross domestic product (GDP) by metropolitan area","19","334","    Computer and electronic products manufacturing","(D)","(D)","(D)","(D)","(D)","(D)","(D)","(D)","(D)","(D)","(D)","(D)",2513,"(NA)"
"47900","Washington-Arlington-Alexandria, DC-VA-MD-WV (Metropolitan Statistical Area)"," ","200","Gross domestic product (GDP) by metropolitan area","20","335","    Electrical equipment, appliance, and components manufacturing","(D)","(D)","(D)","(D)","(D)","(D)","(D)","(D)","(D)","(D)","(D)","(D)","(D)","(NA)"
"47900","Washington-Arlington-Alexandria, DC-VA-MD-WV (Metropolitan Statistical Area)"," ","200","Gross domestic product (GDP) by metropolitan area","21","3361-3363","    Motor vehicles, bodies and trailers, and parts manufacturing","(D)","(D)","(D)","(D)","(D)","(D)","(D)","(D)","(D)","(D)","(D)","(D)","(D)","(NA)"
"47900","Washington-Arlington-Alexandria, DC-VA-MD-WV (Metropolitan Statistical Area)"," ","200","Gross domestic product (GDP) by metropolitan area","22","3364-3366, 3369","    Other transportation equipment manufacturing","(D)","(D)","(D)","(D)","(D)","(D)","(D)","(D)","(D)","(D)","(D)","(D)","(D)","(NA)"
"47900","Washington-Arlington-Alexandria, DC-VA-MD-WV (Metropolitan Statistical Area)"," ","200","Gross domestic product (GDP) by metropolitan area","23","337","    Furniture and related products manufacturing","(D)","(D)","(D)","(D)","(D)","(D)","(D)","(D)","(D)","(D)","(D)","(D)","(D)","(NA)"
"47900","Washington-Arlington-Alexandria, DC-VA-MD-WV (Metropolitan Statistical Area)"," ","200","Gross domestic product (GDP) by metropolitan area","24","339","    Miscellaneous manufacturing","(D)","(D)","(D)","(D)","(D)","(D)","(D)","(D)","(D)","(D)","(D)","(D)","(D)","(NA)"
"47900","Washington-Arlington-Alexandria, DC-VA-MD-WV (Metropolitan Statistical Area)"," ","200","Gross domestic product (GDP) by metropolitan area","25","...","   Nondurable goods manufacturing","(D)","(D)","(D)","(D)","(D)","(D)","(D)","(D)","(D)","(D)","(D)","(D)","(D)","(D)"
"47900","Washington-Arlington-Alexandria, DC-VA-MD-WV (Metropolitan Statistical Area)"," ","200","Gross domestic product (GDP) by metropolitan area","26","311-312","    Food and beverage and tobacco products manufacturing","(D)","(D)","(D)","(D)","(D)","(D)","(D)","(D)","(D)","(D)","(D)","(D)","(D)","(NA)"
"47900","Washington-Arlington-Alexandria, DC-VA-MD-WV (Metropolitan Statistical Area)"," ","200","Gross domestic product (GDP) by metropolitan area","27","313-314","    Textile mills and textile product mills","(D)","(D)","(D)","(D)","(D)","(D)","(D)","(D)","(D)","(D)","(D)","(D)",48,"(NA)"
"47900","Washington-Arlington-Alexandria, DC-VA-MD-WV (Metropolitan Statistical Area)"," ","200","Gross domestic product (GDP) by metropolitan area","28","315-316","    Apparel and leather and allied products manufacturing","(D)","(D)","(D)","(D)","(D)","(D)","(D)","(D)","(D)","(D)","(D)","(D)","(D)","(NA)"
"47900","Washington-Arlington-Alexandria, DC-VA-MD-WV (Metropolitan Statistical Area)"," ","200","Gross domestic product (GDP) by metropolitan area","29","322","    Paper products manufacturing","(D)","(D)","(D)","(D)","(D)","(D)","(D)","(D)","(D)","(D)","(D)","(D)","(D)","(NA)"
"47900","Washington-Arlington-Alexandria, DC-VA-MD-WV (Metropolitan Statistical Area)"," ","200","Gross domestic product (GDP) by metropolitan area","30","323","    Printing and related support activities","(D)","(D)","(D)","(D)","(D)","(D)","(D)","(D)","(D)","(D)","(D)","(D)",544,"(NA)"
"47900","Washington-Arlington-Alexandria, DC-VA-MD-WV (Metropolitan Statistical Area)"," ","200","Gross domestic product (GDP) by metropolitan area","31","324","    Petroleum and coal products manufacturing","(D)","(D)","(D)","(D)","(D)","(D)","(D)","(D)","(D)","(D)","(D)","(D)",308,"(NA)"
"47900","Washington-Arlington-Alexandria, DC-VA-MD-WV (Metropolitan Statistical Area)"," ","200","Gross domestic product (GDP) by metropolitan area","32","325","    Chemical products manufacturing","(D)","(D)","(D)","(D)","(D)","(D)","(D)","(D)","(D)","(D)","(D)","(D)",2796,"(NA)"
"47900","Washington-Arlington-Alexandria, DC-VA-MD-WV (Metropolitan Statistical Area)"," ","200","Gross domestic product (GDP) by metropolitan area","33","326","    Plastics and rubber products manufacturing","(D)","(D)","(D)","(D)","(D)","(D)","(D)","(D)","(D)","(D)","(D)","(D)","(D)","(NA)"
"47900","Washington-Arlington-Alexandria, DC-VA-MD-WV (Metropolitan Statistical Area)"," ","200","Gross domestic product (GDP) by metropolitan area","34","42","  Wholesale trade","(D)","(D)","(D)","(D)","(D)","(D)","(D)","(D)","(D)","(D)","(D)","(D)",13776,13541
"47900","Washington-Arlington-Alexandria, DC-VA-MD-WV (Metropolitan Statistical Area)"," ","200","Gross domestic product (GDP) by metropolitan area","35","44-45","  Retail trade",12671,13315,14185,14701,15722,"(D)","(D)","(D)","(D)","(D)","(D)",17351,18138,18732
"47900","Washington-Arlington-Alexandria, DC-VA-MD-WV (Metropolitan Statistical Area)"," ","200","Gross domestic product (GDP) by metropolitan area","36","48-49","  Transportation and warehousing","(D)","(D)","(D)","(D)","(D)","(D)","(D)","(D)","(D)","(D)","(D)","(D)","(D)","(D)"
"47900","Washington-Arlington-Alexandria, DC-VA-MD-WV (Metropolitan Statistical Area)"," ","200","Gross domestic product (GDP) by metropolitan area","37","481","   Air transportation","(D)","(D)","(D)","(D)","(D)","(D)","(D)","(D)","(D)","(D)","(D)","(D)",1907,"(NA)"
"47900","Washington-Arlington-Alexandria, DC-VA-MD-WV (Metropolitan Statistical Area)"," ","200","Gross domestic product (GDP) by metropolitan area","38","482","   Rail transportation","(D)","(D)","(D)",183,164,158,186,218,186,"(D)","(D)","(D)","(D)","(NA)"
"47900","Washington-Arlington-Alexandria, DC-VA-MD-WV (Metropolitan Statistical Area)"," ","200","Gross domestic product (GDP) by metropolitan area","39","483","   Water transportation","(D)","(D)","(D)","(D)","(D)","(D)","(D)","(D)","(D)","(D)","(D)","(D)","(D)","(NA)"
"47900","Washington-Arlington-Alexandria, DC-VA-MD-WV (Metropolitan Statistical Area)"," ","200","Gross domestic product (GDP) by metropolitan area","40","484","   Truck transportation","(D)","(D)","(D)","(D)","(D)","(D)","(D)","(D)","(D)","(D)","(D)","(D)",878,"(NA)"
"47900","Washington-Arlington-Alexandria, DC-VA-MD-WV (Metropolitan Statistical Area)"," ","200","Gross domestic product (GDP) by metropolitan area","41","485","   Transit and ground passenger transportation","(D)","(D)","(D)","(D)","(D)","(D)","(D)","(D)","(D)","(D)","(D)","(D)",787,"(NA)"
"47900","Washington-Arlington-Alexandria, DC-VA-MD-WV (Metropolitan Statistical Area)"," ","200","Gross domestic product (GDP) by metropolitan area","42","486","   Pipeline transportation","(D)","(D)","(D)","(D)","(D)","(D)","(D)","(D)","(D)","(D)","(D)","(D)","(D)","(NA)"
"47900","Washington-Arlington-Alexandria, DC-VA-MD-WV (Metropolitan Statistical Area)"," ","200","Gross domestic product (GDP) by metropolitan area","43","487-488, 492","   Other transportation and support activities","(D)","(D)","(D)","(D)","(D)","(D)","(D)","(D)","(D)","(D)","(D)","(D)",1603,"(NA)"
"47900","Washington-Arlington-Alexandria, DC-VA-MD-WV (Metropolitan Statistical Area)"," ","200","Gross domestic product (GDP) by metropolitan area","44","493","   Warehousing and storage","(D)","(D)","(D)","(D)","(D)","(D)","(D)","(D)","(D)","(D)","(D)","(D)","(D)","(NA)"
"47900","Washington-Arlington-Alexandria, DC-VA-MD-WV (Metropolitan Statistical Area)"," ","200","Gross domestic product (GDP) by metropolitan area","45","51","  Information","(D)","(D)","(D)","(D)","(D)","(D)","(D)","(D)","(D)",28570,"(D)","(D)",27174,28032
"47900","Washington-Arlington-Alexandria, DC-VA-MD-WV (Metropolitan Statistical Area)"," ","200","Gross domestic product (GDP) by metropolitan area","46","511","   Publishing industries, except Internet (includes software)","(D)","(D)","(D)","(D)","(D)","(D)","(D)","(D)","(D)","(D)","(D)","(D)",5849,"(NA)"
"47900","Washington-Arlington-Alexandria, DC-VA-MD-WV (Metropolitan Statistical Area)"," ","200","Gross domestic product (GDP) by metropolitan area","47","512","   Motion picture and sound recording industries","(D)","(D)","(D)","(D)","(D)","(D)","(D)","(D)","(D)","(D)","(D)","(D)",1170,"(NA)"
"47900","Washington-Arlington-Alexandria, DC-VA-MD-WV (Metropolitan Statistical Area)"," ","200","Gross domestic product (GDP) by metropolitan area","48","515, 517","   Broadcasting and telecommunications","(D)","(D)","(D)","(D)","(D)","(D)","(D)","(D)","(D)","(D)","(D)","(D)","(D)","(NA)"
"47900","Washington-Arlington-Alexandria, DC-VA-MD-WV (Metropolitan Statistical Area)"," ","200","Gross domestic product (GDP) by metropolitan area","49","518, 519","   Data processing, internet publishing, and other information services","(D)","(D)","(D)","(D)","(D)","(D)","(D)","(D)","(D)","(D)","(D)","(D)","(D)","(NA)"
"47900","Washington-Arlington-Alexandria, DC-VA-MD-WV (Metropolitan Statistical Area)"," ","200","Gross domestic product (GDP) by metropolitan area","50","52, 53","  Finance, insurance, real estate, rental, and leasing",52270,56150,60998,63982,73315,"(D)",79841,"(D)","(D)",84482,87601,"(D)",95092,97143
"47900","Washington-Arlington-Alexandria, DC-VA-MD-WV (Metropolitan Statistical Area)"," ","200","Gross domestic product (GDP) by metropolitan area","51","52","   Finance and insurance","(D)","(D)","(D)","(D)",16847,"(D)","(D)","(D)","(D)","(D)","(D)","(D)",20783,"(D)"
"47900","Washington-Arlington-Alexandria, DC-VA-MD-WV (Metropolitan Statistical Area)"," ","200","Gross domestic product (GDP) by metropolitan area","52","521-522","    Federal Reserve banks, credit intermediation, and related services","(D)","(D)","(D)","(D)","(D)","(D)","(D)","(D)","(D)","(D)","(D)","(D)","(D)","(NA)"
"47900","Washington-Arlington-Alexandria, DC-VA-MD-WV (Metropolitan Statistical Area)"," ","200","Gross domestic product (GDP) by metropolitan area","53","523","    Securities, commodity contracts, and investments","(D)","(D)","(D)","(D)","(D)","(D)","(D)","(D)","(D)","(D)","(D)","(D)","(D)","(NA)"
"47900","Washington-Arlington-Alexandria, DC-VA-MD-WV (Metropolitan Statistical Area)"," ","200","Gross domestic product (GDP) by metropolitan area","54","524","    Insurance carriers and related activities","(D)","(D)","(D)","(D)","(D)","(D)","(D)","(D)","(D)","(D)","(D)","(D)",5879,"(NA)"
"47900","Washington-Arlington-Alexandria, DC-VA-MD-WV (Metropolitan Statistical Area)"," ","200","Gross domestic product (GDP) by metropolitan area","55","525","    Funds, trusts, and other financial vehicles","(D)","(D)","(D)","(D)","(D)","(D)","(D)","(D)","(D)","(D)","(D)","(D)","(D)","(NA)"
"47900","Washington-Arlington-Alexandria, DC-VA-MD-WV (Metropolitan Statistical Area)"," ","200","Gross domestic product (GDP) by metropolitan area","56","53","   Real estate and rental and leasing","(D)","(D)","(D)","(D)",56468,58691,"(D)",64267,65113,"(D)","(D)",72693,74308,"(D)"
"47900","Washington-Arlington-Alexandria, DC-VA-MD-WV (Metropolitan Statistical Area)"," ","200","Gross domestic product (GDP) by metropolitan area","57","531","    Real estate","(D)","(D)","(D)","(D)","(D)","(D)","(D)","(D)","(D)","(D)","(D)","(D)",70653,"(NA)"
"47900","Washington-Arlington-Alexandria, DC-VA-MD-WV (Metropolitan Statistical Area)"," ","200","Gross domestic product (GDP) by metropolitan area","58","532-533","    Rental and leasing services and lessors of intangible assets","(D)","(D)","(D)","(D)","(D)","(D)","(D)","(D)","(D)","(D)","(D)","(D)",3655,"(NA)"
"47900","Washington-Arlington-Alexandria, DC-VA-MD-WV (Metropolitan Statistical Area)"," ","200","Gross domestic product (GDP) by metropolitan area","59","54, 55, 56","  Professional and business services",51854,54846,59308,67050,73180,79243,85802,92494,93909,98469,102771,105402,105295,107317
"47900","Washington-Arlington-Alexandria, DC-VA-MD-WV (Metropolitan Statistical Area)"," ","200","Gross domestic product (GDP) by metropolitan area","60","54","   Professional, scientific, and technical services","(D)",43693,"(D)",52610,"(D)","(D)","(D)","(D)","(D)","(D)","(D)","(D)","(D)","(D)"
"47900","Washington-Arlington-Alexandria, DC-VA-MD-WV (Metropolitan Statistical Area)"," ","200","Gross domestic product (GDP) by metropolitan area","64","55","   Management of companies and enterprises","(D)","(D)","(D)","(D)","(D)","(D)","(D)","(D)","(D)","(D)","(D)","(D)","(D)","(D)"
"47900","Washington-Arlington-Alexandria, DC-VA-MD-WV (Metropolitan Statistical Area)"," ","200","Gross domestic product (GDP) by metropolitan area","65","56","   Administrative and waste management services","(D)","(D)","(D)","(D)","(D)","(D)","(D)","(D)","(D)","(D)","(D)","(D)",14410,15001
"47900","Washington-Arlington-Alexandria, DC-VA-MD-WV (Metropolitan Statistical Area)"," ","200","Gross domestic product (GDP) by metropolitan area","66","561","    Administrative and support services","(D)","(D)","(D)","(D)","(D)","(D)","(D)","(D)","(D)","(D)","(D)","(D)",13774,"(NA)"
"47900","Washington-Arlington-Alexandria, DC-VA-MD-WV (Metropolitan Statistical Area)"," ","200","Gross domestic product (GDP) by metropolitan area","67","562","    Waste management and remediation services","(D)","(D)","(D)","(D)","(D)","(D)","(D)","(D)","(D)","(D)","(D)","(D)",637,"(NA)"
"47900","Washington-Arlington-Alexandria, DC-VA-MD-WV (Metropolitan Statistical Area)"," ","200","Gross domestic product (GDP) by metropolitan area","68","61, 62","  Educational services, health care, and social assistance",14950,16168,17155,18397,19248,20506,21805,23523,25260,25920,26715,27429,28203,28976
"47900","Washington-Arlington-Alexandria, DC-VA-MD-WV (Metropolitan Statistical Area)"," ","200","Gross domestic product (GDP) by metropolitan area","69","61","   Educational services","(D)","(D)","(D)","(D)","(D)","(D)","(D)","(D)","(D)","(D)","(D)","(D)",6477,6527
"47900","Washington-Arlington-Alexandria, DC-VA-MD-WV (Metropolitan Statistical Area)"," ","200","Gross domestic product (GDP) by metropolitan area","70","62","   Health care and social assistance","(D)","(D)","(D)","(D)","(D)","(D)","(D)","(D)","(D)","(D)","(D)","(D)",21726,22449
"47900","Washington-Arlington-Alexandria, DC-VA-MD-WV (Metropolitan Statistical Area)"," ","200","Gross domestic product (GDP) by metropolitan area","71","621","    Ambulatory health care services","(D)","(D)","(D)","(D)","(D)","(D)","(D)","(D)","(D)","(D)","(D)","(D)","(D)","(NA)"
"47900","Washington-Arlington-Alexandria, DC-VA-MD-WV (Metropolitan Statistical Area)"," ","200","Gross domestic product (GDP) by metropolitan area","72","622-623","    Hospitals and nursing and residential care facilities","(D)","(D)","(D)","(D)","(D)","(D)","(D)","(D)","(D)","(D)","(D)","(D)","(D)","(NA)"
"47900","Washington-Arlington-Alexandria, DC-VA-MD-WV (Metropolitan Statistical Area)"," ","200","Gross domestic product (GDP) by metropolitan area","73","624","    Social assistance","(D)","(D)","(D)","(D)","(D)","(D)","(D)","(D)","(D)","(D)","(D)","(D)","(D)","(NA)"
"47900","Washington-Arlington-Alexandria, DC-VA-MD-WV (Metropolitan Statistical Area)"," ","200","Gross domestic product (GDP) by metropolitan area","74","71, 72","  Arts, entertainment, recreation, accommodation, and food services",9386,9820,10471,"(D)",11176,11904,12232,12565,12351,13048,13468,14153,14754,15430
"47900","Washington-Arlington-Alexandria, DC-VA-MD-WV (Metropolitan Statistical Area)"," ","200","Gross domestic product (GDP) by metropolitan area","75","71","   Arts, entertainment, and recreation","(D)","(D)","(D)","(D)","(D)",2356,2437,2551,"(D)","(D)","(D)","(D)","(D)","(D)"
"47900","Washington-Arlington-Alexandria, DC-VA-MD-WV (Metropolitan Statistical Area)"," ","200","Gross domestic product (GDP) by metropolitan area","76","711-712","    Performing arts, spectator sports, museums, and related activities","(D)","(D)","(D)","(D)","(D)","(D)","(D)","(D)","(D)","(D)","(D)","(D)",1641,"(NA)"
"47900","Washington-Arlington-Alexandria, DC-VA-MD-WV (Metropolitan Statistical Area)"," ","200","Gross domestic product (GDP) by metropolitan area","77","713","    Amusements, gambling, and recreation industries","(D)","(D)","(D)","(D)","(D)","(D)","(D)","(D)","(D)","(D)","(D)","(D)","(D)","(NA)"
"47900","Washington-Arlington-Alexandria, DC-VA-MD-WV (Metropolitan Statistical Area)"," ","200","Gross domestic product (GDP) by metropolitan area","78","72","   Accommodation and food services","(D)","(D)","(D)",8580,"(D)",9548,9796,10014,"(D)","(D)","(D)","(D)","(D)","(D)"
"47900","Washington-Arlington-Alexandria, DC-VA-MD-WV (Metropolitan Statistical Area)"," ","200","Gross domestic product (GDP) by metropolitan area","79","721","    Accommodation","(D)","(D)","(D)",2956,"(D)",3333,"(D)","(D)","(D)","(D)","(D)","(D)",4039,"(NA)"
"47900","Washington-Arlington-Alexandria, DC-VA-MD-WV (Metropolitan Statistical Area)"," ","200","Gross domestic product (GDP) by metropolitan area","80","722","    Food services and drinking places","(D)","(D)","(D)",5624,5898,6215,"(D)","(D)","(D)","(D)","(D)","(D)","(D)","(NA)"
"47900","Washington-Arlington-Alexandria, DC-VA-MD-WV (Metropolitan Statistical Area)"," ","200","Gross domestic product (GDP) by metropolitan area","81","81","  Other services, except government",9714,10358,"(D)",11470,12110,12678,13386,14082,14319,14667,15179,15902,16488,17125
"47900","Washington-Arlington-Alexandria, DC-VA-MD-WV (Metropolitan Statistical Area)"," ","200","Gross domestic product (GDP) by metropolitan area","82","92"," Government",59938,64359,68529,73066,77986,81951,86314,91526,96576,101980,104905,105541,105768,106717
"47900","Washington-Arlington-Alexandria, DC-VA-MD-WV (Metropolitan Statistical Area)"," ","200","Gross domestic product (GDP) by metropolitan area","83","...","  Federal civilian",36137,38890,41376,44351,47023,49890,52503,55611,59161,64128,66411,66493,66203,"(NA)"
"47900","Washington-Arlington-Alexandria, DC-VA-MD-WV (Metropolitan Statistical Area)"," ","200","Gross domestic product (GDP) by metropolitan area","84","...","  Federal military",8152,8703,9454,9924,10671,10669,11178,12154,12765,13154,12932,12875,12894,"(NA)"
"47900","Washington-Arlington-Alexandria, DC-VA-MD-WV (Metropolitan Statistical Area)"," ","200","Gross domestic product (GDP) by metropolitan area","85","...","  State and local",15650,16767,17699,18791,20291,21393,22632,23760,24650,24698,25561,26172,26670,"(NA)"
"47900","Washington-Arlington-Alexandria, DC-VA-MD-WV (Metropolitan Statistical Area)"," ","200","Gross domestic product (GDP) by metropolitan area","86","11, 21","Natural resources and mining",414,333,329,403,420,515,540,534,467,600,559,566,"(D)","(D)"
"47900","Washington-Arlington-Alexandria, DC-VA-MD-WV (Metropolitan Statistical Area)"," ","200","Gross domestic product (GDP) by metropolitan area","87","42, 44-45","Trade","(D)","(D)","(D)","(D)","(D)",27882,28325,28258,27419,28939,29766,"(D)",31914,32273
"47900","Washington-Arlington-Alexandria, DC-VA-MD-WV (Metropolitan Statistical Area)"," ","200","Gross domestic product (GDP) by metropolitan area","88","...","Transportation and utilities",8136,7881,8153,9229,8729,10428,10069,10332,10808,11317,11362,10898,11131,11610
"47900","Washington-Arlington-Alexandria, DC-VA-MD-WV (Metropolitan Statistical Area)"," ","200","Gross domestic product (GDP) by metropolitan area","89","...","Private goods-producing industries",20547,20440,21609,24309,25863,26781,27313,25235,24712,25163,25326,25986,26367,26959
"47900","Washington-Arlington-Alexandria, DC-VA-MD-WV (Metropolitan Statistical Area)"," ","200","Gross domestic product (GDP) by metropolitan area","90","...","Private services-providing industries",191648,201651,214912,233271,252963,266474,279281,291039,293052,305412,314477,321810,330052,337907
"47900","Washington-Arlington-Alexandria, DC-VA-MD-WV (Metropolitan Statistical Area)"," ","800","Quantity indexes for real GDP by metropolitan area","1","...","All industry total",80.308,82.419,85.643,90.191,94.364,96.242,97.920,100.067,100.000,103.186,104.624,104.861,104.847,105.127
"47900","Washington-Arlington-Alexandria, DC-VA-MD-WV (Metropolitan Statistical Area)"," ","800","Quantity indexes for real GDP by metropolitan area","2","..."," Private industries",79.082,81.300,85.151,90.577,95.427,97.483,99.296,101.164,100.000,103.494,105.163,105.491,105.994,106.383
"47900","Washington-Arlington-Alexandria, DC-VA-MD-WV (Metropolitan Statistical Area)"," ","800","Quantity indexes for real GDP by metropolitan area","3","11","  Agriculture, forestry, fishing, and hunting","(D)","(D)","(D)","(D)","(D)","(D)","(D)","(D)","(D)","(D)","(D)","(D)","(D)","(D)"
"47900","Washington-Arlington-Alexandria, DC-VA-MD-WV (Metropolitan Statistical Area)"," ","800","Quantity indexes for real GDP by metropolitan area","4","111-112","   Farms",81.360,98.030,72.773,77.817,78.315,80.389,60.191,66.370,100.000,94.325,80.488,94.242,79.233,"(NA)"
"47900","Washington-Arlington-Alexandria, DC-VA-MD-WV (Metropolitan Statistical Area)"," ","800","Quantity indexes for real GDP by metropolitan area","5","113-115","   Forestry, fishing, and related activities","(D)","(D)","(D)","(D)","(D)","(D)","(D)","(D)","(D)","(D)","(D)","(D)","(D)","(NA)"
"47900","Washington-Arlington-Alexandria, DC-VA-MD-WV (Metropolitan Statistical Area)"," ","800","Quantity indexes for real GDP by metropolitan area","6","21","  Mining","(D)","(D)","(D)","(D)","(D)","(D)","(D)","(D)","(D)","(D)","(D)","(D)","(D)","(D)"
"47900","Washington-Arlington-Alexandria, DC-VA-MD-WV (Metropolitan Statistical Area)"," ","800","Quantity indexes for real GDP by metropolitan area","7","211","   Oil and gas extraction","(D)","(D)","(D)","(D)","(D)","(D)","(D)","(D)","(D)","(D)","(D)","(D)","(D)","(NA)"
"47900","Washington-Arlington-Alexandria, DC-VA-MD-WV (Metropolitan Statistical Area)"," ","800","Quantity indexes for real GDP by metropolitan area","8","212","   Mining, except oil and gas","(D)","(D)","(D)","(D)","(D)","(D)","(D)","(D)","(D)","(D)","(D)","(D)","(D)","(NA)"
"47900","Washington-Arlington-Alexandria, DC-VA-MD-WV (Metropolitan Statistical Area)"," ","800","Quantity indexes for real GDP by metropolitan area","9","213","   Support activities for mining","(D)","(D)","(D)","(D)","(D)","(D)","(D)","(D)","(D)","(D)","(D)","(D)","(D)","(NA)"
"47900","Washington-Arlington-Alexandria, DC-VA-MD-WV (Metropolitan Statistical Area)"," ","800","Quantity indexes for real GDP by metropolitan area","10","22","  Utilities","(D)","(D)","(D)","(D)","(D)","(D)","(D)","(D)","(D)","(D)","(D)","(D)","(D)","(D)"
"47900","Washington-Arlington-Alexandria, DC-VA-MD-WV (Metropolitan Statistical Area)"," ","800","Quantity indexes for real GDP by metropolitan area","11","23","  Construction","(D)","(D)","(D)","(D)","(D)","(D)","(D)","(D)","(D)","(D)","(D)","(D)","(D)","(D)"
"47900","Washington-Arlington-Alexandria, DC-VA-MD-WV (Metropolitan Statistical Area)"," ","800","Quantity indexes for real GDP by metropolitan area","12","31-33","  Manufacturing","(D)","(D)","(D)","(D)","(D)","(D)","(D)","(D)","(D)","(D)","(D)","(D)","(D)","(D)"
"47900","Washington-Arlington-Alexandria, DC-VA-MD-WV (Metropolitan Statistical Area)"," ","800","Quantity indexes for real GDP by metropolitan area","13","...","   Durable goods manufacturing","(D)","(D)","(D)","(D)","(D)","(D)","(D)","(D)","(D)","(D)","(D)","(D)","(D)","(D)"
"47900","Washington-Arlington-Alexandria, DC-VA-MD-WV (Metropolitan Statistical Area)"," ","800","Quantity indexes for real GDP by metropolitan area","14","321","    Wood products manufacturing","(D)","(D)","(D)","(D)","(D)","(D)","(D)","(D)","(D)","(D)","(D)","(D)","(D)","(NA)"
"47900","Washington-Arlington-Alexandria, DC-VA-MD-WV (Metropolitan Statistical Area)"," ","800","Quantity indexes for real GDP by metropolitan area","15","327","    Nonmetallic mineral products manufacturing","(D)","(D)","(D)","(D)","(D)","(D)","(D)","(D)","(D)","(D)","(D)","(D)","(D)","(NA)"
"47900","Washington-Arlington-Alexandria, DC-VA-MD-WV (Metropolitan Statistical Area)"," ","800","Quantity indexes for real GDP by metropolitan area","16","331","    Primary metals manufacturing","(D)","(D)","(D)","(D)","(D)","(D)","(D)","(D)","(D)","(D)","(D)","(D)","(D)","(NA)"
"47900","Washington-Arlington-Alexandria, DC-VA-MD-WV (Metropolitan Statistical Area)"," ","800","Quantity indexes for real GDP by metropolitan area","17","332","    Fabricated metal products","(D)","(D)","(D)","(D)","(D)","(D)","(D)","(D)","(D)","(D)","(D)","(D)","(D)","(NA)"
"47900","Washington-Arlington-Alexandria, DC-VA-MD-WV (Metropolitan Statistical Area)"," ","800","Quantity indexes for real GDP by metropolitan area","18","333","    Machinery manufacturing","(D)","(D)","(D)","(D)","(D)","(D)","(D)","(D)","(D)","(D)","(D)","(D)","(D)","(NA)"
"47900","Washington-Arlington-Alexandria, DC-VA-MD-WV (Metropolitan Statistical Area)"," ","800","Quantity indexes for real GDP by metropolitan area","19","334","    Computer and electronic products manufacturing","(D)","(D)","(D)","(D)","(D)","(D)","(D)","(D)","(D)","(D)","(D)","(D)","(D)","(NA)"
"47900","Washington-Arlington-Alexandria, DC-VA-MD-WV (Metropolitan Statistical Area)"," ","800","Quantity indexes for real GDP by metropolitan area","20","335","    Electrical equipment, appliance, and components manufacturing","(D)","(D)","(D)","(D)","(D)","(D)","(D)","(D)","(D)","(D)","(D)","(D)","(D)","(NA)"
"47900","Washington-Arlington-Alexandria, DC-VA-MD-WV (Metropolitan Statistical Area)"," ","800","Quantity indexes for real GDP by metropolitan area","21","3361-3363","    Motor vehicles, bodies and trailers, and parts manufacturing","(D)","(D)","(D)","(D)","(D)","(D)","(D)","(D)","(D)","(D)","(D)","(D)","(D)","(NA)"
"47900","Washington-Arlington-Alexandria, DC-VA-MD-WV (Metropolitan Statistical Area)"," ","800","Quantity indexes for real GDP by metropolitan area","22","3364-3366, 3369","    Other transportation equipment manufacturing","(D)","(D)","(D)","(D)","(D)","(D)","(D)","(D)","(D)","(D)","(D)","(D)","(D)","(NA)"
"47900","Washington-Arlington-Alexandria, DC-VA-MD-WV (Metropolitan Statistical Area)"," ","800","Quantity indexes for real GDP by metropolitan area","23","337","    Furniture and related products manufacturing","(D)","(D)","(D)","(D)","(D)","(D)","(D)","(D)","(D)","(D)","(D)","(D)","(D)","(NA)"
"47900","Washington-Arlington-Alexandria, DC-VA-MD-WV (Metropolitan Statistical Area)"," ","800","Quantity indexes for real GDP by metropolitan area","24","339","    Miscellaneous manufacturing","(D)","(D)","(D)","(D)","(D)","(D)","(D)","(D)","(D)","(D)","(D)","(D)","(D)","(NA)"
"47900","Washington-Arlington-Alexandria, DC-VA-MD-WV (Metropolitan Statistical Area)"," ","800","Quantity indexes for real GDP by metropolitan area","25","...","   Nondurable goods manufacturing","(D)","(D)","(D)","(D)","(D)","(D)","(D)","(D)","(D)","(D)","(D)","(D)","(D)","(D)"
"47900","Washington-Arlington-Alexandria, DC-VA-MD-WV (Metropolitan Statistical Area)"," ","800","Quantity indexes for real GDP by metropolitan area","26","311-312","    Food and beverage and tobacco products manufacturing","(D)","(D)","(D)","(D)","(D)","(D)","(D)","(D)","(D)","(D)","(D)","(D)","(D)","(NA)"
"47900","Washington-Arlington-Alexandria, DC-VA-MD-WV (Metropolitan Statistical Area)"," ","800","Quantity indexes for real GDP by metropolitan area","27","313-314","    Textile mills and textile product mills","(D)","(D)","(D)","(D)","(D)","(D)","(D)","(D)","(D)","(D)","(D)","(D)","(D)","(NA)"
"47900","Washington-Arlington-Alexandria, DC-VA-MD-WV (Metropolitan Statistical Area)"," ","800","Quantity indexes for real GDP by metropolitan area","28","315-316","    Apparel and leather and allied products manufacturing","(D)","(D)","(D)","(D)","(D)","(D)","(D)","(D)","(D)","(D)","(D)","(D)","(D)","(NA)"
"47900","Washington-Arlington-Alexandria, DC-VA-MD-WV (Metropolitan Statistical Area)"," ","800","Quantity indexes for real GDP by metropolitan area","29","322","    Paper products manufacturing","(D)","(D)","(D)","(D)","(D)","(D)","(D)","(D)","(D)","(D)","(D)","(D)","(D)","(NA)"
"47900","Washington-Arlington-Alexandria, DC-VA-MD-WV (Metropolitan Statistical Area)"," ","800","Quantity indexes for real GDP by metropolitan area","30","323","    Printing and related support activities","(D)","(D)","(D)","(D)","(D)","(D)","(D)","(D)","(D)","(D)","(D)","(D)","(D)","(NA)"
"47900","Washington-Arlington-Alexandria, DC-VA-MD-WV (Metropolitan Statistical Area)"," ","800","Quantity indexes for real GDP by metropolitan area","31","324","    Petroleum and coal products manufacturing","(D)","(D)","(D)","(D)","(D)","(D)","(D)","(D)","(D)","(D)","(D)","(D)","(D)","(NA)"
"47900","Washington-Arlington-Alexandria, DC-VA-MD-WV (Metropolitan Statistical Area)"," ","800","Quantity indexes for real GDP by metropolitan area","32","325","    Chemical products manufacturing","(D)","(D)","(D)","(D)","(D)","(D)","(D)","(D)","(D)","(D)","(D)","(D)","(D)","(NA)"
"47900","Washington-Arlington-Alexandria, DC-VA-MD-WV (Metropolitan Statistical Area)"," ","800","Quantity indexes for real GDP by metropolitan area","33","326","    Plastics and rubber products manufacturing","(D)","(D)","(D)","(D)","(D)","(D)","(D)","(D)","(D)","(D)","(D)","(D)","(D)","(NA)"
"47900","Washington-Arlington-Alexandria, DC-VA-MD-WV (Metropolitan Statistical Area)"," ","800","Quantity indexes for real GDP by metropolitan area","34","42","  Wholesale trade","(D)","(D)","(D)","(D)","(D)","(D)","(D)","(D)","(D)","(D)","(D)","(D)","(D)","(D)"
"47900","Washington-Arlington-Alexandria, DC-VA-MD-WV (Metropolitan Statistical Area)"," ","800","Quantity indexes for real GDP by metropolitan area","35","44-45","  Retail trade","(D)","(D)","(D)","(D)","(D)","(D)","(D)","(D)","(D)","(D)","(D)","(D)","(D)","(D)"
"47900","Washington-Arlington-Alexandria, DC-VA-MD-WV (Metropolitan Statistical Area)"," ","800","Quantity indexes for real GDP by metropolitan area","36","48-49","  Transportation and warehousing","(D)","(D)","(D)","(D)","(D)","(D)","(D)","(D)","(D)","(D)","(D)","(D)","(D)","(D)"
"47900","Washington-Arlington-Alexandria, DC-VA-MD-WV (Metropolitan Statistical Area)"," ","800","Quantity indexes for real GDP by metropolitan area","37","481","   Air transportation","(D)","(D)","(D)","(D)","(D)","(D)","(D)","(D)","(D)","(D)","(D)","(D)","(D)","(NA)"
"47900","Washington-Arlington-Alexandria, DC-VA-MD-WV (Metropolitan Statistical Area)"," ","800","Quantity indexes for real GDP by metropolitan area","38","482","   Rail transportation","(D)","(D)","(D)",138.104,113.563,98.749,114.066,119.872,100.000,"(D)","(D)","(D)","(D)","(NA)"
"47900","Washington-Arlington-Alexandria, DC-VA-MD-WV (Metropolitan Statistical Area)"," ","800","Quantity indexes for real GDP by metropolitan area","39","483","   Water transportation","(D)","(D)","(D)","(D)","(D)","(D)","(D)","(D)","(D)","(D)","(D)","(D)","(D)","(NA)"
"47900","Washington-Arlington-Alexandria, DC-VA-MD-WV (Metropolitan Statistical Area)"," ","800","Quantity indexes for real GDP by metropolitan area","40","484","   Truck transportation","(D)","(D)","(D)","(D)","(D)","(D)","(D)","(D)","(D)","(D)","(D)","(D)","(D)","(NA)"
"47900","Washington-Arlington-Alexandria, DC-VA-MD-WV (Metropolitan Statistical Area)"," ","800","Quantity indexes for real GDP by metropolitan area","41","485","   Transit and ground passenger transportation","(D)","(D)","(D)","(D)","(D)","(D)","(D)","(D)","(D)","(D)","(D)","(D)","(D)","(NA)"
"47900","Washington-Arlington-Alexandria, DC-VA-MD-WV (Metropolitan Statistical Area)"," ","800","Quantity indexes for real GDP by metropolitan area","42","486","   Pipeline transportation","(D)","(D)","(D)","(D)","(D)","(D)","(D)","(D)","(D)","(D)","(D)","(D)","(D)","(NA)"
"47900","Washington-Arlington-Alexandria, DC-VA-MD-WV (Metropolitan Statistical Area)"," ","800","Quantity indexes for real GDP by metropolitan area","43","487-488, 492","   Other transportation and support activities","(D)","(D)","(D)","(D)","(D)","(D)","(D)","(D)","(D)","(D)","(D)","(D)","(D)","(NA)"
"47900","Washington-Arlington-Alexandria, DC-VA-MD-WV (Metropolitan Statistical Area)"," ","800","Quantity indexes for real GDP by metropolitan area","44","493","   Warehousing and storage","(D)","(D)","(D)","(D)","(D)","(D)","(D)","(D)","(D)","(D)","(D)","(D)","(D)","(NA)"
"47900","Washington-Arlington-Alexandria, DC-VA-MD-WV (Metropolitan Statistical Area)"," ","800","Quantity indexes for real GDP by metropolitan area","45","51","  Information","(D)","(D)","(D)","(D)","(D)","(D)","(D)","(D)","(D)","(D)","(D)","(D)","(D)","(D)"
"47900","Washington-Arlington-Alexandria, DC-VA-MD-WV (Metropolitan Statistical Area)"," ","800","Quantity indexes for real GDP by metropolitan area","46","511","   Publishing industries, except Internet (includes software)","(D)","(D)","(D)","(D)","(D)","(D)","(D)","(D)","(D)","(D)","(D)","(D)","(D)","(NA)"
"47900","Washington-Arlington-Alexandria, DC-VA-MD-WV (Metropolitan Statistical Area)"," ","800","Quantity indexes for real GDP by metropolitan area","47","512","   Motion picture and sound recording industries","(D)","(D)","(D)","(D)","(D)","(D)","(D)","(D)","(D)","(D)","(D)","(D)","(D)","(NA)"
"47900","Washington-Arlington-Alexandria, DC-VA-MD-WV (Metropolitan Statistical Area)"," ","800","Quantity indexes for real GDP by metropolitan area","48","515, 517","   Broadcasting and telecommunications","(D)","(D)","(D)","(D)","(D)","(D)","(D)","(D)","(D)","(D)","(D)","(D)","(D)","(NA)"
"47900","Washington-Arlington-Alexandria, DC-VA-MD-WV (Metropolitan Statistical Area)"," ","800","Quantity indexes for real GDP by metropolitan area","49","518, 519","   Data processing, internet publishing, and other information services","(D)","(D)","(D)","(D)","(D)","(D)","(D)","(D)","(D)","(D)","(D)","(D)","(D)","(NA)"
"47900","Washington-Arlington-Alexandria, DC-VA-MD-WV (Metropolitan Statistical Area)"," ","800","Quantity indexes for real GDP by metropolitan area","50","52, 53","  Finance, insurance, real estate, rental, and leasing","(D)","(D)","(D)","(D)","(D)","(D)","(D)","(D)","(D)","(D)","(D)","(D)","(D)","(D)"
"47900","Washington-Arlington-Alexandria, DC-VA-MD-WV (Metropolitan Statistical Area)"," ","800","Quantity indexes for real GDP by metropolitan area","51","52","   Finance and insurance","(D)","(D)","(D)","(D)","(D)","(D)","(D)","(D)","(D)","(D)","(D)","(D)","(D)","(D)"
"47900","Washington-Arlington-Alexandria, DC-VA-MD-WV (Metropolitan Statistical Area)"," ","800","Quantity indexes for real GDP by metropolitan area","52","521-522","    Federal Reserve banks, credit intermediation, and related services","(D)","(D)","(D)","(D)","(D)","(D)","(D)","(D)","(D)","(D)","(D)","(D)","(D)","(NA)"
"47900","Washington-Arlington-Alexandria, DC-VA-MD-WV (Metropolitan Statistical Area)"," ","800","Quantity indexes for real GDP by metropolitan area","53","523","    Securities, commodity contracts, and investments","(D)","(D)","(D)","(D)","(D)","(D)","(D)","(D)","(D)","(D)","(D)","(D)","(D)","(NA)"
"47900","Washington-Arlington-Alexandria, DC-VA-MD-WV (Metropolitan Statistical Area)"," ","800","Quantity indexes for real GDP by metropolitan area","54","524","    Insurance carriers and related activities","(D)","(D)","(D)","(D)","(D)","(D)","(D)","(D)","(D)","(D)","(D)","(D)","(D)","(NA)"
"47900","Washington-Arlington-Alexandria, DC-VA-MD-WV (Metropolitan Statistical Area)"," ","800","Quantity indexes for real GDP by metropolitan area","55","525","    Funds, trusts, and other financial vehicles","(D)","(D)","(D)","(D)","(D)","(D)","(D)","(D)","(D)","(D)","(D)","(D)","(D)","(NA)"
"47900","Washington-Arlington-Alexandria, DC-VA-MD-WV (Metropolitan Statistical Area)"," ","800","Quantity indexes for real GDP by metropolitan area","56","53","   Real estate and rental and leasing","(D)","(D)","(D)","(D)",93.795,94.895,"(D)",100.320,100.000,"(D)","(D)",109.197,109.045,"(D)"
"47900","Washington-Arlington-Alexandria, DC-VA-MD-WV (Metropolitan Statistical Area)"," ","800","Quantity indexes for real GDP by metropolitan area","57","531","    Real estate","(D)","(D)","(D)","(D)","(D)","(D)","(D)","(D)","(D)","(D)","(D)","(D)","(D)","(NA)"
"47900","Washington-Arlington-Alexandria, DC-VA-MD-WV (Metropolitan Statistical Area)"," ","800","Quantity indexes for real GDP by metropolitan area","58","532-533","    Rental and leasing services and lessors of intangible assets","(D)","(D)","(D)","(D)","(D)","(D)","(D)","(D)","(D)","(D)","(D)","(D)","(D)","(NA)"
"47900","Washington-Arlington-Alexandria, DC-VA-MD-WV (Metropolitan Statistical Area)"," ","800","Quantity indexes for real GDP by metropolitan area","59","54, 55, 56","  Professional and business services",66.344,69.434,73.956,81.042,85.718,89.712,93.440,99.573,100.000,104.201,107.641,109.021,107.306,108.179
"47900","Washington-Arlington-Alexandria, DC-VA-MD-WV (Metropolitan Statistical Area)"," ","800","Quantity indexes for real GDP by metropolitan area","60","54","   Professional, scientific, and technical services","(D)","(D)","(D)","(D)","(D)","(D)","(D)","(D)","(D)","(D)","(D)","(D)","(D)","(D)"
"47900","Washington-Arlington-Alexandria, DC-VA-MD-WV (Metropolitan Statistical Area)"," ","800","Quantity indexes for real GDP by metropolitan area","64","55","   Management of companies and enterprises","(D)","(D)","(D)","(D)","(D)","(D)","(D)","(D)","(D)","(D)","(D)","(D)","(D)","(D)"
"47900","Washington-Arlington-Alexandria, DC-VA-MD-WV (Metropolitan Statistical Area)"," ","800","Quantity indexes for real GDP by metropolitan area","65","56","   Administrative and waste management services","(D)","(D)","(D)","(D)","(D)","(D)","(D)","(D)","(D)","(D)","(D)","(D)","(D)","(D)"
"47900","Washington-Arlington-Alexandria, DC-VA-MD-WV (Metropolitan Statistical Area)"," ","800","Quantity indexes for real GDP by metropolitan area","66","561","    Administrative and support services","(D)","(D)","(D)","(D)","(D)","(D)","(D)","(D)","(D)","(D)","(D)","(D)","(D)","(NA)"
"47900","Washington-Arlington-Alexandria, DC-VA-MD-WV (Metropolitan Statistical Area)"," ","800","Quantity indexes for real GDP by metropolitan area","67","562","    Waste management and remediation services","(D)","(D)","(D)","(D)","(D)","(D)","(D)","(D)","(D)","(D)","(D)","(D)","(D)","(NA)"
"47900","Washington-Arlington-Alexandria, DC-VA-MD-WV (Metropolitan Statistical Area)"," ","800","Quantity indexes for real GDP by metropolitan area","68","61, 62","  Educational services, health care, and social assistance",76.750,79.980,82.255,85.464,86.638,89.727,91.596,96.597,100.000,100.251,101.654,102.045,103.142,104.225
"47900","Washington-Arlington-Alexandria, DC-VA-MD-WV (Metropolitan Statistical Area)"," ","800","Quantity indexes for real GDP by metropolitan area","69","61","   Educational services","(D)","(D)","(D)","(D)","(D)","(D)","(D)","(D)","(D)","(D)","(D)","(D)","(D)","(D)"
"47900","Washington-Arlington-Alexandria, DC-VA-MD-WV (Metropolitan Statistical Area)"," ","800","Quantity indexes for real GDP by metropolitan area","70","62","   Health care and social assistance","(D)","(D)","(D)","(D)","(D)","(D)","(D)","(D)","(D)","(D)","(D)","(D)","(D)","(D)"
"47900","Washington-Arlington-Alexandria, DC-VA-MD-WV (Metropolitan Statistical Area)"," ","800","Quantity indexes for real GDP by metropolitan area","71","621","    Ambulatory health care services","(D)","(D)","(D)","(D)","(D)","(D)","(D)","(D)","(D)","(D)","(D)","(D)","(D)","(NA)"
"47900","Washington-Arlington-Alexandria, DC-VA-MD-WV (Metropolitan Statistical Area)"," ","800","Quantity indexes for real GDP by metropolitan area","72","622-623","    Hospitals and nursing and residential care facilities","(D)","(D)","(D)","(D)","(D)","(D)","(D)","(D)","(D)","(D)","(D)","(D)","(D)","(NA)"
"47900","Washington-Arlington-Alexandria, DC-VA-MD-WV (Metropolitan Statistical Area)"," ","800","Quantity indexes for real GDP by metropolitan area","73","624","    Social assistance","(D)","(D)","(D)","(D)","(D)","(D)","(D)","(D)","(D)","(D)","(D)","(D)","(D)","(NA)"
"47900","Washington-Arlington-Alexandria, DC-VA-MD-WV (Metropolitan Statistical Area)"," ","800","Quantity indexes for real GDP by metropolitan area","74","71, 72","  Arts, entertainment, recreation, accommodation, and food services",98.124,99.400,104.701,"(D)",105.104,108.012,106.438,105.996,100.000,105.764,109.187,110.510,112.431,114.173
"47900","Washington-Arlington-Alexandria, DC-VA-MD-WV (Metropolitan Statistical Area)"," ","800","Quantity indexes for real GDP by metropolitan area","75","71","   Arts, entertainment, and recreation","(D)","(D)","(D)","(D)","(D)","(D)","(D)","(D)","(D)","(D)","(D)","(D)","(D)","(D)"
"47900","Washington-Arlington-Alexandria, DC-VA-MD-WV (Metropolitan Statistical Area)"," ","800","Quantity indexes for real GDP by metropolitan area","76","711-712","    Performing arts, spectator sports, museums, and related activities","(D)","(D)","(D)","(D)","(D)","(D)","(D)","(D)","(D)","(D)","(D)","(D)","(D)","(NA)"
"47900","Washington-Arlington-Alexandria, DC-VA-MD-WV (Metropolitan Statistical Area)"," ","800","Quantity indexes for real GDP by metropolitan area","77","713","    Amusements, gambling, and recreation industries","(D)","(D)","(D)","(D)","(D)","(D)","(D)","(D)","(D)","(D)","(D)","(D)","(D)","(NA)"
"47900","Washington-Arlington-Alexandria, DC-VA-MD-WV (Metropolitan Statistical Area)"," ","800","Quantity indexes for real GDP by metropolitan area","78","72","   Accommodation and food services","(D)","(D)","(D)","(D)","(D)","(D)","(D)","(D)","(D)","(D)","(D)","(D)","(D)","(D)"
"47900","Washington-Arlington-Alexandria, DC-VA-MD-WV (Metropolitan Statistical Area)"," ","800","Quantity indexes for real GDP by metropolitan area","79","721","    Accommodation","(D)","(D)","(D)","(D)","(D)","(D)","(D)","(D)","(D)","(D)","(D)","(D)","(D)","(NA)"
"47900","Washington-Arlington-Alexandria, DC-VA-MD-WV (Metropolitan Statistical Area)"," ","800","Quantity indexes for real GDP by metropolitan area","80","722","    Food services and drinking places","(D)","(D)","(D)","(D)","(D)","(D)","(D)","(D)","(D)","(D)","(D)","(D)","(D)","(NA)"
"47900","Washington-Arlington-Alexandria, DC-VA-MD-WV (Metropolitan Statistical Area)"," ","800","Quantity indexes for real GDP by metropolitan area","81","81","  Other services, except government",92.536,94.456,"(D)",98.585,100.009,100.612,102.070,103.278,100.000,99.818,100.943,102.747,103.320,104.663
"47900","Washington-Arlington-Alexandria, DC-VA-MD-WV (Metropolitan Statistical Area)"," ","800","Quantity indexes for real GDP by metropolitan area","82","92"," Government",84.871,86.584,87.548,89.025,90.879,92.155,93.380,96.454,100.000,102.183,102.888,102.835,101.157,101.085
"47900","Washington-Arlington-Alexandria, DC-VA-MD-WV (Metropolitan Statistical Area)"," ","800","Quantity indexes for real GDP by metropolitan area","83","...","  Federal civilian",83.006,84.311,85.270,87.106,88.525,91.132,92.470,95.778,100.000,104.472,105.656,105.722,102.919,"(NA)"
"47900","Washington-Arlington-Alexandria, DC-VA-MD-WV (Metropolitan Statistical Area)"," ","800","Quantity indexes for real GDP by metropolitan area","84","...","  Federal military",91.363,91.759,91.450,92.321,92.899,88.497,88.931,94.231,100.000,100.392,97.148,95.428,95.438,"(NA)"
"47900","Washington-Arlington-Alexandria, DC-VA-MD-WV (Metropolitan Statistical Area)"," ","800","Quantity indexes for real GDP by metropolitan area","85","...","  State and local",86.032,89.389,91.022,91.925,95.542,96.588,97.963,99.263,100.000,97.590,99.169,99.691,99.853,"(NA)"
"47900","Washington-Arlington-Alexandria, DC-VA-MD-WV (Metropolitan Statistical Area)"," ","800","Quantity indexes for real GDP by metropolitan area","86","11, 21","Natural resources and mining",154.032,126.430,112.192,118.507,113.526,127.537,117.855,105.415,100.000,114.493,92.379,93.488,"(D)","(D)"
"47900","Washington-Arlington-Alexandria, DC-VA-MD-WV (Metropolitan Statistical Area)"," ","800","Quantity indexes for real GDP by metropolitan area","87","42, 44-45","Trade","(D)","(D)","(D)","(D)","(D)",110.960,109.992,107.151,100.000,104.008,104.730,"(D)",107.124,106.911
"47900","Washington-Arlington-Alexandria, DC-VA-MD-WV (Metropolitan Statistical Area)"," ","800","Quantity indexes for real GDP by metropolitan area","88","...","Transportation and utilities",96.145,93.409,93.016,103.970,95.232,108.016,102.947,103.735,100.000,105.208,103.812,98.654,97.387,97.099
"47900","Washington-Arlington-Alexandria, DC-VA-MD-WV (Metropolitan Statistical Area)"," ","800","Quantity indexes for real GDP by metropolitan area","89","...","Private goods-producing industries",108.642,105.940,109.600,118.269,117.121,114.522,112.932,104.217,100.000,103.100,101.890,101.208,100.008,98.465
"47900","Washington-Arlington-Alexandria, DC-VA-MD-WV (Metropolitan Statistical Area)"," ","800","Quantity indexes for real GDP by metropolitan area","90","...","Private services-providing industries",76.667,79.254,83.111,88.277,93.601,96.043,98.145,100.908,100.000,103.527,105.436,105.847,106.495,107.051
"47900","Washington-Arlington-Alexandria, DC-VA-MD-WV (Metropolitan Statistical Area)"," ","900","Real GDP by metropolitan area","1","...","All industry total",332746,341497,354853,373696,390987,398768,405721,414619,414340,427539,433500,434480,434421,435583
"47900","Washington-Arlington-Alexandria, DC-VA-MD-WV (Metropolitan Statistical Area)"," ","900","Real GDP by metropolitan area","2","..."," Private industries",251293,258343,270579,287820,303232,309765,315528,321463,317764,328868,334171,335211,336811,338048
"47900","Washington-Arlington-Alexandria, DC-VA-MD-WV (Metropolitan Statistical Area)"," ","900","Real GDP by metropolitan area","3","11","  Agriculture, forestry, fishing, and hunting","(D)","(D)","(D)","(D)","(D)","(D)","(D)","(D)","(D)","(D)","(D)","(D)",170,158
"47900","Washington-Arlington-Alexandria, DC-VA-MD-WV (Metropolitan Statistical Area)"," ","900","Real GDP by metropolitan area","4","111-112","   Farms",106,128,95,101,102,105,78,86,130,123,105,123,103,"(NA)"
"47900","Washington-Arlington-Alexandria, DC-VA-MD-WV (Metropolitan Statistical Area)"," ","900","Real GDP by metropolitan area","5","113-115","   Forestry, fishing, and related activities","(D)","(D)","(D)","(D)","(D)","(D)","(D)","(D)","(D)","(D)","(D)","(D)",68,"(NA)"
"47900","Washington-Arlington-Alexandria, DC-VA-MD-WV (Metropolitan Statistical Area)"," ","900","Real GDP by metropolitan area","6","21","  Mining","(D)","(D)","(D)","(D)","(D)","(D)","(D)","(D)","(D)","(D)","(D)","(D)","(D)","(D)"
"47900","Washington-Arlington-Alexandria, DC-VA-MD-WV (Metropolitan Statistical Area)"," ","900","Real GDP by metropolitan area","7","211","   Oil and gas extraction","(D)","(D)","(D)","(D)","(D)",24,"(D)","(D)","(D)","(D)","(D)","(D)","(D)","(NA)"
"47900","Washington-Arlington-Alexandria, DC-VA-MD-WV (Metropolitan Statistical Area)"," ","900","Real GDP by metropolitan area","8","212","   Mining, except oil and gas","(D)","(D)","(D)","(D)","(D)","(D)","(D)","(D)","(D)","(D)","(D)","(D)","(D)","(NA)"
"47900","Washington-Arlington-Alexandria, DC-VA-MD-WV (Metropolitan Statistical Area)"," ","900","Real GDP by metropolitan area","9","213","   Support activities for mining","(D)","(D)","(D)","(D)","(D)","(D)","(D)","(D)","(D)","(D)","(D)","(D)",14,"(NA)"
"47900","Washington-Arlington-Alexandria, DC-VA-MD-WV (Metropolitan Statistical Area)"," ","900","Real GDP by metropolitan area","10","22","  Utilities","(D)","(D)","(D)","(D)","(D)","(D)","(D)","(D)","(D)","(D)","(D)","(D)","(D)","(D)"
"47900","Washington-Arlington-Alexandria, DC-VA-MD-WV (Metropolitan Statistical Area)"," ","900","Real GDP by metropolitan area","11","23","  Construction",19197,"(D)",19747,20753,"(D)","(D)","(D)","(D)","(D)","(D)","(D)","(D)","(D)","(D)"
"47900","Washington-Arlington-Alexandria, DC-VA-MD-WV (Metropolitan Statistical Area)"," ","900","Real GDP by metropolitan area","12","31-33","  Manufacturing","(D)","(D)","(D)","(D)","(D)","(D)","(D)",9255,"(D)","(D)","(D)","(D)",9360,9618
"47900","Washington-Arlington-Alexandria, DC-VA-MD-WV (Metropolitan Statistical Area)"," ","900","Real GDP by metropolitan area","13","...","   Durable goods manufacturing","(D)","(D)","(D)","(D)","(D)","(D)","(D)","(D)","(D)","(D)","(D)","(D)","(D)","(D)"
"47900","Washington-Arlington-Alexandria, DC-VA-MD-WV (Metropolitan Statistical Area)"," ","900","Real GDP by metropolitan area","14","321","    Wood products manufacturing","(D)","(D)","(D)","(D)","(D)","(D)","(D)","(D)","(D)","(D)","(D)","(D)","(D)","(NA)"
"47900","Washington-Arlington-Alexandria, DC-VA-MD-WV (Metropolitan Statistical Area)"," ","900","Real GDP by metropolitan area","15","327","    Nonmetallic mineral products manufacturing","(D)","(D)","(D)","(D)","(D)","(D)","(D)","(D)","(D)","(D)","(D)","(D)",323,"(NA)"
"47900","Washington-Arlington-Alexandria, DC-VA-MD-WV (Metropolitan Statistical Area)"," ","900","Real GDP by metropolitan area","16","331","    Primary metals manufacturing","(D)","(D)","(D)","(D)","(D)","(D)","(D)","(D)","(D)","(D)","(D)","(D)","(D)","(NA)"
"47900","Washington-Arlington-Alexandria, DC-VA-MD-WV (Metropolitan Statistical Area)"," ","900","Real GDP by metropolitan area","17","332","    Fabricated metal products","(D)","(D)","(D)","(D)","(D)","(D)","(D)","(D)","(D)","(D)","(D)","(D)",347,"(NA)"
"47900","Washington-Arlington-Alexandria, DC-VA-MD-WV (Metropolitan Statistical Area)"," ","900","Real GDP by metropolitan area","18","333","    Machinery manufacturing","(D)","(D)","(D)","(D)","(D)","(D)","(D)","(D)","(D)","(D)","(D)","(D)","(D)","(NA)"
"47900","Washington-Arlington-Alexandria, DC-VA-MD-WV (Metropolitan Statistical Area)"," ","900","Real GDP by metropolitan area","19","334","    Computer and electronic products manufacturing","(D)","(D)","(D)","(D)","(D)","(D)","(D)","(D)","(D)","(D)","(D)","(D)",2692,"(NA)"
"47900","Washington-Arlington-Alexandria, DC-VA-MD-WV (Metropolitan Statistical Area)"," ","900","Real GDP by metropolitan area","20","335","    Electrical equipment, appliance, and components manufacturing","(D)","(D)","(D)","(D)","(D)","(D)","(D)","(D)","(D)","(D)","(D)","(D)","(D)","(NA)"
"47900","Washington-Arlington-Alexandria, DC-VA-MD-WV (Metropolitan Statistical Area)"," ","900","Real GDP by metropolitan area","21","3361-3363","    Motor vehicles, bodies and trailers, and parts manufacturing","(D)","(D)","(D)","(D)","(D)","(D)","(D)","(D)","(D)","(D)","(D)","(D)","(D)","(NA)"
"47900","Washington-Arlington-Alexandria, DC-VA-MD-WV (Metropolitan Statistical Area)"," ","900","Real GDP by metropolitan area","22","3364-3366, 3369","    Other transportation equipment manufacturing","(D)","(D)","(D)","(D)","(D)","(D)","(D)","(D)","(D)","(D)","(D)","(D)","(D)","(NA)"
"47900","Washington-Arlington-Alexandria, DC-VA-MD-WV (Metropolitan Statistical Area)"," ","900","Real GDP by metropolitan area","23","337","    Furniture and related products manufacturing","(D)","(D)","(D)","(D)","(D)","(D)","(D)","(D)","(D)","(D)","(D)","(D)","(D)","(NA)"
"47900","Washington-Arlington-Alexandria, DC-VA-MD-WV (Metropolitan Statistical Area)"," ","900","Real GDP by metropolitan area","24","339","    Miscellaneous manufacturing","(D)","(D)","(D)","(D)","(D)","(D)","(D)","(D)","(D)","(D)","(D)","(D)","(D)","(NA)"
"47900","Washington-Arlington-Alexandria, DC-VA-MD-WV (Metropolitan Statistical Area)"," ","900","Real GDP by metropolitan area","25","...","   Nondurable goods manufacturing","(D)","(D)","(D)","(D)","(D)","(D)","(D)","(D)","(D)","(D)","(D)","(D)","(D)","(D)"
"47900","Washington-Arlington-Alexandria, DC-VA-MD-WV (Metropolitan Statistical Area)"," ","900","Real GDP by metropolitan area","26","311-312","    Food and beverage and tobacco products manufacturing","(D)","(D)","(D)","(D)","(D)","(D)","(D)","(D)","(D)","(D)","(D)","(D)","(D)","(NA)"
"47900","Washington-Arlington-Alexandria, DC-VA-MD-WV (Metropolitan Statistical Area)"," ","900","Real GDP by metropolitan area","27","313-314","    Textile mills and textile product mills","(D)","(D)","(D)","(D)","(D)","(D)","(D)","(D)","(D)","(D)","(D)","(D)",44,"(NA)"
"47900","Washington-Arlington-Alexandria, DC-VA-MD-WV (Metropolitan Statistical Area)"," ","900","Real GDP by metropolitan area","28","315-316","    Apparel and leather and allied products manufacturing","(D)","(D)","(D)","(D)","(D)","(D)","(D)","(D)","(D)","(D)","(D)","(D)","(D)","(NA)"
"47900","Washington-Arlington-Alexandria, DC-VA-MD-WV (Metropolitan Statistical Area)"," ","900","Real GDP by metropolitan area","29","322","    Paper products manufacturing","(D)","(D)","(D)","(D)","(D)","(D)","(D)","(D)","(D)","(D)","(D)","(D)","(D)","(NA)"
"47900","Washington-Arlington-Alexandria, DC-VA-MD-WV (Metropolitan Statistical Area)"," ","900","Real GDP by metropolitan area","30","323","    Printing and related support activities","(D)","(D)","(D)","(D)","(D)","(D)","(D)","(D)","(D)","(D)","(D)","(D)",583,"(NA)"
"47900","Washington-Arlington-Alexandria, DC-VA-MD-WV (Metropolitan Statistical Area)"," ","900","Real GDP by metropolitan area","31","324","    Petroleum and coal products manufacturing","(D)","(D)","(D)","(D)","(D)","(D)","(D)","(D)","(D)","(D)","(D)","(D)",163,"(NA)"
"47900","Washington-Arlington-Alexandria, DC-VA-MD-WV (Metropolitan Statistical Area)"," ","900","Real GDP by metropolitan area","32","325","    Chemical products manufacturing","(D)","(D)","(D)","(D)","(D)","(D)","(D)","(D)","(D)","(D)","(D)","(D)",2403,"(NA)"
"47900","Washington-Arlington-Alexandria, DC-VA-MD-WV (Metropolitan Statistical Area)"," ","900","Real GDP by metropolitan area","33","326","    Plastics and rubber products manufacturing","(D)","(D)","(D)","(D)","(D)","(D)","(D)","(D)","(D)","(D)","(D)","(D)","(D)","(NA)"
"47900","Washington-Arlington-Alexandria, DC-VA-MD-WV (Metropolitan Statistical Area)"," ","900","Real GDP by metropolitan area","34","42","  Wholesale trade","(D)","(D)","(D)","(D)","(D)","(D)","(D)","(D)","(D)","(D)","(D)","(D)",12522,12141
"47900","Washington-Arlington-Alexandria, DC-VA-MD-WV (Metropolitan Statistical Area)"," ","900","Real GDP by metropolitan area","35","44-45","  Retail trade",14291,15060,16140,16401,17135,"(D)","(D)","(D)","(D)","(D)","(D)",16408,16859,17189
"47900","Washington-Arlington-Alexandria, DC-VA-MD-WV (Metropolitan Statistical Area)"," ","900","Real GDP by metropolitan area","36","48-49","  Transportation and warehousing","(D)","(D)","(D)","(D)","(D)","(D)","(D)","(D)","(D)","(D)","(D)","(D)","(D)","(D)"
"47900","Washington-Arlington-Alexandria, DC-VA-MD-WV (Metropolitan Statistical Area)"," ","900","Real GDP by metropolitan area","37","481","   Air transportation","(D)","(D)","(D)","(D)","(D)","(D)","(D)","(D)","(D)","(D)","(D)","(D)",1605,"(NA)"
"47900","Washington-Arlington-Alexandria, DC-VA-MD-WV (Metropolitan Statistical Area)"," ","900","Real GDP by metropolitan area","38","482","   Rail transportation","(D)","(D)","(D)",257,211,183,212,223,186,"(D)","(D)","(D)","(D)","(NA)"
"47900","Washington-Arlington-Alexandria, DC-VA-MD-WV (Metropolitan Statistical Area)"," ","900","Real GDP by metropolitan area","39","483","   Water transportation","(D)","(D)","(D)","(D)","(D)","(D)","(D)","(D)","(D)","(D)","(D)","(D)","(D)","(NA)"
"47900","Washington-Arlington-Alexandria, DC-VA-MD-WV (Metropolitan Statistical Area)"," ","900","Real GDP by metropolitan area","40","484","   Truck transportation","(D)","(D)","(D)","(D)","(D)","(D)","(D)","(D)","(D)","(D)","(D)","(D)",877,"(NA)"
"47900","Washington-Arlington-Alexandria, DC-VA-MD-WV (Metropolitan Statistical Area)"," ","900","Real GDP by metropolitan area","41","485","   Transit and ground passenger transportation","(D)","(D)","(D)","(D)","(D)","(D)","(D)","(D)","(D)","(D)","(D)","(D)",675,"(NA)"
"47900","Washington-Arlington-Alexandria, DC-VA-MD-WV (Metropolitan Statistical Area)"," ","900","Real GDP by metropolitan area","42","486","   Pipeline transportation","(D)","(D)","(D)","(D)","(D)","(D)","(D)","(D)","(D)","(D)","(D)","(D)","(D)","(NA)"
"47900","Washington-Arlington-Alexandria, DC-VA-MD-WV (Metropolitan Statistical Area)"," ","900","Real GDP by metropolitan area","43","487-488, 492","   Other transportation and support activities","(D)","(D)","(D)","(D)","(D)","(D)","(D)","(D)","(D)","(D)","(D)","(D)",1319,"(NA)"
"47900","Washington-Arlington-Alexandria, DC-VA-MD-WV (Metropolitan Statistical Area)"," ","900","Real GDP by metropolitan area","44","493","   Warehousing and storage","(D)","(D)","(D)","(D)","(D)","(D)","(D)","(D)","(D)","(D)","(D)","(D)","(D)","(NA)"
"47900","Washington-Arlington-Alexandria, DC-VA-MD-WV (Metropolitan Statistical Area)"," ","900","Real GDP by metropolitan area","45","51","  Information","(D)","(D)","(D)","(D)","(D)","(D)","(D)","(D)","(D)",28772,"(D)","(D)",27324,28151
"47900","Washington-Arlington-Alexandria, DC-VA-MD-WV (Metropolitan Statistical Area)"," ","900","Real GDP by metropolitan area","46","511","   Publishing industries, except Internet (includes software)","(D)","(D)","(D)","(D)","(D)","(D)","(D)","(D)","(D)","(D)","(D)","(D)",5804,"(NA)"
"47900","Washington-Arlington-Alexandria, DC-VA-MD-WV (Metropolitan Statistical Area)"," ","900","Real GDP by metropolitan area","47","512","   Motion picture and sound recording industries","(D)","(D)","(D)","(D)","(D)","(D)","(D)","(D)","(D)","(D)","(D)","(D)",1159,"(NA)"
"47900","Washington-Arlington-Alexandria, DC-VA-MD-WV (Metropolitan Statistical Area)"," ","900","Real GDP by metropolitan area","48","515, 517","   Broadcasting and telecommunications","(D)","(D)","(D)","(D)","(D)","(D)","(D)","(D)","(D)","(D)","(D)","(D)","(D)","(NA)"
"47900","Washington-Arlington-Alexandria, DC-VA-MD-WV (Metropolitan Statistical Area)"," ","900","Real GDP by metropolitan area","49","518, 519","   Data processing, internet publishing, and other information services","(D)","(D)","(D)","(D)","(D)","(D)","(D)","(D)","(D)","(D)","(D)","(D)","(D)","(NA)"
"47900","Washington-Arlington-Alexandria, DC-VA-MD-WV (Metropolitan Statistical Area)"," ","900","Real GDP by metropolitan area","50","52, 53","  Finance, insurance, real estate, rental, and leasing",60669,63119,66936,68690,77050,"(D)",80373,"(D)","(D)",84208,86383,"(D)",89288,88735
"47900","Washington-Arlington-Alexandria, DC-VA-MD-WV (Metropolitan Statistical Area)"," ","900","Real GDP by metropolitan area","51","52","   Finance and insurance","(D)","(D)","(D)","(D)",15809,"(D)","(D)","(D)","(D)","(D)","(D)","(D)",18195,"(D)"
"47900","Washington-Arlington-Alexandria, DC-VA-MD-WV (Metropolitan Statistical Area)"," ","900","Real GDP by metropolitan area","52","521-522","    Federal Reserve banks, credit intermediation, and related services","(D)","(D)","(D)","(D)","(D)","(D)","(D)","(D)","(D)","(D)","(D)","(D)","(D)","(NA)"
"47900","Washington-Arlington-Alexandria, DC-VA-MD-WV (Metropolitan Statistical Area)"," ","900","Real GDP by metropolitan area","53","523","    Securities, commodity contracts, and investments","(D)","(D)","(D)","(D)","(D)","(D)","(D)","(D)","(D)","(D)","(D)","(D)","(D)","(NA)"
"47900","Washington-Arlington-Alexandria, DC-VA-MD-WV (Metropolitan Statistical Area)"," ","900","Real GDP by metropolitan area","54","524","    Insurance carriers and related activities","(D)","(D)","(D)","(D)","(D)","(D)","(D)","(D)","(D)","(D)","(D)","(D)",5419,"(NA)"
"47900","Washington-Arlington-Alexandria, DC-VA-MD-WV (Metropolitan Statistical Area)"," ","900","Real GDP by metropolitan area","55","525","    Funds, trusts, and other financial vehicles","(D)","(D)","(D)","(D)","(D)","(D)","(D)","(D)","(D)","(D)","(D)","(D)","(D)","(NA)"
"47900","Washington-Arlington-Alexandria, DC-VA-MD-WV (Metropolitan Statistical Area)"," ","900","Real GDP by metropolitan area","56","53","   Real estate and rental and leasing","(D)","(D)","(D)","(D)",61073,61789,"(D)",65322,65113,"(D)","(D)",71102,71003,"(D)"
"47900","Washington-Arlington-Alexandria, DC-VA-MD-WV (Metropolitan Statistical Area)"," ","900","Real GDP by metropolitan area","57","531","    Real estate","(D)","(D)","(D)","(D)","(D)","(D)","(D)","(D)","(D)","(D)","(D)","(D)",67445,"(NA)"
"47900","Washington-Arlington-Alexandria, DC-VA-MD-WV (Metropolitan Statistical Area)"," ","900","Real GDP by metropolitan area","58","532-533","    Rental and leasing services and lessors of intangible assets","(D)","(D)","(D)","(D)","(D)","(D)","(D)","(D)","(D)","(D)","(D)","(D)",3562,"(NA)"
"47900","Washington-Arlington-Alexandria, DC-VA-MD-WV (Metropolitan Statistical Area)"," ","900","Real GDP by metropolitan area","59","54, 55, 56","  Professional and business services",62303,65205,69451,76106,80497,84248,87749,93508,93909,97855,101085,102381,100770,101590
"47900","Washington-Arlington-Alexandria, DC-VA-MD-WV (Metropolitan Statistical Area)"," ","900","Real GDP by metropolitan area","60","54","   Professional, scientific, and technical services","(D)",51117,"(D)",59245,"(D)","(D)","(D)","(D)","(D)","(D)","(D)","(D)","(D)","(D)"
"47900","Washington-Arlington-Alexandria, DC-VA-MD-WV (Metropolitan Statistical Area)"," ","900","Real GDP by metropolitan area","64","55","   Management of companies and enterprises","(D)","(D)","(D)","(D)","(D)","(D)","(D)","(D)","(D)","(D)","(D)","(D)","(D)","(D)"
"47900","Washington-Arlington-Alexandria, DC-VA-MD-WV (Metropolitan Statistical Area)"," ","900","Real GDP by metropolitan area","65","56","   Administrative and waste management services","(D)","(D)","(D)","(D)","(D)","(D)","(D)","(D)","(D)","(D)","(D)","(D)",14174,14494
"47900","Washington-Arlington-Alexandria, DC-VA-MD-WV (Metropolitan Statistical Area)"," ","900","Real GDP by metropolitan area","66","561","    Administrative and support services","(D)","(D)","(D)","(D)","(D)","(D)","(D)","(D)","(D)","(D)","(D)","(D)",13595,"(NA)"
"47900","Washington-Arlington-Alexandria, DC-VA-MD-WV (Metropolitan Statistical Area)"," ","900","Real GDP by metropolitan area","67","562","    Waste management and remediation services","(D)","(D)","(D)","(D)","(D)","(D)","(D)","(D)","(D)","(D)","(D)","(D)",587,"(NA)"
"47900","Washington-Arlington-Alexandria, DC-VA-MD-WV (Metropolitan Statistical Area)"," ","900","Real GDP by metropolitan area","68","61, 62","  Educational services, health care, and social assistance",19387,20203,20777,21588,21885,22665,23137,24400,25260,25323,25677,25776,26053,26327
"47900","Washington-Arlington-Alexandria, DC-VA-MD-WV (Metropolitan Statistical Area)"," ","900","Real GDP by metropolitan area","69","61","   Educational services","(D)","(D)","(D)","(D)","(D)","(D)","(D)","(D)","(D)","(D)","(D)","(D)",5732,5599
"47900","Washington-Arlington-Alexandria, DC-VA-MD-WV (Metropolitan Statistical Area)"," ","900","Real GDP by metropolitan area","70","62","   Health care and social assistance","(D)","(D)","(D)","(D)","(D)","(D)","(D)","(D)","(D)","(D)","(D)","(D)",20326,20745
"47900","Washington-Arlington-Alexandria, DC-VA-MD-WV (Metropolitan Statistical Area)"," ","900","Real GDP by metropolitan area","71","621","    Ambulatory health care services","(D)","(D)","(D)","(D)","(D)","(D)","(D)","(D)","(D)","(D)","(D)","(D)","(D)","(NA)"
"47900","Washington-Arlington-Alexandria, DC-VA-MD-WV (Metropolitan Statistical Area)"," ","900","Real GDP by metropolitan area","72","622-623","    Hospitals and nursing and residential care facilities","(D)","(D)","(D)","(D)","(D)","(D)","(D)","(D)","(D)","(D)","(D)","(D)","(D)","(NA)"
"47900","Washington-Arlington-Alexandria, DC-VA-MD-WV (Metropolitan Statistical Area)"," ","900","Real GDP by metropolitan area","73","624","    Social assistance","(D)","(D)","(D)","(D)","(D)","(D)","(D)","(D)","(D)","(D)","(D)","(D)","(D)","(NA)"
"47900","Washington-Arlington-Alexandria, DC-VA-MD-WV (Metropolitan Statistical Area)"," ","900","Real GDP by metropolitan area","74","71, 72","  Arts, entertainment, recreation, accommodation, and food services",12120,12277,12932,"(D)",12982,13341,13147,13092,12351,13063,13486,13650,13887,14102
"47900","Washington-Arlington-Alexandria, DC-VA-MD-WV (Metropolitan Statistical Area)"," ","900","Real GDP by metropolitan area","75","71","   Arts, entertainment, and recreation","(D)","(D)","(D)","(D)","(D)",2573,2557,2617,"(D)","(D)","(D)","(D)","(D)","(D)"
"47900","Washington-Arlington-Alexandria, DC-VA-MD-WV (Metropolitan Statistical Area)"," ","900","Real GDP by metropolitan area","76","711-712","    Performing arts, spectator sports, museums, and related activities","(D)","(D)","(D)","(D)","(D)","(D)","(D)","(D)","(D)","(D)","(D)","(D)",1565,"(NA)"
"47900","Washington-Arlington-Alexandria, DC-VA-MD-WV (Metropolitan Statistical Area)"," ","900","Real GDP by metropolitan area","77","713","    Amusements, gambling, and recreation industries","(D)","(D)","(D)","(D)","(D)","(D)","(D)","(D)","(D)","(D)","(D)","(D)","(D)","(NA)"
"47900","Washington-Arlington-Alexandria, DC-VA-MD-WV (Metropolitan Statistical Area)"," ","900","Real GDP by metropolitan area","78","72","   Accommodation and food services","(D)","(D)","(D)",10469,"(D)",10772,10593,10476,"(D)","(D)","(D)","(D)","(D)","(D)"
"47900","Washington-Arlington-Alexandria, DC-VA-MD-WV (Metropolitan Statistical Area)"," ","900","Real GDP by metropolitan area","79","721","    Accommodation","(D)","(D)","(D)",3448,"(D)",3521,"(D)","(D)","(D)","(D)","(D)","(D)",3803,"(NA)"
"47900","Washington-Arlington-Alexandria, DC-VA-MD-WV (Metropolitan Statistical Area)"," ","900","Real GDP by metropolitan area","80","722","    Food services and drinking places","(D)","(D)","(D)",7019,7124,7252,"(D)","(D)","(D)","(D)","(D)","(D)","(D)","(NA)"
"47900","Washington-Arlington-Alexandria, DC-VA-MD-WV (Metropolitan Statistical Area)"," ","900","Real GDP by metropolitan area","81","81","  Other services, except government",13250,13525,"(D)",14116,14320,14406,14615,14788,14319,14293,14454,14712,14794,14986
"47900","Washington-Arlington-Alexandria, DC-VA-MD-WV (Metropolitan Statistical Area)"," ","900","Real GDP by metropolitan area","82","92"," Government",81965,83619,84550,85977,87768,89000,90182,93152,96576,98685,99365,99314,97694,97624
"47900","Washington-Arlington-Alexandria, DC-VA-MD-WV (Metropolitan Statistical Area)"," ","900","Real GDP by metropolitan area","83","...","  Federal civilian",49107,49879,50446,51532,52372,53914,54706,56663,59161,61806,62507,62546,60887,"(NA)"
"47900","Washington-Arlington-Alexandria, DC-VA-MD-WV (Metropolitan Statistical Area)"," ","900","Real GDP by metropolitan area","84","...","  Federal military",11663,11713,11674,11785,11859,11297,11352,12029,12765,12815,12401,12182,12183,"(NA)"
"47900","Washington-Arlington-Alexandria, DC-VA-MD-WV (Metropolitan Statistical Area)"," ","900","Real GDP by metropolitan area","85","...","  State and local",21207,22034,22437,22659,23551,23809,24148,24468,24650,24056,24445,24574,24614,"(NA)"
"47900","Washington-Arlington-Alexandria, DC-VA-MD-WV (Metropolitan Statistical Area)"," ","900","Real GDP by metropolitan area","86","11, 21","Natural resources and mining",720,591,524,554,531,596,551,493,467,535,432,437,"(D)","(D)"
"47900","Washington-Arlington-Alexandria, DC-VA-MD-WV (Metropolitan Statistical Area)"," ","900","Real GDP by metropolitan area","87","42, 44-45","Trade","(D)","(D)","(D)","(D)","(D)",30424,30158,29380,27419,28518,28716,"(D)",29372,29314
"47900","Washington-Arlington-Alexandria, DC-VA-MD-WV (Metropolitan Statistical Area)"," ","900","Real GDP by metropolitan area","88","...","Transportation and utilities",10391,10095,10053,11237,10292,11674,11126,11211,10808,11370,11220,10662,10525,10494
"47900","Washington-Arlington-Alexandria, DC-VA-MD-WV (Metropolitan Statistical Area)"," ","900","Real GDP by metropolitan area","89","...","Private goods-producing industries",26848,26180,27084,29227,28943,28301,27908,25754,24712,25478,25179,25011,24714,24333
"47900","Washington-Arlington-Alexandria, DC-VA-MD-WV (Metropolitan Statistical Area)"," ","900","Real GDP by metropolitan area","90","...","Private services-providing industries",224675,232255,243558,258697,274298,281456,287616,295712,293052,303389,308981,310188,312086,313714
"47900","Washington-Arlington-Alexandria, DC-VA-MD-WV (Metropolitan Statistical Area)"," ","1000","Per capita real GDP by metropolitan area","1","...","All industry total",66946,67545,69245,71866,74141,74972,75512,76145,74684,75473,75110,74111,73014,72191
"Note: See the included footnote file."
NAICS Industry detail is based on the 2007 North American Industry Classification System (NAICS).
"Source: U.S. Department of Commerce / Bureau of Economic Analysis / Regional Product Division"
